CASE_ID,ACCIDENT_YEAR,PROC_DATE,JURIS,COLLISION_DATE,COLLISION_TIME,OFFICER_ID,REPORTING_DISTRICT,DAY_OF_WEEK,CHP_SHIFT,POPULATION,CNTY_CITY_LOC,SPECIAL_COND,BEAT_TYPE,CHP_BEAT_TYPE,CITY_DIVISION_LAPD,CHP_BEAT_CLASS,BEAT_NUMBER,PRIMARY_RD,SECONDARY_RD,DISTANCE,DIRECTION,INTERSECTION,WEATHER_1,WEATHER_2,STATE_HWY_IND,CALTRANS_COUNTY,CALTRANS_DISTRICT,STATE_ROUTE,ROUTE_SUFFIX,POSTMILE_PREFIX,POSTMILE,LOCATION_TYPE,RAMP_INTERSECTION,SIDE_OF_HWY,TOW_AWAY,COLLISION_SEVERITY,NUMBER_KILLED,NUMBER_INJURED,PARTY_COUNT,PRIMARY_COLL_FACTOR,PCF_CODE_OF_VIOL,PCF_VIOL_CATEGORY,PCF_VIOLATION,PCF_VIOL_SUBSECTION,HIT_AND_RUN,TYPE_OF_COLLISION,MVIW,PED_ACTION,ROAD_SURFACE,ROAD_COND_1,ROAD_COND_2,LIGHTING,CONTROL_DEVICE,CHP_ROAD_TYPE,PEDESTRIAN_ACCIDENT,BICYCLE_ACCIDENT,MOTORCYCLE_ACCIDENT,TRUCK_ACCIDENT,NOT_PRIVATE_PROPERTY,ALCOHOL_INVOLVED,STWD_VEHTYPE_AT_FAULT,CHP_VEHTYPE_AT_FAULT,COUNT_SEVERE_INJ,COUNT_VISIBLE_INJ,COUNT_COMPLAINT_PAIN,COUNT_PED_KILLED,COUNT_PED_INJURED,COUNT_BICYCLIST_KILLED,COUNT_BICYCLIST_INJURED,COUNT_MC_KILLED,COUNT_MC_INJURED,PRIMARY_RAMP,SECONDARY_RAMP,LATITUDE,LONGITUDE,COUNTY,CITY,POINT_X,POINT_Y
5501982,2012,2013-10-08,9645,2012-01-23,2100,19344,,1,2,7,3711,0,1,1,,2,021,"RT 15","RT 94",1000.00,S,N,B,-,Y,SD,11,15,-,-,2.010,H,-,N,Y,4,0,1,2,A,-,"- ",,,N,C,C,A,B,H,-,C,D,1,,,,,Y,Y,A,08,0,0,1,0,0,0,0,0,0,"- ","- ",32.712299999999999,-117.10105,"SAN DIEGO","SAN DIEGO",-117.11796104,32.71368983
5502328,2012,2013-07-10,3711,2012-02-02,1759,5899,,4,5,7,3711,0,0,0,,0,813,"EL CAJON BL","ILLINOIS ST",40.00,W,N,A,-,N,,,,,,,,,,Y,4,0,1,3,A,-,08,22107,,N,C,E,A,-,H,-,A,D,0,,,,,Y,Y,-,"- ",0,0,1,0,0,0,0,0,0,"- ","- ",,,"SAN DIEGO","SAN DIEGO",-117.12787156,32.755396189999999
5502343,2012,2013-07-10,3711,2012-02-05,0132,6034,,7,5,7,3711,0,0,0,,0,627,"UNIVERSITY AV","5TH AV",65.00,W,N,-,-,N,,,,,,,,,,Y,4,0,2,2,A,-,03,22350,,N,C,C,A,-,-,-,-,A,0,,,,,Y,Y,A,01,0,0,2,0,0,0,0,0,0,"- ","- ",,,"SAN DIEGO","SAN DIEGO",-117.16067255,32.748260469999998
5502387,2012,2013-07-10,3711,2012-02-04,0325,6839,,6,5,7,3711,0,0,0,,0,2YZ,"BLACK MOUNTAIN RD","LONG RIDGE WY",0.00,,Y,A,-,N,,,,,,,,,,Y,3,0,1,1,A,-,08,22107,,N,B,I,A,A,H,-,C,D,0,,,,,Y,Y,-,"- ",0,1,0,0,0,0,0,0,0,"- ","- ",,,"SAN DIEGO","SAN DIEGO",-117.12513190999999,32.922324840000002
5503167,2012,2013-10-10,9650,2012-01-29,2035,17723,,7,2,9,3700,0,1,1,,2,003,"RT 5","ALISO CREEK REST AREA",1.00,S,N,A,-,Y,SD,11,5,-,R,58.440,H,-,N,Y,3,0,4,2,A,-,01,23152,A,N,C,C,A,A,H,-,D,D,1,,,,,Y,Y,A,07,0,1,3,0,0,0,0,0,0,"- ","- ",33.256599999999999,-117.42565999999999,"SAN DIEGO",UNINCORPORATED,-117.42588555,33.257531299999997
5503879,2012,2013-10-10,9645,2012-01-28,0210,16474,SANDI,6,3,7,3711,0,1,1,,2,010,"RT 8","RT 15",270.00,E,N,A,-,Y,SD,11,8,-,-,5.881,R,2,E,Y,3,0,1,1,A,-,01,23152,A,N,E,I,A,A,H,-,C,A,1,,,,,Y,Y,A,01,0,1,0,0,0,0,0,0,0,"- ","- ",32.778019999999998,-117.11006999999999,"SAN DIEGO","SAN DIEGO",-117.10879696000001,32.778565800000003
5503911,2012,2013-10-07,9645,2012-01-29,0040,19445,,7,3,7,3711,0,1,1,,2,010,"RT 8","COLLEGE AV",2600.00,W,N,A,-,Y,SD,11,8,-,-,7.850,H,-,W,Y,2,0,1,1,A,-,01,23152,A,N,E,I,A,A,H,-,C,D,1,,,,,Y,Y,A,01,1,0,0,0,0,0,0,0,0,"- ","- ",32.779640000000001,-117.07470000000001,"SAN DIEGO","SAN DIEGO",-117.0750797,32.779529359999998
5504275,2012,2013-09-12,9650,2012-01-21,0220,018296,,6,3,6,3710,0,1,1,,2,005,"RT 5","CALIFORNIA ST",10.00,N,N,B,-,Y,SD,11,5,-,R,51.850,H,-,S,Y,4,0,1,2,A,-,01,23152,A,N,C,C,A,A,H,-,C,D,1,,,,,Y,Y,A,01,0,0,1,0,0,0,0,0,0,"- ","- ",33.18468,-117.35795,"SAN DIEGO",OCEANSIDE,-117.35763083000001,33.184466639999997
5504303,2012,2013-10-22,9650,2012-01-25,0240,18208,,3,3,6,3706,0,1,1,,2,021,"RT 15","EL NORTE PKWY",5280.00,N,N,A,-,Y,SD,11,15,-,R,34.020,H,-,S,Y,4,0,1,1,A,-,08,22107,,N,F,A,A,A,H,-,D,D,1,,,,,Y,Y,D,22,0,0,1,0,0,0,0,0,0,"- ","- ",33.161050000000003,-117.10553,"SAN DIEGO",ESCONDIDO,-117.10721138,33.16469197
5504398,2012,2013-07-15,3706,2012-02-09,1930,0275,ESPD,4,5,6,3706,0,0,0,,0,041,"COUNTRY CLUB LN","RANCHWOOD GLEN",25.00,E,N,A,-,N,,,,,,,,,,Y,2,0,3,3,A,-,01,23153,A,N,E,I,A,A,H,-,C,D,0,,,,,Y,Y,D,22,1,2,0,0,0,0,0,0,0,"- ","- ",,,"SAN DIEGO",ESCONDIDO,-117.09653914,33.159400320000003
5504597,2012,2013-06-29,3711,2012-02-15,2156,5046,,3,5,7,3711,0,0,0,,0,313,"CONVOY ST","RONSON RD",166.00,N,N,A,-,N,,,,,,,,,,Y,2,0,1,2,A,-,08,22107,,N,C,E,A,B,H,-,D,D,0,,,,Y,Y,Y,A,01,1,0,0,0,0,0,0,0,0,"- ","- ",,,"SAN DIEGO","SAN DIEGO",-117.1532625,32.829509109999996
5504605,2012,2013-06-27,3711,2012-02-11,0405,5916,,6,5,7,3711,0,0,0,,0,434,"MEADOWBROOK DR","SAN FELIPE ST",24.00,N,N,B,-,N,,,,,,,,,,Y,2,0,2,4,A,-,08,22107,,N,B,E,A,A,H,-,C,D,0,,,,,Y,Y,A,07,1,1,0,0,0,0,0,0,0,"- ","- ",,,"SAN DIEGO","SAN DIEGO",-117.03228208,32.707104960000002
5504643,2012,2013-10-14,9650,2012-01-08,0135,17994,,7,3,9,3700,0,1,3,,1,028,"RT 76","PALA MISSION RD",660.00,E,N,A,-,Y,SD,11,76,-,-,47.910,H,-,W,Y,3,0,2,2,A,-,08,22107,,N,A,C,A,A,D,-,D,D,0,,,,,Y,Y,A,01,0,1,1,0,0,0,0,0,0,"- ","- ",33.215299999999999,-117.458,"SAN DIEGO",UNINCORPORATED,-116.76566717,33.238283899999999
5504653,2012,2013-06-22,9650,2012-01-28,0135,18675,,6,3,9,3700,0,3,5,,2,006,"GREEN CANYON RD","SOUTH MISSION RD",0.00,,Y,A,-,N,,,,,,,,,,Y,3,0,1,1,A,-,01,23152,A,N,E,I,A,A,H,-,C,D,0,,,,,Y,Y,A,01,0,1,0,0,0,0,0,0,0,"- ","- ",33.332569999999997,-117.23603,"SAN DIEGO",UNINCORPORATED,-117.23590209,33.333034859999998
5504683,2012,2013-06-14,9650,2012-01-29,0100,18675,,7,3,9,3700,0,3,5,,2,191,"ELFIN FOREST RD","QUESTHAVEN RD",20.00,W,N,A,-,N,,,,,,,,,,Y,2,0,4,1,A,-,01,23152,A,N,E,I,A,A,H,-,C,-,0,,,,,Y,Y,A,01,1,3,0,0,0,0,0,0,0,"- ","- ",,,"SAN DIEGO",UNINCORPORATED,-117.19682696,33.097362220000001
5504694,2012,2013-06-27,3711,2012-02-20,0210,5072,,1,5,7,3711,0,0,0,,0,122,"GRESHAM ST",OLIVER,48.00,N,N,A,-,N,,,,,,,,,,N,4,0,1,3,A,-,08,22107,,M,C,E,A,A,H,-,C,A,0,,,,,Y,Y,A,07,0,0,1,0,0,0,0,0,0,"- ","- ",,,"SAN DIEGO","SAN DIEGO",-117.24312107999999,32.79433204
5504698,2012,2013-06-27,3711,2012-02-16,1720,4897,,4,5,7,3711,0,0,0,,0,811,"35TH ST","COLLIER AV",309.00,S,N,A,-,N,,,,,,,,,,Y,3,0,1,2,A,-,08,22107,,N,C,E,A,A,H,-,A,D,0,,,,,Y,Y,D,22,0,1,0,0,0,0,0,0,0,"- ","- ",,,"SAN DIEGO","SAN DIEGO",-117.11728992,32.764578370000002
5504709,2012,2013-10-14,9650,2012-01-19,1949,15906,,4,2,9,3700,0,1,3,,1,028,"RT 76","PALA MISSION RD",2640.00,E,N,A,-,Y,SD,11,76,-,-,48.290,H,-,W,N,4,0,2,2,A,-,01,23152,A,F,C,C,A,A,H,-,D,-,0,,,,,Y,Y,A,01,0,0,2,0,0,0,0,0,0,"- ","- ",33.364060000000002,-117.07585,"SAN DIEGO",UNINCORPORATED,-116.76067336,33.235067280000003
5504918,2012,2013-06-08,3700,2012-01-26,1700,SH2497,,4,5,5,3712,0,0,0,,0,361,"BARHAM DR","SOUTH TWIN OAKS VALLEY RD",100.00,E,N,A,-,N,,,,,,,,,,N,4,0,2,2,A,-,01,23152,A,N,C,C,A,A,H,-,B,A,0,,,,,Y,Y,A,01,0,0,2,0,0,0,0,0,0,"- ","- ",,,"SAN DIEGO","SAN MARCOS",-117.1642197,33.132292249999999
5506128,2012,2013-07-25,3706,2012-01-21,2300,0454,ESPD,6,5,6,3706,0,0,0,,0,043,"ROSEMARY CT","EL NORTE PKWY",25.00,N,N,A,-,N,,,,,,,,,,Y,4,0,1,2,A,-,08,22107,,M,B,E,A,A,H,-,C,D,0,,,,,Y,Y,A,01,0,0,1,0,0,0,0,0,0,"- ","- ",,,"SAN DIEGO",ESCONDIDO,-117.12755423999999,33.156400320000003
5506132,2012,2013-07-06,3706,2012-01-31,2239,322,ESPD,2,5,6,3706,0,0,0,,0,052,"JUNIPER ST","14TH AV",0.00,,Y,A,-,N,,,,,,,,,,N,3,0,1,2,A,-,10,21950,A,F,G,B,B,A,H,-,C,D,0,Y,,,,Y,Y,A,07,0,1,0,0,1,0,0,0,0,"- ","- ",,,"SAN DIEGO",ESCONDIDO,-117.07049191,33.111304840000003
5506281,2012,2013-07-17,9650,2012-02-18,1615,016439,,6,2,9,3700,0,2,4,,1,027,"MILLER RD","VALLEY CENTER RD",0.00,,Y,A,-,N,,,,,,,,,,Y,4,0,3,2,A,-,09,21802,A,N,D,C,A,A,H,-,A,A,0,,,,,Y,Y,D,22,0,0,3,0,0,0,0,0,0,"- ","- ",33.230849999999997,-117.03306000000001,"SAN DIEGO",UNINCORPORATED,-117.03317198000001,33.230894929999998
5506282,2012,2013-09-18,9680,2012-02-15,1955,018427,,3,2,9,3700,0,2,4,,1,010,"WOODSIDE AVE","RT 67",0.00,,Y,B,C,Y,SD,11,67,-,R,3.768,R,4,N,Y,3,0,3,4,A,-,01,23152,A,F,D,C,A,B,H,-,C,A,1,,,,,Y,Y,D,22,0,1,2,0,0,0,0,0,0,"- ","- ",32.853749999999998,-116.94738,"SAN DIEGO",UNINCORPORATED,-116.95046182,32.851884820000002
5506300,2012,2013-10-10,9650,2012-02-18,0500,18296,,6,3,9,3700,0,1,1,,2,001,"RT 5","BASILONE RD",13200.00,S,N,A,-,Y,SD,11,5,-,R,68.880,H,-,N,Y,3,0,1,2,A,-,08,22107,,N,C,C,A,A,H,-,C,D,1,,,,Y,Y,Y,A,01,0,1,0,0,0,0,0,0,0,"- ","- ",33.36674,-117.54579,"SAN DIEGO",UNINCORPORATED,-117.54586148999999,33.366678239999999
5506482,2012,2013-10-07,9645,2012-01-29,0044,19582,,7,3,7,3711,0,1,1,,2,010,"RT 8","COLLEGE AV",2835.00,W,N,A,-,Y,SD,11,8,-,-,7.800,H,-,W,Y,4,0,1,4,A,-,01,23152,A,N,C,C,A,A,H,-,C,D,1,,,,,Y,Y,A,01,0,0,1,0,0,0,0,0,0,"- ","- ",32.779679999999999,-117.07261,"SAN DIEGO","SAN DIEGO",-117.07581183000001,32.779604800000001
5507155,2012,2013-06-25,3700,2012-01-07,0319,04541,,6,5,5,3712,0,0,0,,0,351,"WEST SAN MARCOS BL","GRAND AV",0.00,,Y,A,-,N,,,,,,,,,,Y,2,0,3,1,A,-,03,22350,,F,E,I,A,A,H,-,C,A,0,,,,,Y,Y,A,01,2,0,1,0,0,0,0,0,0,"- ","- ",,,"SAN DIEGO","SAN MARCOS",-117.17914196,33.137264819999999
5507664,2012,2013-10-17,9645,2012-02-11,1435,013033,,6,2,7,3711,0,1,1,,2,027,"RT 15","BALBOA AV",104.00,S,N,B,-,Y,SD,11,15,-,R,9.220,H,-,S,Y,4,0,2,2,A,-,01,23152,A,N,C,C,A,A,H,-,A,D,1,,,,,Y,Y,D,22,0,0,2,0,0,0,0,0,0,"- ","- ",32.822240000000001,-117.11675,"SAN DIEGO","SAN DIEGO",-117.11634964,32.821110109999999
5508505,2012,2013-10-18,9645,2012-02-11,0133,19678,,6,3,6,3702,0,1,1,,2,009,"RT 805","MAIN ST",2112.00,S,N,A,-,Y,SD,11,805,-,-,3.250,H,-,N,Y,2,0,1,1,A,-,01,23152,A,N,E,I,A,A,H,-,C,D,1,,,,,Y,Y,A,01,1,0,0,0,0,0,0,0,0,"- ","- ",32.589550000000003,-117.03621,"SAN DIEGO","CHULA VISTA",-117.03619181000001,32.589607379999997
5509739,2012,2013-06-28,3709,2012-02-17,2228,410,SOUTH,5,5,5,3709,0,0,0,,0,021,"EAST 8TH ST","HARBISON AV",0.00,,Y,A,-,N,,,,,,,,,,Y,4,0,6,2,A,-,01,23152,A,F,C,C,A,A,H,-,C,A,0,,,,,Y,Y,D,22,0,0,6,0,0,0,0,0,0,"- ","- ",,,"SAN DIEGO","NATIONAL CITY",-117.07523189,32.684744850000001
5510042,2012,2013-09-13,3711,2012-02-27,1808,4897,,1,5,7,3711,0,0,0,,0,111,"BALBOA AV","CANNINGTON DR",710.00,E,N,C,-,N,,,,,,,,,,Y,4,0,1,2,A,-,03,22350,,N,C,C,A,B,H,-,C,D,0,,,,,Y,Y,A,01,0,0,1,0,0,0,0,0,0,"- ","- ",,,"SAN DIEGO","SAN DIEGO",-117.16923848,32.820333310000002
5510208,2012,2013-06-22,9680,2012-01-23,0050,019407,,1,3,9,3700,0,3,5,,2,003,"VIEJAS GRADE RD","WILLOWS RD",1056.00,E,N,A,-,N,,,,,,,,,,Y,3,0,1,1,A,-,01,23152,A,N,E,I,A,A,H,-,D,D,0,,,,,Y,Y,A,01,0,1,0,0,0,0,0,0,0,"- ","- ",32.841940000000001,-116.71187,"SAN DIEGO",UNINCORPORATED,-116.71675178,32.839446330000001
5510235,2012,2013-06-22,9680,2012-01-25,2200,017224,,3,3,9,3700,0,3,5,,2,001,"OAK CREEK DR","PALM ROW DR",2112.00,N,N,A,-,N,,,,,,,,,,Y,4,0,1,1,A,-,01,23152,A,N,E,I,A,A,H,-,D,D,0,,,,,Y,Y,A,01,0,0,1,0,0,0,0,0,0,"- ","- ",32.873240000000003,-116.94955,"SAN DIEGO",UNINCORPORATED,-116.94808028,32.872360329999999
5510239,2012,2013-06-22,9680,2012-01-18,1755,018754,,3,2,9,3700,0,3,5,,2,002,"LYONS VALLEY RD","JAMUL HIGHLANDS RD",4224.00,E,N,A,-,N,,,,,,,,,,Y,3,0,1,1,A,-,01,23152,A,N,E,J,A,A,H,-,D,D,0,,,,,Y,Y,A,01,0,1,0,0,0,0,0,0,0,"- ","- ",32.728000000000002,-116.833,"SAN DIEGO",UNINCORPORATED,-116.83636308,32.728920010000003
5510302,2012,2013-10-31,9680,2012-01-21,0132,018268,,6,3,5,3708,0,1,1,,2,081,"RT 8","ALVARADO RD",40.00,N,N,A,-,Y,SD,11,8,-,-,9.467,R,1,E,Y,2,0,1,1,A,-,01,23152,A,N,E,I,A,A,H,-,C,A,1,,,,,Y,Y,A,01,1,0,0,0,0,0,0,0,0,"- ","- ",32.773600000000002,-117.04546000000001,"SAN DIEGO","LA MESA",-117.04878804000001,32.775468930000002
5511111,2012,2013-07-11,3700,2012-02-01,1940,SH2731,,3,5,4,3707,0,0,0,,0,703,"ELM AV","CORVINA ST",47.00,E,N,A,-,N,,,,,,,,,,Y,3,0,1,2,A,-,01,23152,A,N,C,E,A,A,H,-,C,D,0,,,Y,,Y,Y,C,02,0,1,0,0,0,0,0,0,1,"- ","- ",,,"SAN DIEGO","IMPERIAL BEACH",-117.12332982,32.580254750000002
5511329,2012,2013-10-10,9650,2012-02-02,0255,17376,,4,3,5,3701,0,1,1,,2,005,"RT 5","RT 78",275.00,E,N,B,-,Y,SD,11,5,-,R,51.063,R,2,N,Y,3,0,2,1,A,-,01,23152,A,N,E,I,A,A,H,-,C,D,1,,,,,Y,Y,A,01,0,2,0,0,0,0,0,0,0,TO,"- ",33.17812,-117.34887000000001,"SAN DIEGO",CARLSBAD,-117.34854190999999,33.17359484
5511334,2012,2013-07-19,9680,2012-02-04,0225,18754,,6,3,9,3700,0,2,4,,1,032,"LA CRESTA RD","GREENFIELD DR",12672.00,E,N,A,-,N,,,,,,,,,,N,3,0,2,2,A,-,11,21956,A,N,G,B,E,A,H,-,D,D,0,Y,,,,Y,Y,N,60,0,2,0,0,1,0,0,0,0,"- ","- ",,,"SAN DIEGO",UNINCORPORATED,-116.87368341,32.812456339999997
5511337,2012,2013-10-21,9650,2012-02-02,1334,16381,,4,1,5,3712,0,1,3,,2,017,"RT 78","SMILAX RD",400.00,W,N,A,-,Y,SD,11,78,-,-,10.440,H,-,E,Y,4,0,1,3,A,-,01,23152,A,N,B,C,A,A,H,-,A,D,1,,,,,Y,Y,A,07,0,0,1,0,0,0,0,0,0,"- ","- ",33.155369999999998,-117.20448,"SAN DIEGO","SAN MARCOS",-117.20136334,33.152588569999999
5511694,2012,2013-09-18,3703,2012-02-08,2022,1016,,3,5,3,3703,0,0,0,,0,,"RT 75","CORONADO CAYS BL",1116.00,N,N,A,-,Y,SD,11,75,-,-,14.210,H,-,S,Y,4,0,1,2,A,-,01,23152,A,N,A,C,A,A,H,-,D,D,0,,,,,Y,Y,A,01,0,0,1,0,0,0,0,0,0,"- ","- ",,,"SAN DIEGO",CORONADO,-117.13917720000001,32.628919349999997
5511698,2012,2013-09-13,3706,2012-02-13,2005,322,ESPD,1,5,6,3706,0,0,0,,0,055,"9TH AV","CENTRE CITY PKWY",0.00,,Y,B,-,N,,,,,,,,,,N,2,0,1,2,A,-,12,21453,A,N,H,G,A,B,H,-,C,A,0,,Y,,,Y,Y,L,04,1,0,0,0,0,0,1,0,0,"- ","- ",,,"SAN DIEGO",ESCONDIDO,-117.081692,33.111804919999997
5511714,2012,2013-07-16,3706,2012-02-05,0300,447,ESPD,7,5,6,3706,0,0,0,,0,054,"WASHINGTON AV","WEATHERBY AV",106.00,E,N,A,-,N,,,,,,,,,,Y,4,0,1,2,A,-,01,23152,B,N,C,E,A,A,H,-,C,D,0,,,,,Y,Y,A,01,0,0,1,0,0,0,0,0,0,"- ","- ",,,"SAN DIEGO",ESCONDIDO,-117.05199098,33.143132659999999
5511747,2012,2013-07-12,3711,2012-02-05,2347,6289,SD,7,5,7,3711,0,0,0,,0,121,"MISSION BL","SAN JUAN PL",3.00,S,N,A,-,N,,,,,,,,,,N,3,0,1,1,A,-,03,22350,,N,E,I,A,A,H,-,C,A,0,,Y,,,Y,Y,L,04,0,1,0,0,0,0,1,0,0,"- ","- ",,,"SAN DIEGO","SAN DIEGO",-117.25260221000001,32.780366549999997
5512201,2012,2013-10-08,9645,2012-02-04,0124,019010,,6,3,7,3711,0,1,1,,2,019,"RT 15","RANCHO BERNARDO RD",1000.00,N,N,A,-,Y,SD,11,15,-,M,23.910,H,-,N,Y,2,0,1,2,A,-,01,23152,A,N,C,C,A,A,H,-,C,D,1,,,,,Y,Y,D,22,1,0,0,0,0,0,0,0,0,"- ","- ",33.029420000000002,-117.07838,"SAN DIEGO","SAN DIEGO",-117.07861771,33.027388199999997
5512513,2012,2013-10-18,9650,2012-01-30,2148,17304,,1,2,5,3712,0,1,3,,2,019,"RT 78","LAS POSAS RD",89.00,E,N,A,-,Y,SD,11,78,-,-,11.230,H,-,E,Y,3,0,1,2,A,-,01,23152,A,F,B,C,A,A,H,-,D,D,1,,,,,Y,Y,A,01,0,1,0,0,0,0,0,0,0,"- ","- ",33.1432,-117.19038999999999,"SAN DIEGO","SAN MARCOS",-117.19065371000001,33.143457439999999
5512525,2012,2013-10-18,9650,2012-01-29,0212,16997,,7,3,5,3712,0,1,3,,2,019,"RT 78","LAS POSAS RD",200.00,E,N,A,-,Y,SD,11,78,-,-,11.250,H,-,W,Y,3,0,1,1,A,-,01,23152,A,N,E,I,A,A,H,-,D,D,1,,,,,Y,Y,A,01,0,1,0,0,0,0,0,0,0,"- ","- ",33.143560000000001,-117.19031,"SAN DIEGO","SAN MARCOS",-117.19046321,33.143574579999999
5512841,2012,2013-06-21,3711,2012-01-31,0252,6424,,2,5,7,3711,0,0,0,,0,437,"SOUTH WOODMAN ST","TOOMA ST",402.00,S,N,A,-,N,,,,,,,,,,Y,3,0,1,1,A,-,08,22107,,N,E,J,A,A,H,-,C,A,0,,,,,Y,Y,-,"- ",0,1,0,0,0,0,0,0,0,"- ","- ",,,"SAN DIEGO","SAN DIEGO",-117.04115607999999,32.680700520000002
5512845,2012,2013-06-21,3711,2012-01-26,1428,5861,,4,5,7,3711,0,0,0,,0,241,"POMERADO RD","CHABAD CTR DRWY",1584.00,W,N,A,-,N,,,,,,,,,,Y,4,0,1,1,B,-,22,,,N,E,I,A,A,H,-,A,A,0,,,,,Y,Y,-,"- ",0,0,1,0,0,0,0,0,0,"- ","- ",,,"SAN DIEGO","SAN DIEGO",-117.0934993,32.901823110000002
5513126,2012,2013-07-08,9650,2012-02-15,1834,018931,,3,2,9,3700,0,2,4,,2,061,"EAST MISSION RD","MACADAMIA DR",0.00,,Y,B,C,N,,,,,,,,,,Y,4,0,1,2,A,-,01,23152,A,F,C,C,A,B,H,-,D,D,0,,,,,Y,Y,D,22,0,0,1,0,0,0,0,0,0,"- ","- ",33.39481,-117.20505,"SAN DIEGO",UNINCORPORATED,-117.20491197,33.394934880000001
5513142,2012,2013-10-08,9650,2012-02-22,2140,016485,,3,2,6,3706,0,1,1,,2,023,"RT 15","RT 78",700.00,N,N,A,-,Y,SD,11,15,-,R,31.680,H,-,N,Y,2,0,1,2,A,-,03,22350,,N,C,C,A,A,H,-,C,D,1,,,Y,,Y,Y,C,02,1,0,0,0,0,0,0,0,1,"- ","- ",33.12876,-117.10484,"SAN DIEGO",ESCONDIDO,-117.10507619000001,33.131336169999997
5513150,2012,2013-09-20,9650,2012-02-27,2037,018875,,1,2,6,3710,0,1,1,,2,005,"RT 5","RT 78",528.00,N,N,B,-,Y,SD,11,5,-,R,51.310,H,-,N,Y,3,0,1,2,A,-,01,23152,A,N,C,C,A,B,H,-,D,D,1,,,,Y,Y,Y,A,07,0,1,0,0,0,0,0,0,0,"- ","- ",33.193469999999998,-117.35767,"SAN DIEGO",OCEANSIDE,-117.35282857,33.179114290000001
5513963,2012,2013-06-29,3700,2012-02-05,1752,SH3306,,7,5,5,3713,0,0,0,,0,306,"N CITRUS AV","NEVADA AV",162.00,S,N,A,-,N,,,,,,,,,,Y,4,0,1,2,A,-,09,21804,A,N,B,C,A,A,H,-,A,D,0,,,Y,,Y,Y,-,"- ",0,0,1,0,0,0,0,0,1,"- ","- ",,,"SAN DIEGO",VISTA,-117.24199896,33.208426539999998
5514386,2012,2013-06-18,3711,2012-01-29,1602,4243,,7,5,7,3711,0,0,0,,0,122,"BERYL ST","LAMONT ST",291.00,E,N,A,-,N,,,,,,,,,,Y,3,0,1,3,A,-,08,22107,,N,C,E,A,A,H,-,A,D,0,,,,,Y,Y,A,01,0,1,0,0,0,0,0,0,0,"- ","- ",,,"SAN DIEGO","SAN DIEGO",-117.23644683000001,32.807720680000003
5514388,2012,2013-06-18,3711,2012-01-31,1849,5219,,2,5,7,3711,0,0,0,,0,113,"CLAIREMONT DR","BALBOA AV",75.00,N,N,A,-,N,,,,,,,,,,Y,4,0,6,4,A,-,03,22350,,N,C,C,A,A,H,-,C,A,0,,,,,Y,Y,-,"- ",0,0,6,0,0,0,0,0,0,"- ","- ",,,"SAN DIEGO","SAN DIEGO",-117.20101029999999,32.811980230000003
5515320,2012,2013-09-18,9645,2012-02-11,0035,019035,,6,3,9,3700,0,3,5,,2,018,"SWEETWATER RD","RT 805",45.00,E,N,A,-,Y,SD,11,805,-,-,9.232,R,4,N,Y,3,0,3,2,A,-,01,23152,A,N,D,C,A,A,H,-,C,A,1,,,,,Y,Y,A,01,0,1,2,0,0,0,0,0,0,"- ","- ",32.660789999999999,-117.07642,"SAN DIEGO",UNINCORPORATED,-117.08017183,32.66700479
5515597,2012,2013-07-03,9680,2012-02-26,0305,18427,,7,3,9,3700,0,3,5,,2,001,"HA HANA RD","LAKEVIEW RD",1056.00,W,N,A,-,N,,,,,,,,,,Y,3,0,1,1,A,-,01,23152,A,N,E,J,A,A,H,-,D,D,0,,,,,Y,Y,D,22,0,1,0,0,0,0,0,0,0,"- ","- ",32.841769999999997,-116.90749,"SAN DIEGO",UNINCORPORATED,-116.90753264999999,32.84179821
5515623,2012,2013-10-18,9680,2012-02-19,1830,19273,,7,2,9,3700,0,1,3,,1,090,"RT 67","DAY ST",0.00,,Y,A,-,Y,SD,11,67,-,-,23.558,I,5,S,Y,3,0,4,2,A,-,01,23152,A,N,A,C,A,A,H,-,C,A,0,,,,,Y,Y,D,22,0,3,1,0,0,0,0,0,0,"- ","- ",33.035290000000003,-116.88065,"SAN DIEGO",UNINCORPORATED,-116.88032542000001,33.035362579999997
5515806,2012,2013-06-15,3705,2012-01-31,1925,EC0301,,2,5,5,3705,0,0,0,,0,008,"S ANZA","E WASHINGTON",240.00,S,N,A,-,N,,,,,,,,,,Y,2,0,1,3,A,-,01,23153,A,F,B,E,E,A,H,-,C,B,0,Y,,,,Y,Y,A,07,1,0,0,0,1,0,0,0,0,"- ","- ",,,"SAN DIEGO","EL CAJON",-116.94822187,32.786997509999999
5515955,2012,2013-07-06,3711,2012-02-29,1707,5600,,3,5,7,3711,0,0,0,,0,627,"5TH AV","ROBINSON AV",25.00,S,N,A,-,N,,,,,,,,,,Y,3,0,1,1,A,-,03,22350,,N,H,A,A,A,H,-,A,A,0,,,Y,,Y,Y,C,03,0,1,0,0,0,0,0,0,1,"- ","- ",,,"SAN DIEGO","SAN DIEGO",-117.16043190000001,32.746886279999998