CASE_ID,ACCIDENT_YEAR,PROC_DATE,JURIS,COLLISION_DATE,COLLISION_TIME,OFFICER_ID,REPORTING_DISTRICT,DAY_OF_WEEK,CHP_SHIFT,POPULATION,CNTY_CITY_LOC,SPECIAL_COND,BEAT_TYPE,CHP_BEAT_TYPE,CITY_DIVISION_LAPD,CHP_BEAT_CLASS,BEAT_NUMBER,PRIMARY_RD,SECONDARY_RD,DISTANCE,DIRECTION,INTERSECTION,WEATHER_1,WEATHER_2,STATE_HWY_IND,CALTRANS_COUNTY,CALTRANS_DISTRICT,STATE_ROUTE,ROUTE_SUFFIX,POSTMILE_PREFIX,POSTMILE,LOCATION_TYPE,RAMP_INTERSECTION,SIDE_OF_HWY,TOW_AWAY,COLLISION_SEVERITY,NUMBER_KILLED,NUMBER_INJURED,PARTY_COUNT,PRIMARY_COLL_FACTOR,PCF_CODE_OF_VIOL,PCF_VIOL_CATEGORY,PCF_VIOLATION,PCF_VIOL_SUBSECTION,HIT_AND_RUN,TYPE_OF_COLLISION,MVIW,PED_ACTION,ROAD_SURFACE,ROAD_COND_1,ROAD_COND_2,LIGHTING,CONTROL_DEVICE,CHP_ROAD_TYPE,PEDESTRIAN_ACCIDENT,BICYCLE_ACCIDENT,MOTORCYCLE_ACCIDENT,TRUCK_ACCIDENT,NOT_PRIVATE_PROPERTY,ALCOHOL_INVOLVED,STWD_VEHTYPE_AT_FAULT,CHP_VEHTYPE_AT_FAULT,COUNT_SEVERE_INJ,COUNT_VISIBLE_INJ,COUNT_COMPLAINT_PAIN,COUNT_PED_KILLED,COUNT_PED_INJURED,COUNT_BICYCLIST_KILLED,COUNT_BICYCLIST_INJURED,COUNT_MC_KILLED,COUNT_MC_INJURED,PRIMARY_RAMP,SECONDARY_RAMP,LATITUDE,LONGITUDE,COUNTY,CITY,POINT_X,POINT_Y
5683945,2012,2013-09-28,3711,2012-06-09,0050,3661,,6,5,7,3711,0,0,0,,0,521,"MARKET ST","11TH AV",1.00,E,N,A,-,N,,,,,,,,,,Y,4,0,2,2,A,-,09,21801,A,N,D,C,A,A,H,-,C,A,0,,,,,Y,Y,A,08,0,0,2,0,0,0,0,0,0,"- ","- ",,,"SAN DIEGO","SAN DIEGO",-117.15470866,32.711494799999997
5684257,2012,2013-10-05,3706,2012-06-03,0227,447,ESPD,7,5,6,3706,0,0,0,,0,056,"VALLEY CENTER RD","LAKE WOHLFORD RD",3168.00,N,N,A,-,N,,,,,,,,,,Y,3,0,1,1,A,-,01,23152,A,N,B,I,A,A,H,-,D,D,0,,,,,Y,Y,D,22,0,1,0,0,0,0,0,0,0,"- ","- ",,,"SAN DIEGO",ESCONDIDO,-117.02779553000001,33.168749660000003
5684273,2012,2013-12-30,3705,2012-05-05,2255,206,,6,5,5,3705,0,0,0,,0,006,FLETCHER,MARSHALL,0.00,,Y,A,-,N,,,,,,,,,,Y,3,0,1,1,A,-,01,23152,A,M,E,I,A,A,H,-,C,A,0,,,,,Y,Y,D,22,0,1,0,0,0,0,0,0,0,"- ","- ",,,"SAN DIEGO","EL CAJON",-116.97553188000001,32.807654849999999
5684575,2012,2013-10-10,3703,2012-06-09,2006,1233,,6,5,3,3703,0,0,0,,0,,"1ST ST","B AV",0.00,,Y,A,-,N,,,,,,,,,,N,4,0,1,2,A,-,10,21950,A,N,G,B,B,A,H,-,C,A,0,Y,,,,Y,Y,A,01,0,0,1,0,1,0,0,0,0,"- ","- ",,,"SAN DIEGO",CORONADO,-117.17005202999999,32.697774850000002
5686116,2012,2013-10-16,9680,2012-06-15,2320,15733,,5,3,9,3700,0,3,5,,2,001,"AURORA DR","LOS COCHES RD",380.00,W,N,A,-,N,,,,,,,,,,Y,3,0,1,1,A,-,01,23152,A,N,E,I,A,A,H,-,D,D,0,,,,,Y,Y,A,01,0,1,0,0,0,0,0,0,0,"- ","- ",32.831429999999997,-116.90586,"SAN DIEGO",UNINCORPORATED,-116.90597482,32.831255069999997
5686120,2012,2013-10-11,9680,2012-06-11,0430,16878,,1,3,9,3700,0,2,4,,2,073,"BORREGO SPRINGS RD","WALKING H DR",423.00,N,N,A,-,N,,,,,,,,,,Y,3,0,1,1,A,-,01,23152,A,N,E,I,A,A,H,-,B,D,0,,,,,Y,Y,A,01,0,1,0,0,0,0,0,0,0,"- ","- ",33.237380000000002,-116.37427,"SAN DIEGO",UNINCORPORATED,-116.37423209000001,33.238430719999997
5686136,2012,2013-10-16,9680,2012-06-09,1903,15817,,6,2,9,3700,0,2,4,,1,095,"SAN VICENTE RD","GUNN STAGE RD",100.00,E,N,A,-,N,,,,,,,,,,Y,3,0,3,4,A,-,01,23152,A,N,C,C,A,A,H,-,A,A,0,,,,,Y,Y,A,01,0,1,2,0,0,0,0,0,0,"- ","- ",33.00562,-116.81690999999999,"SAN DIEGO",UNINCORPORATED,-116.81731916,33.005704809999997
5686140,2012,2013-10-11,9680,2012-06-06,2350,16519,,3,3,9,3700,0,3,5,,2,002,"BROADVIEW ST","DELROSE AV",4.00,N,N,B,-,N,,,,,,,,,,N,3,0,1,3,A,-,01,23152,A,M,B,E,A,A,H,-,C,D,0,,,,,Y,Y,A,01,0,1,0,0,0,0,0,0,0,"- ","- ",32.712890000000002,-117.01469,"SAN DIEGO",UNINCORPORATED,-117.01491674,32.712854919999998
5686144,2012,2013-10-16,9680,2012-06-05,2320,16694,,2,3,9,3700,0,2,4,,1,013,"WILCAT CANYON RD","OLD BARONA RD",3696.00,N,N,A,-,N,,,,,,,,,,Y,3,0,1,1,A,-,01,23152,A,N,E,I,A,A,H,-,D,D,0,,,,,Y,Y,A,01,0,1,0,0,0,0,0,0,0,"- ","- ",32.924709999999997,-116.87533999999999,"SAN DIEGO",UNINCORPORATED,-116.87530630000001,32.924767299999999
5686148,2012,2013-10-16,9680,2012-06-03,0305,19475,,7,3,9,3700,0,2,4,,1,026,"JAMACHA BL","POINTE PKWY",729.00,N,N,A,-,N,,,,,,,,,,Y,2,0,3,2,A,-,01,23152,A,N,A,C,A,A,D,E,C,D,0,,,,,Y,Y,A,07,1,1,1,0,0,0,0,0,0,"- ","- ",32.721029999999999,-116.9723,"SAN DIEGO",UNINCORPORATED,-116.971284,32.722504000000001
5686200,2012,2014-02-26,9645,2012-06-16,1925,19322,,6,2,7,3711,0,1,1,,2,003,"RT 5","WASHINGTON ST",600.00,S,N,B,-,Y,SD,11,5,-,R,18.170,H,-,N,Y,4,0,3,2,A,-,01,23152,A,N,B,C,A,A,H,-,A,D,1,,,,,Y,Y,A,01,0,0,3,0,0,0,0,0,0,"- ","- ",32.74109,-117.17975,"SAN DIEGO","SAN DIEGO",-117.18185853999999,32.742311399999998
5686220,2012,2014-01-24,9645,2012-06-11,0650,19497,,1,1,7,3711,0,1,1,,2,001,"RT 5","DAIRY MART RD",321.00,S,N,A,-,Y,SD,11,5,-,-,2.159,R,2,N,Y,3,0,5,2,A,-,01,23152,A,N,D,C,A,A,H,-,A,D,1,,,,,Y,Y,A,01,0,3,2,0,0,0,0,0,0,FR,"- ",32.558709999999998,-117.06158000000001,"SAN DIEGO","SAN DIEGO",-117.05798181999999,32.556814780000003
5686224,2012,2014-02-10,9645,2012-06-10,1710,19322,,7,2,7,3711,0,1,3,,2,006,"RT 94","RT 805",1900.00,E,N,A,-,Y,SD,11,94,-,-,4.380,H,-,W,Y,2,0,1,1,A,-,01,23152,A,N,E,I,A,A,H,-,A,D,1,,,Y,,Y,Y,C,02,1,0,0,0,0,0,0,0,1,"- ","- ",32.719360000000002,-117.09815,"SAN DIEGO","SAN DIEGO",-117.09525978000001,32.718997399999999
5686232,2012,2014-01-23,9645,2012-06-09,0630,18066,,6,1,7,3711,0,1,1,,2,005,"RT 5","SEA WORLD DR",1584.00,S,N,B,-,Y,SD,11,5,-,R,20.520,H,-,N,Y,2,0,1,1,A,-,01,23152,A,N,E,J,A,A,C,-,A,D,1,,,,,Y,Y,A,01,1,0,0,0,0,0,0,0,0,"- ","- ",32.7654,-117.20509,"SAN DIEGO","SAN DIEGO",-117.20571904000001,32.766829080000001
5686236,2012,2013-12-30,9645,2012-06-01,2105,19712,,5,2,9,3700,0,3,5,,2,018,"OTAY LAKES RD","MPM 5",500.00,E,N,B,-,N,,,,,,,,,,Y,3,0,1,1,A,-,01,23152,A,N,E,I,A,A,H,-,D,A,0,,,,,Y,Y,A,01,0,1,0,0,0,0,0,0,0,"- ","- ",32.63541,-116.92212000000001,"SAN DIEGO",UNINCORPORATED,,
5687602,2012,2013-10-15,3711,2012-06-21,2053,5926,3711,4,5,7,3711,0,0,0,,0,614,"CABLE ST","LONG BRANCH AV",23.00,S,N,B,-,N,,,,,,,,,,N,4,0,1,2,A,-,03,22350,,M,C,C,A,A,H,-,C,D,0,,,,,Y,Y,A,01,0,0,1,0,0,0,0,0,0,"- ","- ",,,"SAN DIEGO","SAN DIEGO",-117.24597605,32.749693970000003
5687613,2012,2014-01-07,3711,2012-06-25,0211,6839,SANDI,1,5,7,3711,0,0,0,,0,246,"SCRIPPS POWAY PKWY","CENTER MEDIAN",0.00,,Y,A,-,Y,SD,11,15,-,M,17.118,R,4,N,Y,3,0,1,1,A,-,01,23152,A,N,A,I,A,A,H,-,C,A,0,,,,,Y,Y,-,"- ",0,1,0,0,0,0,0,0,0,"- ","- ",,,"SAN DIEGO","SAN DIEGO",-117.11233185,32.932664819999999
5687637,2012,2013-10-15,3711,2012-06-23,1830,5461,,6,5,7,3711,0,0,0,,0,614,"SUNSET CLIFFS BL","SANTA CRUZ  AV",4.00,N,N,A,-,N,,,,,,,,,,N,3,0,1,1,C,-,18,,,N,H,A,A,A,A,B,A,D,0,,Y,,,Y,Y,-,"- ",0,1,0,0,0,0,1,0,0,"- ","- ",,,"SAN DIEGO","SAN DIEGO",-117.2505243,32.741343630000003
5687653,2012,2013-10-15,3711,2012-06-23,2105,6708,,6,5,7,3711,0,0,0,,0,233,"RANCHO PENASQUITOS BL","CALLE DE LAS ROSAS",266.00,W,N,A,-,N,,,,,,,,,,Y,4,0,1,2,A,-,09,21801,A,N,C,C,A,A,H,-,D,D,0,,,,,Y,Y,A,07,0,0,1,0,0,0,0,0,0,"- ","- ",,,"SAN DIEGO","SAN DIEGO",-117.11068136,32.956762339999997
5687677,2012,2013-10-15,3711,2012-06-21,0800,6021,,4,5,7,3711,0,0,0,,0,613,"VOLTAIRE ST","GUIZOT ST",0.00,,Y,B,-,N,,,,,,,,,,Y,4,0,1,2,A,-,09,21802,A,N,D,C,A,A,H,-,A,D,0,,,Y,,Y,Y,A,01,0,0,1,0,0,0,0,0,1,"- ","- ",,,"SAN DIEGO","SAN DIEGO",-117.23809192,32.746614809999997
5687936,2012,2014-02-13,9645,2012-06-17,2027,19403,,7,2,7,3711,0,1,3,,2,002,"RT 905","RT 805",528.00,N,N,A,-,Y,SD,11,805,-,-,1.931,R,2,N,Y,4,0,1,2,A,-,01,23152,A,N,C,C,A,A,H,-,D,D,1,,,,,Y,Y,D,22,0,0,1,0,0,0,0,0,0,TO,"- ",32.568980000000003,-117.04029,"SAN DIEGO","SAN DIEGO",-117.03940181,32.572894779999999
5688208,2012,2014-02-10,9645,2012-06-24,2305,019304,,7,3,6,3702,0,1,1,,2,009,"RT 805","H ST",150.00,S,N,A,-,Y,SD,11,805,-,-,7.120,H,-,N,Y,3,0,1,1,A,-,01,23152,A,N,F,A,A,A,H,-,C,D,1,,,,,Y,Y,A,01,0,1,0,0,0,0,0,0,0,"- ","- ",32.640210000000003,-117.05437999999999,"SAN DIEGO","CHULA VISTA",-117.05437139999999,32.639753450000001
5688212,2012,2014-01-24,9645,2012-06-26,1836,012777,,2,2,7,3711,0,1,1,,2,007,"RT 5","CARMEL MOUNTAIN RD",180.00,S,N,A,-,Y,SD,11,5,-,R,31.780,H,-,S,Y,4,0,1,3,A,-,01,23152,A,N,C,C,A,A,H,-,A,D,1,,,,,Y,Y,A,07,0,0,1,0,0,0,0,0,0,"- ","- ",32.911769999999997,-117.23445,"SAN DIEGO","SAN DIEGO",-117.23439716,32.917629830000003
5688228,2012,2014-01-24,9645,2012-06-20,1650,16018,,3,2,7,3711,0,1,1,,2,007,"RT 5","CARMEL MOUNTAIN",2640.00,S,N,A,-,Y,SD,11,5,-,R,31.310,H,-,S,Y,3,0,1,3,A,-,01,23152,A,N,C,C,A,A,H,-,A,D,1,,,,,Y,Y,A,01,0,1,0,0,0,0,0,0,0,"- ","- ",32.910789999999999,-117.22845,"SAN DIEGO","SAN DIEGO",-117.22943633,32.912699259999997
5688235,2012,2013-11-06,9645,2012-06-24,2045,019496,,7,2,9,3700,0,3,5,,2,018,"BONITA RD","GLEN ABBEY DR",100.00,E,N,A,-,N,,,,,,,,,,Y,3,0,1,2,A,-,01,23152,A,N,C,C,A,A,H,-,D,D,0,,,,,Y,Y,A,01,0,1,0,0,0,0,0,0,0,"- ","- ",32.65596,-117.0428,"SAN DIEGO",UNINCORPORATED,-117.04971475000001,32.651849779999999
5688240,2012,2014-01-24,9645,2012-06-22,0240,018149,,5,3,7,3711,0,1,1,,2,007,"RT 5","GENESEE AV",1000.00,S,N,A,-,Y,SD,11,5,-,R,29.260,H,-,N,Y,3,0,1,1,A,-,08,22107,,N,E,I,A,A,H,-,C,D,1,,,,,Y,Y,A,01,0,1,0,0,0,0,0,0,0,"- ","- ",32.883740000000003,-117.22775,"SAN DIEGO","SAN DIEGO",-117.22797932,32.882914470000003
5691223,2012,2013-09-23,3709,2012-06-28,2030,471,,4,5,5,3709,0,0,0,,0,020,"NATIONAL CITY BL","EAST PLAZA BL",0.00,,Y,A,-,N,,,,,,,,,,Y,3,0,3,2,A,-,01,23153,A,N,C,C,A,A,-,-,A,A,0,,,,,Y,Y,A,01,0,1,2,0,0,0,0,0,0,"- ","- ",,,"SAN DIEGO","NATIONAL CITY",-117.106292,32.674144820000002
5718858,2012,2013-11-02,3706,2012-07-01,1605,322,ESPD,7,5,6,3706,0,0,0,,0,045,"QUINCE ST","WASHINGTON AV",23.00,N,N,A,-,N,,,,,,,,,,Y,4,0,1,2,A,-,01,23152,A,N,C,C,A,A,H,-,A,A,0,,,,,Y,Y,D,22,0,0,1,0,0,0,0,0,0,"- ","- ",,,"SAN DIEGO",ESCONDIDO,-117.09200704,33.124494159999998
5719585,2012,2013-11-06,9650,2012-07-09,0225,5738,,1,3,9,3700,0,3,5,,2,211,"LAKE WOHLFORD RD","OAKVALE RD",0.00,,Y,A,-,N,,,,,,,,,,Y,3,0,1,1,A,-,01,23152,A,N,E,I,A,A,H,-,D,D,0,,,,,Y,Y,D,22,0,1,0,0,0,0,0,0,0,"- ","- ",33.167180000000002,-117.00838,"SAN DIEGO",UNINCORPORATED,-117.00840193000001,33.167264830000001
5720091,2012,2013-10-05,3711,2012-06-30,0040,6762,,6,5,7,3711,0,0,0,,0,813,"30TH ST","LANDIS ST",26.00,S,N,A,-,N,,,,,,,,,,N,4,0,1,2,B,-,22,,,N,C,G,A,A,H,-,C,A,0,,Y,,,Y,Y,L,04,0,0,1,0,0,0,1,0,0,"- ","- ",,,"SAN DIEGO","SAN DIEGO",-117.1300919,32.74516354
5720099,2012,2013-10-07,3711,2012-06-30,0200,4961,,6,5,7,3711,0,0,0,,0,825,"FAIRMONT AV","MONTEZUMA RD",839.00,S,N,B,-,N,,,,,,,,,,Y,3,0,1,1,A,-,08,22107,,N,F,-,A,A,H,-,C,D,0,,,,,Y,Y,-,"- ",0,1,0,0,0,0,0,0,0,"- ","- ",,,"SAN DIEGO","SAN DIEGO",-117.09700530000001,32.770157990000001
5720107,2012,2014-01-07,3711,2012-06-26,1643,6702,,2,5,7,3711,0,0,0,,0,721,"SATURN BL","PALM AV",97.00,S,N,A,-,Y,SD,11,75,-,-,9.310,I,6,S,N,4,0,1,2,A,-,05,21650,1,N,A,G,A,A,H,-,A,D,0,,Y,,,Y,Y,L,04,0,0,1,0,0,0,1,0,0,"- ","- ",,,"SAN DIEGO","SAN DIEGO",-117.09257728999999,32.583710940000003
5720115,2012,2013-10-07,3711,2012-06-29,0127,6780,,5,5,7,3711,0,0,0,,0,627,10TH,UNIVERSITY,0.00,,Y,A,-,N,,,,,,,,,,Y,4,0,1,1,A,-,08,22107,,N,E,I,A,A,H,-,C,D,0,,,,,Y,Y,-,"- ",0,0,1,0,0,0,0,0,0,"- ","- ",,,"SAN DIEGO","SAN DIEGO",-117.15535190999999,32.748414789999998
5720906,2012,2013-09-28,3711,2012-06-14,2141,6315,,4,5,7,3711,0,0,0,,0,322,"LEICESTER WY","51ST ST",92.00,E,N,A,-,N,,,,,,,,,,Y,3,0,1,1,A,-,08,22107,,N,E,I,A,A,H,-,C,D,0,,,,,Y,Y,-,"- ",0,1,0,0,0,0,0,0,0,"- ","- ",,,"SAN DIEGO","SAN DIEGO",-117.08334376000001,32.799116140000002
5721017,2012,2014-01-02,3711,2012-06-16,0150,5556,,6,5,7,3711,0,0,0,,0,326,"MONTEZUMA RD","COLLEGE AV",0.00,,Y,B,-,N,,,,,,,,,,Y,4,0,1,2,A,-,12,21453,A,N,D,C,A,A,H,-,C,A,0,,,,,Y,Y,-,"- ",0,0,1,0,0,0,0,0,0,"- ","- ",,,"SAN DIEGO","SAN DIEGO",-117.06985195,32.77071488
5721092,2012,2013-08-23,3702,2012-04-22,2224,CV0954,,7,5,6,3702,0,0,0,,0,032,"EAST H ST","TIERRA DEL REY",0.00,,Y,A,-,N,,,,,,,,,,Y,3,0,4,2,A,-,12,21453,A,F,D,C,A,A,H,-,C,A,0,,,,,Y,Y,A,01,0,1,3,0,0,0,0,0,0,"- ","- ",,,"SAN DIEGO","CHULA VISTA",-117.0206719,32.635924809999999
5721270,2012,2013-10-30,3711,2012-07-04,2141,6272,,3,5,7,3711,0,0,0,,0,112,"MOUNT ACADIA BL","ACWORTH AV",6.00,N,N,B,-,N,,,,,,,,,,N,4,0,1,2,A,-,12,22450,A,N,A,C,A,A,H,-,C,A,0,,,,,Y,Y,D,22,0,0,1,0,0,0,0,0,0,"- ","- ",,,"SAN DIEGO","SAN DIEGO",-117.1824203,32.807127960000003
5721618,2012,2013-10-02,3701,2012-06-23,2043,5383,1,6,5,5,3701,0,0,0,,0,001,"BEECH AV","GARFIELD ST",75.00,E,N,A,-,N,,,,,,,,,,N,4,0,1,2,A,-,01,23152,A,N,C,C,A,A,H,-,C,A,0,,,,,Y,Y,-,"- ",0,0,1,0,0,0,0,0,0,"- ","- ",,,"SAN DIEGO",CARLSBAD,-117.35418002999999,33.160600479999999
5722591,2012,2013-11-07,9680,2012-07-01,1445,016102,,7,2,9,3700,0,3,5,,2,006,"BUCKMAN SPRINGS RD","OAK DR",4224.00,N,N,A,-,N,,,,,,,,,,Y,4,0,1,1,A,-,01,23152,A,N,E,I,A,A,H,-,A,D,0,,,,,Y,Y,D,22,0,0,1,0,0,0,0,0,0,"- ","- ",32.702379999999998,-116.48956,"SAN DIEGO",UNINCORPORATED,-116.48967414000001,32.70242245
5722675,2012,2013-11-07,3710,2012-07-14,2205,OC1274,,6,5,6,3710,0,0,0,,0,016,"EL CAMINIO REAL","LOS ARBOLITOS BL",0.00,,Y,A,-,N,,,,,,,,,,Y,4,0,1,2,A,-,01,23152,A,F,D,C,A,A,H,-,C,A,0,,,,,Y,Y,A,01,0,0,1,0,0,0,0,0,0,"- ","- ",,,"SAN DIEGO",OCEANSIDE,-117.331092,33.228124870000002
5722995,2012,2013-11-05,9645,2012-07-07,2335,19054,,6,3,7,3711,0,1,1,,2,021,"RT 15","RT 94",2640.00,N,N,A,-,Y,SD,11,15,-,T,2.770,H,-,S,Y,3,0,1,2,A,-,01,23152,A,N,E,I,A,A,H,-,D,D,1,,,,Y,Y,Y,A,01,0,1,0,0,0,0,0,0,0,"- ","- ",32.724310000000003,-117.1151,"SAN DIEGO","SAN DIEGO",-117.12111830000001,32.838598750000003
5723186,2012,2013-10-12,3711,2012-06-29,0055,6307,,5,5,7,3711,0,0,0,,0,626,WASHINGTON,"INDIA ST",125.00,N,N,A,-,N,,,,,,,,,,N,3,0,1,1,A,-,03,22350,,N,F,A,A,A,H,-,C,A,0,,,,,Y,Y,-,"- ",0,1,0,0,0,0,0,0,0,"- ","- ",,,"SAN DIEGO","SAN DIEGO",-117.18107778,32.743605340000002
5723428,2012,2013-11-02,3711,2012-07-01,2328,3939,,7,5,7,3711,0,0,0,,0,115,"NOBEL DR",LEBSON,254.00,W,N,B,-,N,,,,,,,,,,N,4,0,1,2,A,-,11,21955,,N,G,B,D,A,H,-,C,D,0,Y,,,,Y,Y,N,60,0,0,1,0,1,0,0,0,0,"- ","- ",,,"SAN DIEGO","SAN DIEGO",-117.2257036,32.868488890000002
5723432,2012,2013-11-02,3711,2012-07-03,0300,5812,,2,5,7,3711,0,0,0,,0,122,"GARNET AV","KENDALL ST",80.00,W,N,A,-,N,,,,,,,,,,Y,4,0,2,2,A,-,08,22107,,N,B,E,A,A,H,-,C,D,0,,,,,Y,Y,A,01,0,0,2,0,0,0,0,0,0,"- ","- ",,,"SAN DIEGO","SAN DIEGO",-117.23744306,32.800539569999998
5723452,2012,2013-10-14,3706,2012-06-25,1851,318,ESPD,1,5,6,3706,0,0,0,,0,042,"ESCONDIDO BL","VALLEY PKWY",118.00,N,N,A,-,N,,,,,,,,,,N,4,0,2,3,A,-,01,23152,A,F,C,C,A,A,H,-,A,D,0,,,,,Y,Y,A,01,0,0,2,0,0,0,0,0,0,"- ","- ",,,"SAN DIEGO",ESCONDIDO,-117.08506391,33.12148475
5723587,2012,2013-10-12,3706,2012-06-29,2500,0453,3706,5,5,6,3706,0,0,0,,0,053,"LOMAS SERENAS DR","AVENIDA AMOROSA",319.00,N,N,A,-,N,,,,,,,,,,Y,3,0,1,1,A,-,01,23152,A,N,E,I,A,A,H,-,D,D,0,,,,,Y,Y,A,07,0,1,0,0,0,0,0,0,0,"- ","- ",,,"SAN DIEGO",ESCONDIDO,-117.07397595,33.064666129999999
5723591,2012,2013-10-12,3706,2012-06-24,0329,447,ESPD,7,5,6,3706,0,0,0,,0,054,"GRAND AV","FAIRDALE AV",93.00,E,N,A,-,N,,,,,,,,,,Y,3,0,2,2,A,-,01,23152,A,N,B,E,A,A,H,-,C,D,0,,,,,Y,Y,A,,0,2,0,0,0,0,0,0,0,"- ","- ",,,"SAN DIEGO",ESCONDIDO,-117.05511331,33.131812330000002
5723948,2012,2013-09-23,3705,2012-05-27,1246,EC0168,,7,5,5,3705,0,0,0,,0,006,MARSHALL,PETREE,10.00,N,N,A,-,N,,,,,,,,,,N,3,0,1,1,A,-,05,21650,1,N,E,J,A,A,H,-,A,A,0,,Y,,,Y,Y,L,04,0,1,0,0,0,0,1,0,0,"- ","- ",,,"SAN DIEGO","EL CAJON",-116.97553188000001,32.805872170000001
5724722,2012,2013-11-07,3710,2012-07-05,1210,OC1236,,4,5,6,3710,0,0,0,,0,015,"MISSION AV","EL CAMINIO REAL",24.00,W,N,B,-,N,,,,,,,,,,N,4,0,2,2,A,-,03,22350,,N,C,C,A,A,H,-,A,A,0,,,,,Y,Y,A,01,0,0,2,0,0,0,0,0,0,"- ","- ",,,"SAN DIEGO",OCEANSIDE,-117.33104537,33.225846750000002
5724776,2012,2013-09-28,3710,2012-06-23,0347,OC1362,,6,5,6,3710,0,0,0,,0,021,"PALA RD","FRAZEE RD",35.00,S,N,A,-,N,,,,,,,,,,Y,3,0,1,1,A,-,01,23152,A,N,A,I,A,A,H,-,C,D,0,,,,,Y,Y,A,01,0,1,0,0,0,0,0,0,0,"- ","- ",,,"SAN DIEGO",OCEANSIDE,-117.30749877,33.238539350000003
5724934,2012,2013-10-05,3711,2012-06-28,0610,6293,,4,5,7,3711,0,0,0,,0,122,"RIVIERA DR","LA CIMA DR",98.00,N,N,B,-,N,,,,,,,,,,Y,3,0,1,3,A,-,08,22107,,N,B,E,A,A,H,-,A,D,0,,,,,Y,Y,-,"- ",0,1,0,0,0,0,0,0,0,"- ","- ",,,"SAN DIEGO","SAN DIEGO",-117.23916462,32.78254613
5724968,2012,2013-10-26,3711,2012-07-03,2345,6780,,2,5,7,3711,0,0,0,,0,625,MOORE,ARISTA,0.00,,Y,-,-,N,,,,,,,,,,Y,3,0,1,1,A,-,08,22107,,N,E,I,A,-,-,-,-,D,0,,,,,Y,Y,-,"- ",0,1,0,0,0,0,0,0,0,"- ","- ",,,"SAN DIEGO","SAN DIEGO",-117.19506203,32.749384810000002
5724995,2012,2013-10-26,3711,2012-07-03,2100,5926,3711,2,5,7,3711,0,0,0,,0,823,"UNIVERSITY AV","58TH ST",374.00,W,N,B,-,N,,,,,,,,,,N,3,0,1,2,A,-,11,21954,A,N,G,B,D,A,H,-,C,D,0,Y,,,,Y,Y,N,60,0,1,0,0,1,0,0,0,0,"- ","- ",,,"SAN DIEGO","SAN DIEGO",-117.07367541000001,32.748358379999999
5725019,2012,2013-11-01,3711,2012-07-05,0146,SD4295,,4,5,7,3711,0,0,0,,0,614,"NEWPORT AV","EBERS ST",270.00,W,N,A,-,N,,,,,,,,,,Y,4,0,1,3,A,-,08,22107,,M,A,D,A,A,H,-,C,D,0,,,,,Y,Y,-,"- ",0,0,1,0,0,0,0,0,0,"- ","- ",,,"SAN DIEGO","SAN DIEGO",-117.24660055,32.744088959999999
5725031,2012,2013-10-26,3711,2012-07-04,1830,3548,,3,5,7,3711,0,0,0,,0,124,"LA JOLLA MESA DR",SKYLARK,228.00,S,N,A,-,N,,,,,,,,,,Y,3,0,1,2,A,-,03,22350,,N,C,E,A,A,H,-,A,D,0,,,,,Y,Y,-,"- ",0,1,0,0,0,0,0,0,0,"- ","- ",,,"SAN DIEGO","SAN DIEGO",-117.2591649,32.815928280000001
5725039,2012,2013-10-26,3711,2012-07-04,1750,6620,,3,5,7,3711,0,0,0,,0,122,"DAWES ST","GARNET AV",102.00,S,N,B,-,N,,,,,,,,,,N,3,0,1,1,A,-,03,22350,,N,F,A,A,A,H,-,A,D,0,,Y,,,Y,Y,-,"- ",0,1,0,0,0,0,1,0,0,"- ","- ",,,"SAN DIEGO","SAN DIEGO",-117.2499468,32.797494720000003
5725058,2012,2013-10-26,3711,2012-07-07,0728,5061,,6,5,7,3711,0,0,0,,0,122,"MISSION BL","GRAND AV",205.00,S,N,B,-,N,,,,,,,,,,Y,3,0,2,1,A,-,08,22107,,N,E,I,A,A,H,-,A,D,0,,,,,Y,Y,A,01,0,2,0,0,0,0,0,0,0,"- ","- ",,,"SAN DIEGO","SAN DIEGO",-117.25477513,32.794181129999998
5725090,2012,2013-10-26,3711,2012-07-05,0206,3815,,4,5,7,3711,0,0,0,,0,529,"KALMIA ST","BRANT ST",84.00,E,N,A,-,N,,,,,,,,,,Y,3,0,4,4,A,-,03,22350,,N,B,E,A,A,H,-,C,A,0,,,,,Y,Y,A,01,0,4,0,0,0,0,0,0,0,"- ","- ",,,"SAN DIEGO","SAN DIEGO",-117.16641968,32.730297720000003
5725548,2012,2014-01-24,9645,2012-06-25,0310,019480,,1,3,7,3711,0,1,1,,2,007,"RT 5","GENESEE AV",69.00,S,N,A,-,Y,SD,11,5,-,R,29.336,R,2,S,Y,3,0,1,1,A,-,01,23152,A,N,E,I,A,A,H,-,C,D,1,,,,,Y,Y,A,07,0,1,0,0,0,0,0,0,0,FR,"- ",32.886850000000003,-117.2286,"SAN DIEGO","SAN DIEGO",-117.22814187,32.884554809999997
5725851,2012,2013-11-01,9645,2012-07-02,1952,13292,,1,2,7,3711,0,1,1,,2,015,"RT 805","LA JOLLA VILLAGE DR",20.00,S,N,B,-,Y,SD,11,805,-,-,25.757,R,4,S,Y,2,0,2,2,A,-,01,23152,A,N,E,I,A,A,H,-,C,A,1,,,,,Y,Y,A,01,1,0,1,0,0,0,0,0,0,TO,"- ",32.875070000000001,-117.20108,"SAN DIEGO","SAN DIEGO",-117.19811531000001,32.873024800000003
5726113,2012,2014-03-04,9650,2012-06-28,2355,17401,,4,3,6,3710,0,1,3,,2,015,"RT 78","JEFFERSON ST",15.00,W,N,A,-,Y,SD,11,78,-,-,0.633,R,1,E,N,4,0,1,2,A,-,03,22350,,N,C,C,A,A,H,-,D,D,1,,,,,Y,Y,A,01,0,0,1,0,0,0,0,0,0,"- ","- ",,,"SAN DIEGO",OCEANSIDE,-117.34350191,33.180794839999997