CASE_ID,ACCIDENT_YEAR,PROC_DATE,JURIS,COLLISION_DATE,COLLISION_TIME,OFFICER_ID,REPORTING_DISTRICT,DAY_OF_WEEK,CHP_SHIFT,POPULATION,CNTY_CITY_LOC,SPECIAL_COND,BEAT_TYPE,CHP_BEAT_TYPE,CITY_DIVISION_LAPD,CHP_BEAT_CLASS,BEAT_NUMBER,PRIMARY_RD,SECONDARY_RD,DISTANCE,DIRECTION,INTERSECTION,WEATHER_1,WEATHER_2,STATE_HWY_IND,CALTRANS_COUNTY,CALTRANS_DISTRICT,STATE_ROUTE,ROUTE_SUFFIX,POSTMILE_PREFIX,POSTMILE,LOCATION_TYPE,RAMP_INTERSECTION,SIDE_OF_HWY,TOW_AWAY,COLLISION_SEVERITY,NUMBER_KILLED,NUMBER_INJURED,PARTY_COUNT,PRIMARY_COLL_FACTOR,PCF_CODE_OF_VIOL,PCF_VIOL_CATEGORY,PCF_VIOLATION,PCF_VIOL_SUBSECTION,HIT_AND_RUN,TYPE_OF_COLLISION,MVIW,PED_ACTION,ROAD_SURFACE,ROAD_COND_1,ROAD_COND_2,LIGHTING,CONTROL_DEVICE,CHP_ROAD_TYPE,PEDESTRIAN_ACCIDENT,BICYCLE_ACCIDENT,MOTORCYCLE_ACCIDENT,TRUCK_ACCIDENT,NOT_PRIVATE_PROPERTY,ALCOHOL_INVOLVED,STWD_VEHTYPE_AT_FAULT,CHP_VEHTYPE_AT_FAULT,COUNT_SEVERE_INJ,COUNT_VISIBLE_INJ,COUNT_COMPLAINT_PAIN,COUNT_PED_KILLED,COUNT_PED_INJURED,COUNT_BICYCLIST_KILLED,COUNT_BICYCLIST_INJURED,COUNT_MC_KILLED,COUNT_MC_INJURED,PRIMARY_RAMP,SECONDARY_RAMP,LATITUDE,LONGITUDE,COUNTY,CITY,POINT_X,POINT_Y
5755107,2012,2013-10-26,9680,2012-07-14,0119,18754,,6,3,9,3700,0,1,3,,1,024,"RT 94","MELODY RD",1056.00,E,N,A,-,Y,SD,11,94,-,-,20.850,H,-,E,Y,3,0,1,1,A,-,01,23152,A,N,F,A,A,A,H,-,D,D,0,,,,,Y,Y,D,22,0,1,0,0,0,0,0,0,0,"- ","- ",32.704169999999998,-116.86812,"SAN DIEGO",UNINCORPORATED,-116.86914852,32.704786800000001
5755123,2012,2013-10-24,9645,2012-07-26,2024,19010,,4,2,7,3711,0,1,3,,2,025,"RT 163","BALBOA AV",200.00,S,N,A,-,Y,SD,11,163,-,-,8.158,R,2,N,Y,3,0,1,1,A,-,01,23152,A,N,F,A,A,A,H,-,C,D,1,,,Y,,Y,Y,C,02,0,1,0,0,0,0,0,0,1,TO,"- ",32.820839999999997,-117.14645,"SAN DIEGO","SAN DIEGO",-117.14460185,32.825504809999998
5755182,2012,2013-10-24,9645,2012-07-30,2328,16138,,1,3,7,3711,0,1,1,,2,010,"RT 8","WEST MISSION BAY DR",75.00,E,N,B,-,Y,SD,11,8,-,L,1.240,H,-,E,Y,4,0,1,2,A,-,03,22350,,N,B,C,A,A,H,-,D,D,1,,,,,Y,Y,A,01,0,0,1,0,0,0,0,0,0,"- ","- ",32.756779999999999,-117.22228,"SAN DIEGO","SAN DIEGO",-117.22220299999999,32.756788540000002
5755486,2012,2013-10-28,3711,2012-07-27,2326,5393,,5,5,7,3711,0,0,0,,0,111,"LINDA VISTA RD","MESA COLLEGE DR",650.00,N,N,A,-,N,,,,,,,,,,Y,4,0,1,4,A,-,05,21650,,M,D,E,A,A,H,-,D,D,0,,,,,Y,Y,A,07,0,0,1,0,0,0,0,0,0,"- ","- ",,,"SAN DIEGO","SAN DIEGO",-117.15723048,32.802407160000001
5755524,2012,2013-11-22,9650,2012-08-05,0020,017723,,7,3,9,3700,0,1,1,,2,023,"RT 5","NUTMEG ST",1056.00,S,N,A,-,Y,SD,11,15,-,R,34.020,H,-,S,Y,4,0,1,1,A,-,01,23152,A,N,F,A,A,A,H,-,D,D,1,,,,,Y,Y,D,22,0,0,1,0,0,0,0,0,0,"- ","- ",33.165500000000002,-117.10746,"SAN DIEGO",UNINCORPORATED,-117.10721138,33.16469197
5755578,2012,2014-04-18,3711,2012-07-25,2218,5340,,3,5,7,3711,0,0,0,,0,514,"19TH ST","IMPERIAL AV",13.00,N,N,A,-,N,,,,,,,,,,N,3,0,1,2,D,-,00,,,N,G,B,D,A,H,-,C,A,0,Y,,,,Y,Y,-,"- ",0,1,0,0,1,0,0,0,0,"- ","- ",,,"SAN DIEGO","SAN DIEGO",-117.14674067,32.706280360000001
5756198,2012,2013-07-31,3700,2012-03-14,2025,SH1062,,3,5,5,3781,0,0,0,,0,515,"WOODSIDE AV","WHEATLANDS AV",40.00,S,N,A,-,N,,,,,,,,,,N,3,0,1,2,A,-,11,21954,A,N,G,B,E,A,H,-,C,D,0,Y,,,,Y,Y,N,60,0,1,0,0,1,0,0,0,0,"- ","- ",,,"SAN DIEGO",SANTEE,-116.95845589,32.845759270000002
5756406,2012,2013-11-23,9680,2012-08-04,2125,018907,,6,2,9,3700,0,2,4,,1,029,"SWEETWATER SPRINGS BL","AUSTIN DR",0.00,,Y,A,-,N,,,,,,,,,,Y,2,0,2,3,A,-,01,23153,A,N,D,C,A,A,H,-,C,A,0,,,,,Y,Y,A,01,1,1,0,0,0,0,0,0,0,"- ","- ",32.73095,-116.97168000000001,"SAN DIEGO",UNINCORPORATED,-116.9716219,32.730974840000002
5756536,2012,2013-10-26,9680,2012-07-21,2320,19273,,6,3,9,3700,0,2,4,,1,094,"WILDCAT CANYON RD","SAN VICENTE RD",5808.00,S,N,C,-,N,,,,,,,,,,Y,3,0,1,1,A,-,01,23152,A,N,E,I,A,B,H,-,D,A,0,,,,,Y,Y,D,22,0,1,0,0,0,0,0,0,0,"- ","- ",32.989710000000002,-116.83076,"SAN DIEGO",UNINCORPORATED,-116.83214601,32.989729150000002
5756900,2012,2013-10-26,3711,2012-07-28,2247,5655,,6,5,7,3711,0,0,0,,0,326,"COLLEGE AV","AROSA ST",215.00,N,N,B,-,N,,,,,,,,,,N,3,0,1,3,A,-,08,22107,,N,C,C,A,A,H,-,C,D,0,,,,,Y,Y,-,"- ",0,1,0,0,0,0,0,0,0,"- ","- ",,,"SAN DIEGO","SAN DIEGO",-117.06694342999999,32.765760950000001
5756912,2012,2013-10-25,3711,2012-07-29,0141,4243,,7,5,7,3711,0,0,0,,0,122,"CASS ST","HORNBLEND ST",16.00,N,N,A,-,N,,,,,,,,,,N,3,0,2,3,A,-,10,21954,B,N,G,B,D,A,H,-,C,D,0,Y,,,,Y,Y,A,01,0,2,0,0,2,0,0,0,0,"- ","- ",,,"SAN DIEGO","SAN DIEGO",-117.25158458999999,32.796477279999998
5756947,2012,2013-10-26,3711,2012-07-28,2037,5522,,6,5,7,3711,0,0,0,,0,611,"ROOSEVELT RD","ROOSEVELT RD 2900",0.00,,N,A,-,N,,,,,,,,,,N,4,0,1,2,A,-,03,22350,,N,C,C,A,A,H,-,C,D,0,,,,,Y,Y,-,"- ",0,0,1,0,0,0,0,0,0,"- ","- ",,,"SAN DIEGO","SAN DIEGO",-117.21544951,32.738161329999997
5756948,2012,2013-10-25,3711,2012-07-29,1823,4823,SANDI,7,5,7,3711,0,0,0,,0,123,"WEST MISSION BAY DR","SUNSET CLIFFS BL",169.00,W,N,A,-,N,,,,,,,,,,Y,3,0,1,1,A,-,03,22350,,N,F,A,A,A,H,-,A,D,0,,,Y,,Y,Y,C,02,0,1,0,0,0,0,0,0,1,"- ","- ",,,"SAN DIEGO","SAN DIEGO",-117.23634929000001,32.764887360000003
5756951,2012,2013-10-26,3711,2012-07-29,2051,6855,,7,5,7,3711,0,0,0,,0,627,"PARK BL","BROOKES AV",0.00,,Y,A,-,N,,,,,,,,,,N,3,0,1,2,A,-,"- ",,,N,D,C,A,A,H,-,C,A,0,,,,,Y,Y,-,"- ",0,1,0,0,0,0,0,0,0,"- ","- ",,,"SAN DIEGO","SAN DIEGO",-117.14757197,32.743254829999998
5757254,2012,2013-10-26,3711,2012-07-21,2354,4961,,6,5,7,3711,0,0,0,,0,826,"EUCLID AV","TROJAN AV",105.00,N,N,A,-,N,,,,,,,,,,Y,3,0,1,3,A,-,08,22107,,N,C,E,A,A,H,-,C,D,0,,,,,Y,Y,-,"- ",0,1,0,0,0,0,0,0,0,"- ","- ",,,"SAN DIEGO","SAN DIEGO",-117.09222640999999,32.755222340000003
5757274,2012,2013-10-26,3711,2012-07-25,1848,HILTON,SD,3,5,7,3711,0,0,0,,0,122,"CASS ST","REED AV",10.00,N,N,A,-,N,,,,,,,,,,Y,4,0,1,2,A,-,09,21802,A,N,D,C,A,A,H,-,A,A,0,,,,,Y,Y,-,"- ",0,0,1,0,0,0,0,0,0,"- ","- ",,,"SAN DIEGO","SAN DIEGO",-117.25068018,32.793561259999997
5757281,2012,2013-10-31,3706,2012-07-30,2226,322,,1,5,6,3706,0,0,0,,0,042,"CENTRE CITY PKWY","WASHINGTON AV",60.00,S,N,A,-,N,,,,,,,,,,Y,4,0,1,4,A,-,01,23152,A,N,C,C,A,A,H,-,C,A,0,,,,,Y,Y,D,22,0,0,1,0,0,0,0,0,0,"- ","- ",,,"SAN DIEGO",ESCONDIDO,-117.08994451,33.124893929999999
5757713,2012,2013-10-23,9650,2012-07-22,0320,17263,,7,3,9,3700,0,2,4,,2,061,"SOUTH MISSION RD","OVERLAND TRL",152.00,S,N,A,-,N,,,,,,,,,,Y,3,0,6,2,A,-,01,23152,A,N,D,C,A,A,H,-,D,D,0,,,,,Y,Y,A,07,0,4,2,0,0,0,0,0,0,"- ","- ",33.342059999999996,-117.23983,"SAN DIEGO",UNINCORPORATED,-117.24012195,33.342340819999997
5757725,2012,2013-10-23,3711,2012-07-31,0018,4337,,2,5,7,3711,0,0,0,,0,242,"CAPRICORN WY","WESTVIEW PKWY",26.00,E,N,A,-,N,,,,,,,,,,N,3,0,1,2,A,-,04,21703,,N,H,G,A,A,H,-,C,-,0,,Y,,,Y,Y,L,04,0,1,0,0,0,0,1,0,0,"- ","- ",,,"SAN DIEGO","SAN DIEGO",-117.11911865,32.924346679999999
5757733,2012,2013-10-23,3711,2012-07-28,1505,5865,,6,5,7,3711,0,0,0,,0,124,"SPINDRIFT DR","PRINCESS ST",283.00,N,N,A,-,N,,,,,,,,,,Y,3,0,1,2,A,-,08,22107,,N,B,E,A,A,H,-,A,D,0,,,,,Y,Y,A,07,0,1,0,0,0,0,0,0,0,"- ","- ",,,"SAN DIEGO","SAN DIEGO",-117.26253699,32.85057518
5757767,2012,2014-02-03,9650,2012-05-13,0345,18875,,7,3,9,3700,0,1,1,,2,022,"RT 15","EAST MISSION RD",1668.00,S,N,A,-,Y,SD,11,15,-,R,50.280,H,-,S,Y,2,0,5,1,A,-,01,23152,A,N,E,I,A,A,H,-,C,D,1,,,,,Y,Y,A,01,1,4,0,0,0,0,0,0,0,"- ","- ",33.38241,-117.17404999999999,"SAN DIEGO",UNINCORPORATED,-117.17381451999999,33.380992740000003
5758189,2012,2013-11-22,9650,2012-08-05,0633,16275,,7,1,9,3700,0,1,1,,2,003,"RT 5","LAS PULGAS RD",2112.00,S,N,B,-,Y,SD,11,5,-,R,61.680,H,-,S,Y,3,0,1,3,A,-,01,23152,A,N,C,C,A,A,H,-,B,D,1,,,,Y,Y,Y,A,01,0,1,0,0,0,0,0,0,0,"- ","- ",33.28942,-117.45538000000001,"SAN DIEGO",UNINCORPORATED,-117.45864305000001,33.293508430000003
5758502,2012,2013-10-26,9650,2012-07-28,1633,15654,,6,2,9,3700,0,3,5,,2,006,"AMMUNITION RD","SOUTH MISSION RD",811.00,W,N,A,-,N,,,,,,,,,,Y,2,0,1,2,A,-,01,23152,A,F,D,C,A,A,H,-,A,D,0,,,Y,,Y,Y,D,22,1,0,0,0,0,0,0,0,1,"- ","- ",33.371139999999997,-117.25539000000001,"SAN DIEGO",UNINCORPORATED,-117.25496951,33.371149279999997
5758607,2012,2013-10-29,3711,2012-07-31,1831,5916,,2,5,7,3711,0,0,0,,0,113,"MORENA BL","BALBOA AV",0.00,,Y,A,-,N,,,,,,,,,,Y,2,0,5,2,A,-,09,21801,A,N,D,C,A,A,H,-,A,D,0,,,,,Y,Y,A,01,1,2,2,0,0,0,0,0,0,"- ","- ",,,"SAN DIEGO","SAN DIEGO",-117.21327196999999,32.807394789999996
5758611,2012,2013-11-23,3711,2012-08-07,2015,5340,,2,5,7,3711,0,0,0,,0,934,"EL CAMINO REAL","HALF MILE DR",16.00,N,N,A,-,N,,,,,,,,,,Y,4,0,1,2,A,-,09,21453,B,N,D,C,A,A,H,-,C,A,0,,,,,Y,Y,A,01,0,0,1,0,0,0,0,0,0,"- ","- ",,,"SAN DIEGO","SAN DIEGO",-117.23426602000001,32.962098480000002
5759288,2012,2013-11-23,3706,2012-08-10,1735,412,ESPD,5,5,6,3706,0,0,0,,0,051,"BEAR VALLEY PKWY","SAN PASQUAL RD",0.00,,Y,A,-,N,,,,,,,,,,Y,3,0,2,2,A,-,01,23152,A,N,C,C,A,A,H,-,A,A,0,,,,,Y,Y,D,22,0,2,0,0,0,0,0,0,0,"- ","- ",,,"SAN DIEGO",ESCONDIDO,-117.05887196,33.073974909999997
5759292,2012,2013-11-27,3706,2012-08-11,2019,447,ESPD,6,5,6,3706,0,0,0,,0,054,"CENTRE CITY PKWY","EL NORTE PKWY",34.00,S,N,A,-,N,,,,,,,,,,Y,4,0,1,2,A,-,01,23153,A,N,C,C,A,A,H,-,D,A,0,,,,,Y,Y,D,22,0,0,1,0,0,0,0,0,0,"- ","- ",,,"SAN DIEGO",ESCONDIDO,-117.09346016000001,33.139651700000002
5760054,2012,2013-11-16,9650,2012-08-11,0315,18875,,6,3,9,3700,0,1,1,,2,021,"RT 15","RT 76",3717.00,S,N,A,-,Y,SD,11,15,-,R,45.790,H,-,N,Y,2,0,2,2,A,-,01,23152,A,N,C,C,A,A,H,-,D,D,1,,,,Y,Y,Y,A,01,1,0,1,0,0,0,0,0,0,"- ","- ",33.321919999999999,-117.15658999999999,"SAN DIEGO",UNINCORPORATED,-117.15660665,33.321183949999998
5760236,2012,2013-12-19,3701,2012-09-20,1522,5291,,4,5,5,3701,0,0,0,,0,006,"HIDDEN VALLEY RD","PALOMAR AIRPORT RD",18.00,S,N,A,-,N,,,,,,,,,,Y,4,0,1,3,A,-,01,23152,A,N,D,C,A,A,H,-,A,A,0,,,,,Y,Y,D,22,0,0,1,0,0,0,0,0,0,"- ","- ",,,"SAN DIEGO",CARLSBAD,-117.30605811,33.123509749999997
5760422,2012,2013-09-24,3711,2012-06-28,1452,6034,,4,5,7,3711,0,0,0,,0,122,"MISSION AV","THOMAS AV",0.00,S,N,A,-,N,,,,,,,,,,N,4,0,3,2,D,-,00,,,N,C,C,A,A,H,-,A,A,0,,,,,Y,Y,-,"- ",0,0,3,0,0,0,0,0,0,"- ","- ",,,"SAN DIEGO","SAN DIEGO",-117.25462193,32.793664819999996
5760941,2012,2013-11-20,3711,2012-08-29,1155,6860,,3,5,7,3711,0,0,0,,0,,"27TH ST","IRIS AV",180.00,N,N,B,-,N,,,,,,,,,,N,4,0,1,2,A,-,17,22517,,N,-,D,A,A,H,-,A,D,0,,,,,Y,Y,A,01,0,0,1,0,0,0,0,0,0,"- ","- ",,,"SAN DIEGO","SAN DIEGO",-117.07546188000001,32.569637790000002
5761055,2012,2013-09-24,3705,2012-06-04,1835,EC0301,,1,5,5,3705,0,0,0,,0,010,"E MADISON",MILEPOST,133.00,W,N,B,-,N,,,,,,,,,,N,3,0,1,2,A,-,11,21954,A,N,G,B,D,A,H,-,A,D,0,Y,,,,Y,Y,N,60,0,1,0,0,1,0,0,0,0,"- ","- ",,,"SAN DIEGO","EL CAJON",,
5761499,2012,2013-08-02,3705,2012-03-28,2000,EC0198,,3,5,5,3705,0,0,0,,0,007,1ST,MARLINE,188.00,N,N,A,-,N,,,,,,,,,,Y,4,0,1,2,A,-,01,23152,A,N,D,C,A,A,H,-,C,D,0,,,,,Y,Y,A,01,0,0,1,0,0,0,0,0,0,"- ","- ",,,"SAN DIEGO","EL CAJON",-116.94462187000001,32.805689639999997
5761734,2012,2013-11-21,3711,2012-08-09,0056,5926,3711,4,5,7,3711,0,0,0,,0,326,"COLLEGE AV","CRESITA ST",44.00,S,N,B,-,N,,,,,,,,,,Y,2,0,2,2,A,-,03,22350,,N,C,E,A,A,H,-,C,D,0,,,,,Y,Y,A,01,1,0,1,0,0,0,0,0,0,"- ","- ",,,"SAN DIEGO","SAN DIEGO",-117.06860961,32.768610870000003
5761899,2012,2014-04-25,3706,2012-08-23,1926,0360,ESPD,4,5,6,3706,0,0,0,,0,053,"DEL LAGO BL","RT 15",7.00,E,N,A,-,Y,SD,11,15,-,M,27.359,R,4,S,Y,4,0,1,2,A,-,01,23152,A,N,D,C,A,A,H,-,B,A,0,,,,,Y,Y,A,01,0,0,1,0,0,0,0,0,0,"- ",SF,,,"SAN DIEGO",ESCONDIDO,-117.0741039,33.083656019999999
5761944,2012,2013-12-10,3711,2012-09-06,0147,5340,,4,5,7,3711,0,0,0,,0,614,"SANTA MONICA AV","BACON ST",94.00,E,N,A,-,N,,,,,,,,,,N,2,0,1,3,A,-,17,21203,,N,G,B,E,A,H,-,C,D,0,Y,,,Y,Y,Y,N,60,1,0,0,0,1,0,0,0,0,"- ","- ",,,"SAN DIEGO","SAN DIEGO",-117.25011502,32.747543800000003
5762257,2012,2013-09-24,3711,2012-05-16,2311,5600,,3,5,7,3711,0,0,0,,0,243,"MIRAMAR RD","CARROLL RD",0.00,,Y,A,-,N,,,,,,,,,,Y,4,0,3,2,A,-,12,21453,A,N,D,C,A,A,H,-,C,A,0,,,,,Y,Y,A,01,0,0,3,0,0,0,0,0,0,"- ","- ",,,"SAN DIEGO","SAN DIEGO",-117.15620198000001,32.88201488
5762910,2012,2014-04-11,9645,2012-09-08,0102,019344,,6,3,7,3711,0,1,1,,2,013,"RT 805","RT 8",2575.00,N,N,A,-,Y,SD,11,805,-,-,18.140,H,-,N,Y,3,0,1,3,A,-,01,23152,A,N,C,C,A,A,H,-,C,D,1,,,,Y,Y,Y,A,01,0,1,0,0,0,0,0,0,0,"- ","- ",32.777749999999997,-117.13606,"SAN DIEGO","SAN DIEGO",-117.13583159,32.777440370000001
5763506,2012,2014-01-27,3700,2012-06-30,0638,SH1908,,6,5,5,3781,0,0,0,,0,516,"MISSION GORGE RD","RT 125",0.00,,Y,A,-,Y,SD,11,125,-,-,22.301,I,6,N,Y,3,0,1,1,A,-,01,23152,A,N,H,I,A,A,H,-,B,A,0,,,,,Y,Y,A,01,0,1,0,0,0,0,0,0,0,"- ","- ",,,"SAN DIEGO",SANTEE,-117.00310183000001,32.838674810000001
5764177,2012,2013-12-12,3700,2012-09-23,0423,SH1372,,7,5,5,3712,0,0,0,,0,353,"BUTTERFIELD LN","ROCK SPRINGS RD",96.00,N,N,A,-,N,,,,,,,,,,N,3,0,1,3,A,-,08,22107,,N,B,E,A,A,H,-,C,D,0,,,,,Y,Y,-,"- ",0,1,0,0,0,0,0,0,0,"- ","- ",,,"SAN DIEGO","SAN MARCOS",-117.12527550999999,33.14749741
5764884,2012,2013-11-23,9680,2012-08-18,0335,19255,,6,3,9,3700,0,1,1,,2,084,"RT 8","VIEJAS CREEK BR",1056.00,E,N,A,-,Y,SD,11,8,-,R,32.240,H,-,W,Y,3,0,1,1,A,-,01,23152,A,M,E,I,A,A,H,-,C,D,1,,,,,Y,Y,D,22,0,1,0,0,0,0,0,0,0,"- ","- ",32.835680000000004,-116.71702999999999,"SAN DIEGO",UNINCORPORATED,-116.71605461999999,32.836128420000001
5764916,2012,2013-11-23,3706,2012-08-25,0854,380,ESCON,6,5,6,3706,0,0,0,,0,041,"LINCOLN AV","GARRICK WY",0.00,,Y,B,-,N,,,,,,,,,,Y,3,0,1,3,A,-,01,23152,A,M,D,C,A,A,H,-,A,A,0,,,,,Y,Y,D,22,0,1,0,0,0,0,0,0,0,"- ","- ",,,"SAN DIEGO",ESCONDIDO,-117.08438988,33.134540039999997
5764944,2012,2013-11-23,9650,2012-08-25,1910,18011,,6,2,9,3700,0,3,5,,2,230,"VIA RANCHO PKWY","VIA HERMOSA",315.00,W,N,A,-,N,,,,,,,,,,Y,3,0,1,1,A,-,"- ",,,N,E,I,A,A,H,-,D,D,0,,,,,Y,Y,D,22,0,1,0,0,0,0,0,0,0,"- ","- ",33.074939999999998,-117.08759999999999,"SAN DIEGO",UNINCORPORATED,-117.0878902,33.074922739999998
5764977,2012,2013-11-23,3702,2012-08-12,2302,CV1032,,7,5,6,3702,0,0,0,,0,024,"MAIN ST","AUTO PARK AV",114.00,E,N,A,-,N,,,,,,,,,,Y,4,0,3,2,A,-,01,23152,A,N,C,C,A,A,H,-,C,A,0,,,,,Y,Y,A,01,0,0,3,0,0,0,0,0,0,"- ","- ",,,"SAN DIEGO","CHULA VISTA",-117.02428848,32.594916810000001
5765379,2012,2013-12-03,3701,2012-09-03,2105,5346,81,1,5,5,3701,0,0,0,,0,006,"MELROSE DR","PALOMAR AIRPORT RD",0.00,,Y,A,-,N,,,,,,,,,,Y,4,0,1,4,A,-,12,21453,A,N,D,C,A,A,H,-,C,A,0,,,,,Y,Y,A,01,0,0,1,0,0,0,0,0,0,"- ","- ",33.130769999999998,-117.24541000000001,"SAN DIEGO",CARLSBAD,-117.24551200000001,33.13023484
5765446,2012,2013-11-23,3711,2012-08-21,2236,5340,,2,5,7,3711,0,0,0,,0,451,"54TH ST","WESTOVER PL",104.00,S,N,A,-,N,,,,,,,,,,Y,4,0,4,3,A,-,03,22350,,N,C,C,A,A,H,-,C,A,0,,,,,Y,Y,A,01,0,0,4,0,0,0,0,0,0,"- ","- ",,,"SAN DIEGO","SAN DIEGO",-117.08416037000001,32.724568050000002
5767692,2012,2013-11-26,3711,2012-08-25,2345,4310,,6,5,7,3711,0,0,0,,0,446,"MANOMET ST","GLORIA ST",500.00,E,N,A,-,N,,,,,,,,,,Y,3,0,1,3,A,-,08,22107,,N,A,E,A,A,H,-,C,D,0,,,,,Y,Y,A,01,0,1,0,0,0,0,0,0,0,"- ","- ",,,"SAN DIEGO","SAN DIEGO",-117.08891212,32.699029799999998
5767696,2012,2013-11-25,3711,2012-08-26,2254,3661,"SAN D",7,5,7,3711,0,0,0,,0,624,"ADAMS AV","FLORIDA ST",66.00,E,N,A,-,N,,,,,,,,,,Y,4,0,1,4,A,-,08,22107,,N,C,E,A,A,H,-,C,D,0,,,,,Y,Y,A,07,0,0,1,0,0,0,0,0,0,"- ","- ",,,"SAN DIEGO","SAN DIEGO",-117.14361792,32.762464770000001
5768622,2012,2013-12-10,3706,2012-09-24,1927,322,ESPD,1,5,6,3706,0,0,0,,0,044,"WASHINGTONIA AV","ERICA ST",0.00,,Y,A,-,N,,,,,,,,,,Y,3,0,1,4,A,-,01,23152,A,N,B,E,A,A,H,-,C,D,0,,,,,Y,Y,A,01,0,1,0,0,0,0,0,0,0,"- ","- ",,,"SAN DIEGO",ESCONDIDO,-117.05600198,33.140234919999997
5768900,2012,2013-12-14,9680,2012-09-22,1756,016891,,6,2,9,3700,0,1,3,,1,052,"RT 78","MANZANITA DR",0.00,,Y,A,-,Y,SD,11,78,-,-,58.620,H,-,E,Y,2,0,4,2,A,-,01,23152,A,N,D,C,A,A,H,-,A,A,0,,,,,Y,Y,D,23,1,2,1,0,0,0,0,0,0,"- ","- ",33.076929999999997,-116.59019000000001,"SAN DIEGO",UNINCORPORATED,-116.59056176999999,33.07677486
5768922,2012,2014-04-18,3706,2012-09-27,1318,0345,ESPD,4,5,6,3706,0,0,0,,0,041,"CENTRE CITY PKWY","EL NORTE PKWY",0.00,,Y,A,-,N,,,,,,,,,,Y,4,0,1,2,A,-,01,23152,A,N,C,C,A,A,H,-,A,A,0,,,,,Y,Y,A,01,0,0,1,0,0,0,0,0,0,"- ","- ",,,"SAN DIEGO",ESCONDIDO,-117.09346197000001,33.139744919999998
5768952,2012,2013-12-09,9680,2012-09-26,0100,19407,,3,3,9,3700,0,1,3,,1,017,"RT 67","MAPLEVIEW ST",0.00,,Y,A,-,Y,SD,11,67,-,R,5.479,I,5,N,Y,3,0,2,2,A,-,12,21453,A,N,D,C,A,A,G,-,C,A,1,,,,,Y,Y,D,22,0,1,1,0,0,0,0,0,0,"- ","- ",32.863250000000001,-116.92246,"SAN DIEGO",UNINCORPORATED,-116.92279181000001,32.862864819999999
5769001,2012,2013-12-09,9645,2012-09-23,2046,16138,,7,2,7,3711,0,1,1,,2,021,"RT 15","OCEANVIEW BL",1584.00,N,N,A,-,Y,SD,11,15,-,R,0.890,H,-,N,Y,2,0,4,2,A,-,01,23152,A,N,C,C,A,A,H,-,D,D,1,,,,,Y,Y,D,22,1,3,0,0,0,0,0,0,0,"- ","- ",32.70532,-117.12042,"SAN DIEGO","SAN DIEGO",-117.12066363,32.700053650000001
5769191,2012,2013-11-20,3711,2012-08-09,1731,5916,,4,5,7,3711,0,0,0,,0,116,"CLAIRMONT DR","IROQUOIS AV",500.00,N,N,A,-,N,,,,,,,,,,Y,3,0,1,3,A,-,08,22107,,N,B,E,A,A,H,-,A,D,0,,,,,Y,Y,A,01,0,1,0,0,0,0,0,0,0,"- ","- ",,,"SAN DIEGO","SAN DIEGO",-117.19432005,32.798529350000003
5769573,2012,2014-04-18,9680,2012-08-23,2215,15081,,4,3,9,3700,0,3,5,,2,007,"SAN FELIPE RD","MPM 36",3168.00,S,N,A,-,N,,,,,,,,,,Y,2,0,1,1,A,-,05,21650,,N,F,A,A,A,H,-,D,A,0,,,,,Y,Y,D,22,1,0,0,0,0,0,0,0,0,"- ","- ",32.969720000000002,-116.31903,"SAN DIEGO",UNINCORPORATED,,
5769577,2012,2013-11-16,9680,2012-08-26,1410,18703,,7,2,9,3700,0,2,4,,1,026,"JAMACHA BL","POINTE PKWY",87.00,W,N,A,-,N,,,,,,,,,,Y,3,0,3,3,A,-,01,23152,A,N,C,C,A,A,H,-,A,A,0,,,,,Y,Y,D,22,0,2,1,0,0,0,0,0,0,"- ","- ",32.720680000000002,-116.97237,"SAN DIEGO",UNINCORPORATED,-116.97321501,32.723019979999997
5770247,2012,2014-04-18,9650,2012-09-08,0020,018875,,6,3,9,3700,0,3,5,,2,006,"INDUSTRIAL WY","MISSION RD",1046.00,S,N,A,-,N,,,,,,,,,,Y,3,0,1,1,A,-,01,23152,A,N,E,I,A,A,H,-,C,D,0,,,,,Y,Y,D,22,0,1,0,0,0,0,0,0,0,"- ","- ",33.385579999999997,-117.23712,"SAN DIEGO",UNINCORPORATED,-117.23801057999999,33.384833749999999
5770335,2012,2013-11-18,3700,2012-08-18,2334,SH2481,,6,5,5,3712,0,0,0,,0,352,"NORTH TWIN OAKS VALLEY DR","BUENA CREEK RD",0.00,,Y,A,-,N,,,,,,,,,,Y,3,0,1,2,A,-,01,23152,A,N,D,C,A,A,H,-,C,A,0,,,,,Y,Y,D,22,0,1,0,0,0,0,0,0,0,"- ","- ",,,"SAN DIEGO","SAN MARCOS",-117.15590198,33.182734850000003
5770376,2012,2014-01-13,3710,2012-08-13,1046,OC1127,,1,5,6,3710,0,0,0,,0,016,"FIRESIDE ST","HERITAGE ST",94.00,S,N,A,-,N,,,,,,,,,,N,3,0,1,2,A,-,01,23152,A,N,B,C,A,A,H,-,A,D,0,,,,,Y,Y,D,22,0,1,0,0,0,0,0,0,0,"- ","- ",,,"SAN DIEGO",OCEANSIDE,-117.33823203999999,33.225198910000003
5771301,2012,2013-11-13,3702,2012-08-30,1645,CV0482,,4,5,6,3702,0,0,0,,0,023,"MAX AV","RIENSTRA ST",428.00,S,N,A,-,N,,,,,,,,,,Y,3,0,1,1,A,-,01,23152,A,N,E,I,A,A,H,-,A,D,0,,,,,Y,Y,D,22,0,1,0,0,0,0,0,0,0,"- ","- ",,,"SAN DIEGO","CHULA VISTA",-117.04607863,32.604991429999998