CASE_ID,ACCIDENT_YEAR,PROC_DATE,JURIS,COLLISION_DATE,COLLISION_TIME,OFFICER_ID,REPORTING_DISTRICT,DAY_OF_WEEK,CHP_SHIFT,POPULATION,CNTY_CITY_LOC,SPECIAL_COND,BEAT_TYPE,CHP_BEAT_TYPE,CITY_DIVISION_LAPD,CHP_BEAT_CLASS,BEAT_NUMBER,PRIMARY_RD,SECONDARY_RD,DISTANCE,DIRECTION,INTERSECTION,WEATHER_1,WEATHER_2,STATE_HWY_IND,CALTRANS_COUNTY,CALTRANS_DISTRICT,STATE_ROUTE,ROUTE_SUFFIX,POSTMILE_PREFIX,POSTMILE,LOCATION_TYPE,RAMP_INTERSECTION,SIDE_OF_HWY,TOW_AWAY,COLLISION_SEVERITY,NUMBER_KILLED,NUMBER_INJURED,PARTY_COUNT,PRIMARY_COLL_FACTOR,PCF_CODE_OF_VIOL,PCF_VIOL_CATEGORY,PCF_VIOLATION,PCF_VIOL_SUBSECTION,HIT_AND_RUN,TYPE_OF_COLLISION,MVIW,PED_ACTION,ROAD_SURFACE,ROAD_COND_1,ROAD_COND_2,LIGHTING,CONTROL_DEVICE,CHP_ROAD_TYPE,PEDESTRIAN_ACCIDENT,BICYCLE_ACCIDENT,MOTORCYCLE_ACCIDENT,TRUCK_ACCIDENT,NOT_PRIVATE_PROPERTY,ALCOHOL_INVOLVED,STWD_VEHTYPE_AT_FAULT,CHP_VEHTYPE_AT_FAULT,COUNT_SEVERE_INJ,COUNT_VISIBLE_INJ,COUNT_COMPLAINT_PAIN,COUNT_PED_KILLED,COUNT_PED_INJURED,COUNT_BICYCLIST_KILLED,COUNT_BICYCLIST_INJURED,COUNT_MC_KILLED,COUNT_MC_INJURED,PRIMARY_RAMP,SECONDARY_RAMP,LATITUDE,LONGITUDE,COUNTY,CITY,POINT_X,POINT_Y
5783672,2012,2013-11-27,9650,2012-08-04,0455,017,,6,3,5,3701,0,1,1,,2,007,"RT 5","LA COSTA AV",450.00,S,N,B,-,Y,SD,11,5,-,R,43.980,H,-,S,Y,4,0,1,1,A,-,01,23152,A,N,E,I,A,A,H,-,C,D,1,,,,,Y,Y,A,01,0,0,1,0,0,0,0,0,0,"- ","- ",33.082039999999999,-117.29749,"SAN DIEGO",CARLSBAD,-117.29759435,33.082448769999999
5786732,2012,2013-10-21,3705,2012-07-12,1755,EC0277,,4,5,5,3705,0,0,0,,0,007,"MOLLISON AV",BROADWAY,50.00,S,N,B,-,N,,,,,,,,,,Y,4,0,2,2,A,-,01,23152,A,M,B,C,A,A,H,-,A,A,0,,,,,Y,Y,A,01,0,0,2,0,0,0,0,0,0,"- ","- ",,,"SAN DIEGO","EL CAJON",-116.95101064000001,32.807547849999999
5786733,2012,2013-10-21,3705,2012-07-15,0048,EC0330,,7,5,5,3705,0,0,0,,0,009,JAMACHA,"E MAIN",203.00,S,N,A,-,N,,,,,,,,,,Y,3,0,1,1,A,-,01,23152,A,N,E,I,A,A,H,-,C,D,0,,,Y,,Y,Y,C,02,0,1,0,0,0,0,0,0,1,"- ","- ",,,"SAN DIEGO","EL CAJON",-116.93565731,32.795039000000003
5786736,2012,2013-10-21,3705,2012-07-15,0047,EC0330,,7,5,5,3705,0,0,0,,0,009,JAMACHA,"E MAIN",201.00,S,N,A,-,N,,,,,,,,,,Y,4,0,1,1,A,-,01,23152,A,N,F,A,A,A,H,-,C,D,0,,,Y,,Y,Y,C,02,0,0,1,0,0,0,0,0,1,"- ","- ",,,"SAN DIEGO","EL CAJON",-116.93565715,32.795044480000001
5787367,2012,2013-12-02,3711,2012-08-17,2204,6097,,5,5,7,3711,0,0,0,,0,111,"BALBOA AV","ABERNATHY AV",20.00,E,N,A,-,N,,,,,,,,,,N,4,0,1,2,A,-,03,22350,,N,C,C,A,A,H,-,C,A,0,,,,,Y,Y,A,07,0,0,1,0,0,0,0,0,0,"- ","- ",,,"SAN DIEGO","SAN DIEGO",-117.17606843,32.820386800000001
5787383,2012,2013-12-02,3711,2012-08-18,1820,4897,,6,5,7,3711,0,0,0,,0,823,"COLLEGE AV","BILLMAN ST",0.00,,Y,A,-,N,,,,,,,,,,Y,3,0,3,2,D,-,00,,,N,D,C,A,A,H,-,A,A,0,,,,,Y,Y,-,"- ",0,1,2,0,0,0,0,0,0,"- ","- ",,,"SAN DIEGO","SAN DIEGO",-117.05874196000001,32.745674770000001
5787408,2012,2013-11-20,3711,2012-08-09,1736,4653,,4,5,7,3711,0,0,0,,0,311,"VILLAGE GLEN DR","GLENCOLUM DR",0.00,,Y,A,-,N,,,,,,,,,,Y,4,0,2,2,A,-,05,21460,A,N,D,C,A,A,H,-,A,D,0,,,,,Y,Y,A,01,0,0,2,0,0,0,0,0,0,"- ","- ",,,"SAN DIEGO","SAN DIEGO",-117.13369191,32.804964869999999
5787446,2012,2013-11-13,3711,2012-08-11,0001,5783,,6,5,7,3711,0,0,0,,0,122,"FIESTA ISLAND RD","FIESTA ISLAND BYPASS RD",3696.00,N,N,B,-,N,,,,,,,,,,Y,2,0,1,1,A,-,03,22350,,N,F,J,A,A,H,-,D,D,0,,,,,Y,Y,D,22,1,0,0,0,0,0,0,0,0,"- ","- ",,,"SAN DIEGO","SAN DIEGO",,
5787456,2012,2013-11-12,3711,2012-08-12,0319,5393,,7,5,7,3711,0,0,0,,0,615,"NIMITZ BL","EVERGREEN ST",0.00,,N,A,-,N,,,,,,,,,,Y,2,0,1,1,A,-,03,22350,,N,E,I,A,A,H,-,C,A,0,,,Y,,Y,Y,C,02,1,0,0,0,0,0,0,0,1,"- ","- ",,,"SAN DIEGO","SAN DIEGO",-117.22782199,32.729784799999997
5787458,2012,2013-11-13,3711,2012-08-11,0215,5783,,6,5,7,3711,0,0,0,,0,122,"GRAND AV",INGRAHAM,261.00,E,N,B,-,N,,,,,,,,,,Y,4,0,1,2,A,-,08,22107,,N,B,E,A,A,H,-,D,D,0,,,,,Y,Y,A,01,0,0,1,0,0,0,0,0,0,"- ","- ",,,"SAN DIEGO","SAN DIEGO",-117.23947148000001,32.798101209999999
5787461,2012,2013-11-12,3711,2012-08-01,0005,5600,,3,5,7,3711,0,0,0,,0,116,"MOUNT ACADIA BL","COWLEY WY",528.00,N,N,A,-,N,,,,,,,,,,Y,2,0,1,1,A,-,03,22350,,N,E,I,A,A,H,-,D,D,0,,,,,Y,Y,A,01,1,0,0,0,0,0,0,0,0,"- ","- ",,,"SAN DIEGO","SAN DIEGO",-117.19024177999999,32.794060020000003
5787462,2012,2013-11-13,3711,2012-08-12,0650,6897,SE1,7,5,7,3711,0,0,0,,0,442,"ALPHA ST","ALPHA ST 4000",95.00,W,N,A,-,N,,,,,,,,,,N,3,0,1,2,A,-,08,22107,,N,B,G,A,A,H,-,A,D,0,,Y,,,Y,Y,L,04,0,1,0,0,0,0,1,0,0,"- ","- ",,,"SAN DIEGO","SAN DIEGO",,
5787474,2012,2013-11-13,3711,2012-08-11,1550,5990,SDPD,6,5,7,3711,0,0,0,,0,113,"DATCHO DR","FOX AV",8.00,W,N,A,-,N,,,,,,,,,,Y,3,0,1,3,A,-,08,22107,,N,B,E,A,A,H,-,A,D,0,,,,,Y,Y,A,01,0,1,0,0,0,0,0,0,0,"- ","- ",,,"SAN DIEGO","SAN DIEGO",-117.20281631,32.817124360000001
5787485,2012,2013-11-13,3711,2012-08-12,2355,6134,"SAN D",7,5,7,3711,0,0,0,,0,116,"MORENA BL","INGULF ST",0.00,,Y,A,-,N,,,,,,,,,,Y,3,0,2,2,A,-,03,22350,,N,C,C,A,A,H,-,C,A,0,,,,,Y,Y,A,01,0,1,1,0,0,0,0,0,0,"- ","- ",,,"SAN DIEGO","SAN DIEGO",-117.20602199,32.789584789999999
5787500,2012,2013-11-12,9680,2012-08-02,0225,15081,,4,3,9,3700,0,1,3,,1,030,"RT 79","WOLAHI RD",33264.00,S,N,A,-,Y,SD,11,79,-,-,5.380,H,-,N,Y,3,0,1,1,A,-,01,23152,A,N,E,I,A,A,H,-,D,D,0,,,,,Y,Y,A,01,0,1,0,0,0,0,0,0,0,"- ","- ",32.550020000000004,-116.34189000000001,"SAN DIEGO",UNINCORPORATED,-116.57362353000001,32.912568579999999
5787501,2012,2013-11-12,3711,2012-08-08,2144,5340,,3,5,7,3711,0,0,0,,0,433,"SKYLINE DR","OMEARA ST",253.00,E,N,A,-,N,,,,,,,,,,Y,2,0,1,2,A,-,11,21954,A,N,G,B,D,A,H,-,D,D,0,Y,,,,Y,Y,N,60,1,0,0,0,1,0,0,0,0,"- ","- ",,,"SAN DIEGO","SAN DIEGO",-117.06214231,32.701361839999997
5787517,2012,2013-11-12,3711,2012-08-14,2307,6812,,2,5,7,3711,0,0,0,,0,825,"VAN DYKE AV","EL CAJON BL",10.00,S,N,A,-,N,,,,,,,,,,N,4,0,1,2,A,-,10,21950,A,M,D,G,A,A,H,-,C,D,0,,Y,,,Y,Y,-,99,0,0,1,0,0,0,1,0,0,"- ","- ",,,"SAN DIEGO","SAN DIEGO",-117.10294189,32.75515738
5787600,2012,2014-01-17,3700,2012-09-13,0345,,,4,5,5,3712,0,0,0,,0,,"TWIN OAKS VALLEY RD","RT 78",0.00,,Y,A,-,Y,SD,11,78,-,-,13.039,R,4,E,Y,4,0,3,2,A,-,01,23152,A,N,A,C,A,A,H,-,C,A,0,,,,,Y,Y,A,07,0,0,3,0,0,0,0,0,0,"- ","- ",33.136369999999999,-117.16361000000001,"SAN DIEGO","SAN MARCOS",-117.15995187,33.13735484
5787715,2012,2013-11-25,3711,2012-08-19,1510,5054,,7,5,7,3711,0,0,0,,0,234,"POMERADO RD","BERNARDO HEIGHTS PKWY",0.00,,Y,A,-,N,,,,,,,,,,Y,4,0,1,2,A,-,03,22350,,M,C,C,A,A,H,-,A,A,0,,,,,Y,Y,-,"- ",0,0,1,0,0,0,0,0,0,"- ","- ",,,"SAN DIEGO","SAN DIEGO",-117.058222,33.001574810000001
5787723,2012,2013-12-03,3711,2012-08-19,0503,5655,,7,5,7,3711,0,0,0,,0,323,"LANCE ST","LANCE WY",120.00,W,N,A,-,N,,,,,,,,,,Y,3,0,1,3,A,-,08,22107,,N,C,E,A,A,H,-,C,D,0,,,,,Y,Y,-,"- ",0,1,0,0,0,0,0,0,0,"- ","- ",,,"SAN DIEGO","SAN DIEGO",-117.07167010000001,32.790437420000003
5787731,2012,2013-11-30,3711,2012-08-17,2124,5051,,5,5,7,3711,0,0,0,,0,625,"WHITMAN ST","TAYLOR ST",61.80,S,N,A,-,N,,,,,,,,,,Y,3,0,1,5,A,-,03,22350,,N,B,E,A,A,H,-,C,A,0,,,,,Y,Y,A,07,0,1,0,0,0,0,0,0,0,"- ","- ",,,"SAN DIEGO","SAN DIEGO",-117.19681009999999,32.758583440000002
5787739,2012,2013-11-30,3711,2012-08-14,1126,6372,,2,5,7,3711,0,0,0,,0,821,"EL CAJON BL","HARBINSON AV",0.00,,Y,A,-,N,,,,,,,,,,N,4,0,2,3,A,-,17,22109,,M,C,C,A,A,H,-,A,D,0,,,,,Y,Y,-,"- ",0,0,2,0,0,0,0,0,0,"- ","- ",,,"SAN DIEGO","SAN DIEGO",-117.04138197,32.768744859999998
5787810,2012,2013-11-25,3711,2012-08-09,0110,6146,,4,5,7,3711,0,0,0,,0,242,"MIRA MESA BL","CAMINO RUIZ",450.00,W,N,A,-,N,,,,,,,,,,Y,3,0,2,1,A,-,08,22107,,N,F,I,A,A,H,-,C,D,0,,,,,Y,Y,A,07,0,2,0,0,0,0,0,0,0,"- ","- ",,,"SAN DIEGO","SAN DIEGO",-117.14544284999999,32.912736729999999
5788003,2012,2013-11-26,9680,2012-08-30,1730,18770,,4,2,9,3700,0,1,3,,1,017,"RT 67","POSTHILL RD",43.00,N,N,A,-,Y,SD,11,67,-,-,7.840,H,-,S,Y,3,0,1,2,A,-,06,21755,,N,C,C,A,A,H,-,A,D,0,,,Y,,Y,Y,C,02,0,1,0,0,0,0,0,0,1,"- ","- ",32.887999999999998,-116.93263,"SAN DIEGO",UNINCORPORATED,-116.93274182,32.888024819999998
5788015,2012,2013-11-25,9645,2012-08-31,0200,17133,,5,3,5,3709,0,1,1,,2,009,"RT 805","47TH ST",250.00,S,N,A,-,Y,SD,11,805,-,-,11.180,H,-,N,Y,2,0,1,1,A,-,01,23152,A,N,E,I,A,A,D,-,C,D,1,,,,,Y,Y,A,01,1,0,0,0,0,0,0,0,0,"- ","- ",32.600439999999999,-117.0932,"SAN DIEGO","NATIONAL CITY",-117.09189736,32.686786720000001
5788095,2012,2013-11-23,9680,2012-08-16,0139,13686,,4,3,9,3700,0,3,5,,2,002,"PARADISE VALLEY RD","WORTHINGTON ST",128.00,W,N,A,-,N,,,,,,,,,,Y,4,0,1,1,A,-,01,23152,A,N,E,I,A,A,H,-,C,D,0,,,,,Y,Y,A,01,0,0,1,0,0,0,0,0,0,"- ","- ",32.694969999999998,-117.01786,"SAN DIEGO",UNINCORPORATED,-117.0189379,32.6972126
5788103,2012,2013-11-23,9680,2012-08-19,0141,18907,,7,3,9,3700,0,2,4,,1,021,"WILLOW GLEN DR","HILLSDALE RD",1584.00,W,N,A,-,N,,,,,,,,,,Y,3,0,1,1,A,-,01,23152,A,N,E,I,A,A,H,-,C,A,0,,,,,Y,Y,A,01,0,1,0,0,0,0,0,0,0,"- ","- ",32.751089999999998,-116.90821,"SAN DIEGO",UNINCORPORATED,-116.90584692,32.753844600000001
5789007,2012,2013-12-21,3705,2012-10-07,0104,EC0295,,7,5,5,3705,0,0,0,,0,009,1ST,"E MAIN",39.00,N,N,A,-,N,,,,,,,,,,N,4,0,1,2,A,-,03,22350,,M,C,C,A,A,H,-,C,A,0,,,,,Y,Y,A,07,0,0,1,0,0,0,0,0,0,"- ","- ",,,"SAN DIEGO","EL CAJON",-116.94463186999999,32.795061590000003
5789285,2012,2013-11-21,3705,2012-08-31,0814,EC0304,,5,5,5,3705,0,0,0,,0,006,"FLETCHER PKWY","NAVAJO RD",507.00,N,N,A,-,N,,,,,,,,,,Y,4,0,1,1,A,-,01,23152,A,N,E,I,A,A,H,-,A,A,0,,,,,Y,Y,A,07,0,0,1,0,0,0,0,0,0,"- ","- ",,,"SAN DIEGO","EL CAJON",-116.99979255,32.801984900000001
5789305,2012,2013-11-21,9650,2012-08-11,2020,17994,,6,2,9,3700,0,3,5,,1,212,"WEST LILAC RD","LILAC RD",2112.00,W,N,A,-,N,,,,,,,,,,Y,3,0,1,1,A,-,01,23152,A,N,F,A,A,A,H,-,D,D,0,,,,,Y,Y,A,01,0,1,0,0,0,0,0,0,0,"- ","- ",33.270090000000003,-117.09411,"SAN DIEGO",UNINCORPORATED,-117.0911093,33.269193970000003
5789676,2012,2013-11-27,3711,2012-08-08,1741,6000,,3,5,7,3711,0,0,0,,0,447,"FAIRMOUNT AV","HOME AV",45.00,N,N,A,-,N,,,,,,,,,,Y,3,0,1,1,A,-,03,22350,,N,F,A,A,A,H,-,A,D,0,,,Y,,Y,Y,C,02,0,1,0,0,0,0,0,0,1,"- ","- ",,,"SAN DIEGO","SAN DIEGO",-117.09987618,32.72892092
5789812,2012,2013-11-23,3709,2012-08-11,1155,441,3709,6,5,5,3709,0,0,0,,0,020,"HIGHLAND AV","WALMART EXIT",0.00,N,N,A,-,N,,,,,,,,,,N,4,0,1,2,A,-,11,21956,,N,G,B,F,A,H,-,A,A,0,Y,,,,Y,Y,N,60,0,0,1,0,1,0,0,0,0,"- ","- ",,,"SAN DIEGO","NATIONAL CITY",-117.09746896999999,32.675010610000001
5789845,2012,2013-11-23,9650,2012-08-03,1500,013083,,5,2,5,3782,0,1,1,,2,007,"RT 5","ENCINITAS BL",300.00,S,N,A,-,Y,SD,11,5,-,R,41.450,H,-,S,Y,3,0,1,2,A,-,07,21658,A,N,F,A,A,A,H,-,A,D,1,,,Y,,Y,Y,A,01,0,1,0,0,0,0,0,0,1,"- ","- ",33.04616,-117.28673999999999,"SAN DIEGO",ENCINITAS,-117.28670671,33.046170629999999
5790020,2012,2013-11-23,3711,2012-08-11,2230,3661,"SAN D",6,5,7,3711,0,0,0,,0,015,"LA JOLLA VILLAGE DR","EXECUTIVE WY",0.00,,Y,A,-,N,,,,,,,,,,Y,4,0,1,5,A,-,03,22350,,N,C,C,A,A,H,-,C,A,0,,,,,Y,Y,A,01,0,0,1,0,0,0,0,0,0,"- ","- ",,,"SAN DIEGO","SAN DIEGO",-117.20969199,32.873794879999998
5790032,2012,2013-11-23,3711,2012-08-11,1230,6366,,6,5,7,3711,0,0,0,,0,315,"FRAZEE RD","HAZARD CTR",0.00,,Y,A,-,N,,,,,,,,,,N,3,0,1,2,A,-,11,21456,B,N,D,G,A,A,H,-,A,A,0,,Y,,,Y,Y,L,04,0,1,0,0,0,0,1,0,0,"- ","- ",,,"SAN DIEGO","SAN DIEGO",-117.15626193,32.770884889999998
5790068,2012,2014-04-29,3711,2012-08-11,2250,6876,,6,5,7,3711,0,0,0,,0,111,"CLAIREMONT MESA BL","RT 805",72.00,W,N,A,-,Y,SD,11,805,-,-,22.753,R,4,S,Y,4,0,1,1,A,-,03,22350,,N,H,I,A,A,H,-,C,D,0,,,Y,,Y,Y,C,02,0,0,1,0,0,0,0,0,1,"- ",SF,,,"SAN DIEGO","SAN DIEGO",-117.17114539000001,32.835799719999997
5790283,2012,2013-11-23,9645,2012-08-10,1815,17804,,5,2,7,3711,0,1,3,,2,006,"RT 94","30TH ST",100.00,E,N,A,-,Y,SD,11,94,-,-,2.710,H,-,W,Y,3,0,1,2,A,-,01,23152,A,F,C,C,A,A,H,-,A,D,1,,,,,Y,Y,A,07,0,1,0,0,0,0,0,0,0,"- ","- ",32.714860000000002,-117.12609999999999,"SAN DIEGO","SAN DIEGO",-117.12586184,32.714884789999999
5790291,2012,2013-11-23,9645,2012-08-05,0100,19577,,7,3,7,3711,0,1,1,,2,003,"RT 5","RT 94",250.00,N,N,B,-,Y,SD,11,5,-,R,14.957,R,2,S,Y,2,0,2,1,A,-,03,22350,,F,E,I,A,A,H,-,C,D,1,,,,,Y,Y,A,01,2,0,0,0,0,0,0,0,0,FR,"- ",32.714390000000002,-117.14807999999999,"SAN DIEGO","SAN DIEGO",-117.14776184,32.711694790000003
5790295,2012,2013-11-23,9645,2012-08-13,0106,18846,,1,3,7,3711,0,1,1,,2,019,"RT 15","TED WILLIAMS PKWY",155.00,N,N,A,-,Y,SD,11,15,-,M,19.510,H,-,S,Y,3,0,2,2,A,-,01,23152,A,N,E,I,A,A,H,-,C,D,1,,,,,Y,Y,A,01,0,1,1,0,0,0,0,0,0,"- ","- ",32.965389999999999,-117.09541,"SAN DIEGO","SAN DIEGO",-117.09410131,32.96705103
5790433,2012,2013-11-20,3706,2012-08-09,2155,0318,ESPD,4,5,6,3706,0,0,0,,0,055,"2ND AV","TULIP ST",96.00,W,N,A,-,N,,,,,,,,,,N,3,0,1,1,A,-,03,22350,,N,F,A,A,A,G,-,C,D,0,,Y,,,Y,Y,L,04,0,1,0,0,0,0,1,0,0,"- ","- ",,,"SAN DIEGO",ESCONDIDO,-117.09159940000001,33.114772539999997
5790562,2012,2013-11-23,3700,2012-08-25,2050,SH7710,,6,5,5,3781,0,0,0,,0,518,"MISSION GORGE RD","FANITA DR",0.00,,Y,A,-,N,,,,,,,,,,Y,4,0,1,2,A,-,01,23152,A,F,C,C,A,A,H,-,C,A,0,,,,,Y,Y,A,01,0,0,1,0,0,0,0,0,0,"- ","- ",,,"SAN DIEGO",SANTEE,-117.00074196,32.838734799999997
5790571,2012,2013-11-26,9650,2012-08-25,0345,018675,,6,3,9,3700,0,3,5,,2,190,"MONTIEL RD","ROCK SPRINGS RD",0.00,,Y,B,-,N,,,,,,,,,,Y,3,0,1,2,A,-,01,23152,A,N,A,C,A,B,H,-,C,A,0,,,,,Y,Y,A,01,0,1,0,0,0,0,0,0,0,"- ","- ",33.134500000000003,-117.1053,"SAN DIEGO",UNINCORPORATED,-117.10542203,33.13444484
5790651,2012,2013-11-30,9650,2012-08-24,0140,18386,,5,3,9,3700,0,1,3,,1,028,"RT 76","COLE GRADE RD",1050.00,E,N,A,-,Y,SD,11,76,-,-,30.070,H,-,W,Y,4,0,1,1,A,-,01,23152,A,N,E,J,A,A,H,-,C,D,0,,,,,Y,Y,A,01,0,0,1,0,0,0,0,0,0,"- ","- ",33.316380000000002,-116.9909,"SAN DIEGO",UNINCORPORATED,-116.99105059999999,33.316366760000001
5790938,2012,2013-11-19,3711,2012-08-12,0201,6082,,7,5,7,3711,0,0,0,,0,122,"HORNBLEND ST","MISSION BL",130.00,E,N,A,-,N,,,,,,,,,,Y,3,0,1,2,A,-,09,21804,A,M,D,G,A,A,H,-,C,D,0,,Y,,,Y,Y,-,"- ",0,1,0,0,0,0,1,0,0,"- ","- ",,,"SAN DIEGO","SAN DIEGO",-117.25481397,32.795724919999998
5791527,2012,2013-11-16,3706,2012-08-20,1214,380,ESCON,1,5,6,3706,0,0,0,,0,042,"CENTRE CITY PKWY","WASHINGTON AV",77.00,S,N,A,-,N,,,,,,,,,,Y,3,0,2,3,A,-,01,23152,A,F,C,C,A,A,H,-,A,A,0,,,,,Y,Y,A,07,0,1,1,0,0,0,0,0,0,"- ","- ",,,"SAN DIEGO",ESCONDIDO,-117.08992258000001,33.12485118
5791531,2012,2013-11-16,3706,2012-08-20,1215,380,ESNCO,1,5,6,3706,0,0,0,,0,042,"WASHINGTON AV","CENTRE CITY PKWY",65.00,E,N,A,-,N,,,,,,,,,,Y,3,0,2,1,A,-,01,23152,A,N,E,I,A,A,H,-,A,A,0,,,,,Y,Y,A,07,0,2,0,0,0,0,0,0,0,"- ","- ",,,"SAN DIEGO",ESCONDIDO,-117.08982262000001,33.1251046
5791591,2012,2013-11-16,3706,2012-08-16,2114,0318,ESPD,4,5,6,3706,0,0,0,,0,043,"EL NORTE PKWY","IRIS LN",0.00,,Y,A,-,N,,,,,,,,,,Y,3,0,4,2,A,-,01,23152,A,N,A,C,A,A,H,-,C,A,0,,,,,Y,Y,A,01,0,1,3,0,0,0,0,0,0,"- ","- ",,,"SAN DIEGO",ESCONDIDO,-117.09808205,33.144204940000002
5791618,2012,2013-11-16,3700,2012-08-11,2007,SH7146,,6,5,5,3712,0,0,0,,0,356,"S SANTA FE RD","N RANCHO SANTA FE RD",47.00,W,N,A,-,N,,,,,,,,,,Y,4,0,1,2,A,-,01,23152,A,N,C,C,A,A,H,-,C,A,0,,,,,Y,Y,E,22,0,0,1,0,0,0,0,0,0,"- ","- ",,,"SAN DIEGO","SAN MARCOS",-117.19555681,33.153137110000003
5792439,2012,2013-12-18,9650,2012-10-11,1905,17376,,4,2,5,3782,0,1,1,,2,007,"RT 5","LEUCADIA BL",200.00,S,N,B,-,Y,SD,11,5,-,R,42.670,H,-,N,Y,3,0,1,2,A,-,01,23152,A,N,B,C,A,A,H,-,A,D,1,,,,,Y,Y,A,01,0,1,0,0,0,0,0,0,0,"- ","- ",33.663220000000003,-117.23145,"SAN DIEGO",ENCINITAS,-117.29184657,33.064148869999997
5793246,2012,2013-11-21,3711,2012-08-26,2311,6569,,7,5,7,3711,0,0,0,,0,621,"EASTMAN ST","ULRIC CT",120.00,E,N,A,-,N,,,,,,,,,,Y,3,0,1,1,A,-,08,22107,,N,E,I,A,A,H,-,C,D,0,,,,,Y,Y,-,"- ",0,1,0,0,0,0,0,0,0,"- ","- ",,,"SAN DIEGO","SAN DIEGO",-117.17114373,32.787702340000003
5793619,2012,2013-12-16,9645,2012-09-03,2115,19712,,1,2,7,3711,0,1,1,,2,009,"RT 805","PALM AV",1200.00,N,N,A,-,Y,SD,11,805,-,-,3.202,R,2,S,Y,3,0,2,2,A,-,01,23152,A,N,C,C,A,A,H,-,C,D,1,,,,,Y,Y,A,01,0,2,0,0,0,0,0,0,0,TO,"- ",35.585709999999999,-117.03695,"SAN DIEGO","SAN DIEGO",-117.03655181000001,32.589824780000001
5793655,2012,2013-12-16,3710,2012-09-13,1644,OC1385,,4,5,6,3710,0,0,0,,0,010,"MISSION AV","SAN DIEGO ST",54.00,E,N,A,-,N,,,,,,,,,,Y,3,0,2,1,A,-,"- ",,,F,E,I,A,B,H,-,A,A,0,,,,,Y,Y,D,22,0,2,0,0,0,0,0,0,0,"- ","- ",,,"SAN DIEGO",OCEANSIDE,-117.36889223,33.201802559999997
5793727,2012,2013-11-19,3700,2012-08-10,2044,SH6946,,5,5,2,3704,0,0,0,,0,291,"JIMMY DURANTE BL","TURF RD",0.00,,-,A,-,N,,,,,,,,,,N,4,0,1,2,B,-,22,,,N,C,C,A,A,H,-,D,D,0,,,,,Y,Y,D,22,0,0,1,0,0,0,0,0,0,"- ","- ",,,"SAN DIEGO","DEL MAR",-117.25619199,32.977094809999997
5793970,2012,2013-10-08,3702,2012-06-08,0324,CV0912,,5,5,6,3702,0,0,0,,0,023,"MAIN ST",MACE,1056.00,W,N,A,-,N,,,,,,,,,,Y,3,0,1,2,A,-,01,23152,A,N,D,C,A,A,H,-,C,D,0,,,,,Y,Y,A,01,0,1,0,0,0,0,0,0,0,"- ","- ",,,"SAN DIEGO","CHULA VISTA",-117.05715868,32.594724759999998
5793983,2012,2013-10-19,3702,2012-07-27,2100,CV1022,,5,5,6,3702,0,0,0,,0,014,"TELEGRAPH CANYON RD","MELROSE AV",75.00,E,N,A,-,N,,,,,,,,,,Y,4,0,1,5,A,-,01,23152,A,M,C,E,A,A,H,-,C,D,0,,,,,Y,Y,D,22,0,0,1,0,0,0,0,0,0,"- ","- ",,,"SAN DIEGO","CHULA VISTA",-117.04989771,32.628841479999998
5794168,2012,2013-12-19,3711,2012-10-14,0415,6702,"SAN D",7,5,7,3711,0,0,0,,0,712,"VISTA LN","ISLA DE LA GAITA",100.00,E,N,A,-,N,,,,,,,,,,Y,4,0,1,3,A,-,08,22107,,N,C,E,A,A,H,-,C,D,0,,,,,Y,Y,-,"- ",0,0,1,0,0,0,0,0,0,"- ","- ",,,"SAN DIEGO","SAN DIEGO",-117.06150843,32.561844749999999
5794407,2012,2013-12-07,3700,2012-09-04,2121,SH4810,,2,5,4,3707,0,0,0,,0,903,"ELDER AV","GEORGIA ST",0.00,,Y,A,-,,,,,,,,,,,N,3,0,1,2,A,-,10,21950,A,N,G,B,B,A,H,-,D,A,0,Y,,,,Y,Y,I,11,0,1,0,0,1,0,0,0,0,"- ","- ",,,"SAN DIEGO","IMPERIAL BEACH",-117.10446193999999,32.579084819999999
5795054,2012,2013-10-18,9680,2012-07-18,1955,17330,,3,2,9,3700,0,3,5,,2,001,"SUMNER  AV","ANZA ST",383.00,E,N,A,-,N,,,,,,,,,,N,2,0,1,2,A,-,01,21200,5,F,D,G,A,A,H,-,B,D,0,,Y,,,Y,Y,L,04,1,0,0,0,0,0,1,0,0,"- ","- ",32.808990000000001,-116.94670000000001,"SAN DIEGO",UNINCORPORATED,-116.9468399,32.808964789999997
5795057,2012,2013-10-17,9680,2012-07-24,2300,19729,,2,3,9,3700,0,2,4,,1,095,"SAN VICENTE  AV","WARNOCK DR",1584.00,E,N,A,-,N,,,,,,,,,,Y,4,0,1,1,A,-,01,23152,A,N,E,I,A,A,H,-,D,D,0,,,Y,,Y,Y,C,02,0,0,1,0,0,0,0,0,1,"- ","- ",33.010039999999996,-116.86646,"SAN DIEGO",UNINCORPORATED,-116.86646,33.010039999999996
5795074,2012,2013-10-18,9680,2012-07-17,2255,19273,,2,3,9,3700,0,2,4,,1,096,"HIGHLAND VALLEY RD","BANDY CANYON RD",4752.00,E,N,A,-,N,,,,,,,,,,N,3,0,1,1,A,-,01,23152,A,N,E,I,A,A,H,-,D,D,0,,,,,Y,Y,A,01,0,1,0,0,0,0,0,0,0,"- ","- ",33.067880000000002,-116.99534,"SAN DIEGO",UNINCORPORATED,-116.9957017,33.068064749999998