CASE_ID,ACCIDENT_YEAR,PROC_DATE,JURIS,COLLISION_DATE,COLLISION_TIME,OFFICER_ID,REPORTING_DISTRICT,DAY_OF_WEEK,CHP_SHIFT,POPULATION,CNTY_CITY_LOC,SPECIAL_COND,BEAT_TYPE,CHP_BEAT_TYPE,CITY_DIVISION_LAPD,CHP_BEAT_CLASS,BEAT_NUMBER,PRIMARY_RD,SECONDARY_RD,DISTANCE,DIRECTION,INTERSECTION,WEATHER_1,WEATHER_2,STATE_HWY_IND,CALTRANS_COUNTY,CALTRANS_DISTRICT,STATE_ROUTE,ROUTE_SUFFIX,POSTMILE_PREFIX,POSTMILE,LOCATION_TYPE,RAMP_INTERSECTION,SIDE_OF_HWY,TOW_AWAY,COLLISION_SEVERITY,NUMBER_KILLED,NUMBER_INJURED,PARTY_COUNT,PRIMARY_COLL_FACTOR,PCF_CODE_OF_VIOL,PCF_VIOL_CATEGORY,PCF_VIOLATION,PCF_VIOL_SUBSECTION,HIT_AND_RUN,TYPE_OF_COLLISION,MVIW,PED_ACTION,ROAD_SURFACE,ROAD_COND_1,ROAD_COND_2,LIGHTING,CONTROL_DEVICE,CHP_ROAD_TYPE,PEDESTRIAN_ACCIDENT,BICYCLE_ACCIDENT,MOTORCYCLE_ACCIDENT,TRUCK_ACCIDENT,NOT_PRIVATE_PROPERTY,ALCOHOL_INVOLVED,STWD_VEHTYPE_AT_FAULT,CHP_VEHTYPE_AT_FAULT,COUNT_SEVERE_INJ,COUNT_VISIBLE_INJ,COUNT_COMPLAINT_PAIN,COUNT_PED_KILLED,COUNT_PED_INJURED,COUNT_BICYCLIST_KILLED,COUNT_BICYCLIST_INJURED,COUNT_MC_KILLED,COUNT_MC_INJURED,PRIMARY_RAMP,SECONDARY_RAMP,LATITUDE,LONGITUDE,COUNTY,CITY,POINT_X,POINT_Y
5811435,2012,2014-02-26,3711,2012-09-09,0325,5515,,7,5,7,3711,0,0,0,,0,612,"ROSECRANS ST",EVERGREEN,21.00,N,N,A,-,N,,,,,,,,,,N,3,0,1,2,A,-,11,21456,B,N,G,B,D,A,H,-,C,A,0,Y,,,,Y,Y,N,60,0,1,0,0,1,0,0,0,0,"- ","- ",,,"SAN DIEGO","SAN DIEGO",-117.20932393,32.747184910000001
5811437,2012,2013-12-03,3711,2012-09-13,1316,4283,,4,5,7,3711,0,0,0,,0,116,"LISTER ST","DENVER ST",133.00,W,N,A,-,N,,,,,,,,,,Y,4,0,1,2,A,-,05,21650,,N,A,E,A,A,H,-,A,D,0,,,,,Y,Y,-,"- ",0,0,1,0,0,0,0,0,0,"- ","- ",,,"SAN DIEGO","SAN DIEGO",-117.20457991000001,32.785760080000003
5811438,2012,2013-12-03,3711,2012-09-12,2002,5916,,3,5,7,3711,0,0,0,,0,114,"CLAIREMONT MESA BL","MORAGA AV",0.00,,Y,B,-,N,,,,,,,,,,Y,4,0,1,2,A,-,12,21453,A,N,D,C,A,A,H,-,C,A,0,,,,,Y,Y,A,08,0,0,1,0,0,0,0,0,0,"- ","- ",,,"SAN DIEGO","SAN DIEGO",-117.21323202000001,32.828624820000002
5811494,2012,2013-12-03,3711,2012-09-07,1728,5313,,5,5,7,3711,0,0,0,,0,122,"GARNET AV","MISSION BAY DR",0.00,,Y,A,-,N,,,,,,,,,,N,4,0,1,2,A,-,10,21950,A,N,G,B,B,A,H,-,A,A,0,Y,,,,Y,Y,-,"- ",0,0,1,0,1,0,0,0,0,"- ","- ",,,"SAN DIEGO","SAN DIEGO",-117.21899200999999,32.806134790000002
5811496,2012,2014-02-10,3711,2012-09-09,0600,6842,,7,5,7,3711,0,0,0,,0,713,CALIENTE,AIRWAY,300.00,S,N,-,-,N,,,,,,,,,,Y,2,0,1,1,A,-,03,22350,,N,E,I,A,A,H,-,B,D,0,,,,,Y,Y,-,"- ",1,0,0,0,0,0,0,0,0,"- ","- ",,,"SAN DIEGO","SAN DIEGO",-117.01558471,32.563749280000003
5811551,2012,2013-12-12,9645,2012-09-09,1855,14692,,7,2,7,3711,0,1,1,,2,015,"RT 805","RT 52",400.00,E,N,A,-,Y,SD,11,52,-,-,4.060,R,2,E,Y,2,0,1,1,A,-,01,23152,A,N,F,A,A,A,H,-,A,D,1,,,,,Y,Y,D,22,1,0,0,0,0,0,0,0,0,TO,"- ",32.846539999999997,-117.17480999999999,"SAN DIEGO","SAN DIEGO",-117.17025185999999,32.845704810000001
5811555,2012,2013-12-20,9645,2012-10-21,1015,16156,,7,1,7,3711,0,1,1,,2,010,"RT 8","FAIRMOUNT AV",700.00,E,N,B,-,Y,SD,11,8,-,-,6.432,R,2,E,Y,4,0,1,1,A,-,03,22350,,N,F,A,A,B,H,-,A,D,1,,,,,Y,Y,D,22,0,0,1,0,0,0,0,0,0,TO,"- ",32.779139999999998,-117.09934,"SAN DIEGO","SAN DIEGO",-117.09584184000001,32.779854800000003
5811831,2012,2013-11-09,9680,2012-08-04,0004,19867,,6,3,4,3720,0,1,3,,2,028,"RT 125","SPRING ST",2112.00,S,N,A,-,Y,SD,11,125,-,-,13.310,H,-,N,Y,4,0,1,2,A,-,01,23152,A,N,C,A,A,A,H,-,C,A,1,,,,,Y,Y,A,01,0,0,1,0,0,0,0,0,0,"- ","- ",32.748089999999998,-117.0758,"SAN DIEGO","LEMON GROVE",-117.01307119000001,32.751969019999997
5811836,2012,2013-11-09,9680,2012-08-12,1725,16891,,7,2,9,3700,0,1,3,,1,051,"RT 79","ENGINEERS RD",528.00,S,N,B,-,Y,SD,11,79,-,-,12.030,H,-,S,Y,3,0,1,1,A,-,01,23152,A,N,E,I,A,A,H,-,A,D,0,,,,,Y,Y,A,01,0,1,0,0,0,0,0,0,0,"- ","- ",33.990740000000002,-116.58844000000001,"SAN DIEGO",UNINCORPORATED,-116.58625235,32.991764609999997
5812090,2012,2014-01-09,3711,2012-08-27,1905,5865,,1,5,7,3711,0,0,0,,0,627,"UNIVERSITY AV","RICHMOND ST",0.00,,Y,A,-,N,,,,,,,,,,Y,3,0,1,1,A,-,08,22107,,N,E,I,A,A,H,-,C,A,0,,,,,Y,Y,A,01,0,1,0,0,0,0,0,0,0,"- ","- ",,,"SAN DIEGO","SAN DIEGO",-117.15127191000001,32.748564799999997
5812117,2012,2013-11-07,3711,2012-08-31,2023,5051,,5,5,7,3711,0,0,0,,0,623,"HOTEL CIRCLE NORTH","FASHION VALLEY RD",95.00,W,N,A,-,N,,,,,,,,,,Y,4,0,3,2,A,-,03,22350,,N,C,C,A,A,H,-,C,A,0,,,,,Y,Y,A,01,0,0,3,0,0,0,0,0,0,"- ","- ",,,"SAN DIEGO","SAN DIEGO",-117.16950061999999,32.76100134
5812121,2012,2013-11-08,3711,2012-08-31,1707,5985,,5,5,7,3711,0,0,0,,0,515,"30TH ST","ISLAND AV",0.00,,Y,A,-,N,,,,,,,,,,N,4,0,1,2,A,-,05,21650,1,N,D,G,A,A,H,-,A,A,0,,Y,,,Y,Y,L,04,0,0,1,0,0,0,1,0,0,"- ","- ",,,"SAN DIEGO","SAN DIEGO",-117.13023195,32.710564769999998
5812122,2012,2013-11-08,3711,2012-08-24,2303,5046,,5,5,7,3711,0,0,0,,0,122,"GARNET AV","MISSION BL",223.00,E,N,A,-,N,,,,,,,,,,N,3,0,1,2,A,-,11,21955,,M,D,B,D,A,H,-,C,D,0,Y,,,,Y,Y,N,60,0,1,0,0,1,0,0,0,0,"- ","- ",,,"SAN DIEGO","SAN DIEGO",-117.25480211999999,32.796709419999999
5812146,2012,2013-11-08,3711,2012-08-25,0502,6146,,6,5,7,3711,0,0,0,,0,245,"STONEBRIDGE PKWY","DOWNING ST",527.00,E,N,B,F,N,,,,,,,,,,Y,3,0,2,1,A,-,08,22107,,N,F,I,A,A,H,-,C,D,0,,,,,Y,Y,A,07,0,1,1,0,0,0,0,0,0,"- ","- ",,,"SAN DIEGO","SAN DIEGO",-117.04622984,32.921932589999997
5812650,2012,2013-11-06,3700,2012-08-12,0917,SH4234,,7,5,4,3720,0,0,0,,0,602,BROADWAY,"MASSACHUSETTS AV",280.00,W,N,A,-,N,,,,,,,,,,N,2,0,1,2,A,-,11,21955,,N,G,B,-,A,H,-,A,D,0,Y,,,,Y,Y,N,60,1,0,0,0,1,0,0,0,0,"- ","- ",,,"SAN DIEGO","LEMON GROVE",-117.04376888,32.742550309999999
5812677,2012,2013-11-06,3702,2012-08-04,2106,CV1053,,6,5,6,3702,0,0,0,,0,022,"PALOMAR ST","2ND AV",362.00,W,N,A,-,N,,,,,,,,,,Y,3,0,1,3,A,-,01,23152,A,N,C,E,A,A,H,-,C,D,0,,,,,Y,Y,A,01,0,1,0,0,0,0,0,0,0,"- ","- ",,,"SAN DIEGO","CHULA VISTA",-117.0634769,32.607600660000003
5812681,2012,2013-11-06,3702,2012-08-22,0207,CV0928,,3,5,6,3702,0,0,0,,0,032,"WOODS DR","HAWTHORNE CREEK DR",50.00,N,N,A,-,N,,,,,,,,,,Y,3,0,1,1,A,-,01,23152,A,M,E,I,A,A,H,-,C,D,0,,,,,Y,Y,A,01,0,1,0,0,0,0,0,0,0,"- ","- ",,,"SAN DIEGO","CHULA VISTA",-116.94508731000001,32.64606998
5812685,2012,2013-11-06,3702,2012-08-12,0212,CV1012,,7,5,6,3702,0,0,0,,0,024,"HERITAGE RD","TELEGRAPH CANYON RD",369.00,S,N,A,-,N,,,,,,,,,,Y,3,0,1,1,A,-,01,23152,A,N,E,I,A,A,H,-,C,D,0,,,,,Y,Y,A,01,0,1,0,0,0,0,0,0,0,"- ","- ",,,"SAN DIEGO","CHULA VISTA",-117.00763375,32.624471880000002
5812689,2012,2013-11-06,3702,2012-08-02,2000,CV0968,,4,5,6,3702,0,0,0,,0,032,"MOUNT MIGUEL RD","PROCTOR VALLEY RD",0.00,,Y,A,-,N,,,,,,,,,,Y,2,0,4,2,A,-,01,23152,A,M,B,C,A,A,H,-,E,A,0,,,,,Y,Y,A,01,2,0,2,0,0,0,0,0,0,"- ","- ",,,"SAN DIEGO","CHULA VISTA",-116.97142189,32.66380479
5812695,2012,2013-11-09,9650,2012-08-29,1628,15906,,3,2,9,3700,0,2,4,,1,027,"VALLEY CENTER RD","LAKE WOHLFORD LN",2112.00,N,N,A,-,N,,,,,,,,,,Y,4,0,1,1,A,-,01,23152,A,N,E,I,A,A,H,-,A,D,0,,,,,Y,Y,A,07,0,0,1,0,0,0,0,0,0,"- ","- ",33.227620000000002,-116.96993000000001,"SAN DIEGO",UNINCORPORATED,-117.02888996999999,33.166020209999999
5812718,2012,2013-11-06,3702,2012-08-26,1633,CV0366,,7,5,6,3702,0,0,0,,0,023,"RANCHO DR","RANCHO CT",54.00,S,N,A,-,N,,,,,,,,,,Y,3,0,1,3,A,-,01,23152,A,M,C,E,A,A,H,-,A,D,0,,,,,Y,Y,A,07,0,1,0,0,0,0,0,0,0,"- ","- ",,,"SAN DIEGO","CHULA VISTA",-117.03954039,32.592858450000001
5812810,2012,2013-11-09,9645,2012-08-08,2148,019676,,3,2,7,3711,0,1,1,,2,010,"RT 8","FAIRMONT AV",300.00,W,N,-,-,Y,SD,11,8,-,-,6.210,H,-,E,Y,3,0,1,2,A,-,08,22107,,N,C,C,A,A,H,-,D,D,1,,,,,Y,Y,A,01,0,1,0,0,0,0,0,0,0,"- ","- ",32.779040000000002,-117.10141,"SAN DIEGO","SAN DIEGO",-117.10200184,32.778914800000003
5813051,2012,2013-11-27,3711,2012-08-20,2128,4576,,1,5,7,3711,0,0,0,,0,811,"ADAMS AV","32ND ST",0.00,,Y,A,-,N,,,,,,,,,,N,3,0,1,2,A,-,09,21801,A,N,D,G,A,A,H,-,C,A,0,,Y,,,Y,Y,A,01,0,1,0,0,0,0,1,0,0,"- ","- ",,,"SAN DIEGO","SAN DIEGO",-117.12499192,32.76337487
5813060,2012,2014-01-10,3711,2012-08-24,0237,5861,,5,5,7,3711,0,0,0,,0,314,"HEALTH CENTER DR","VISTA HILL AV",156.00,S,N,A,-,N,,,,,,,,,,Y,3,0,1,1,A,-,03,22350,,N,E,I,A,A,H,-,C,-,0,,,,,Y,Y,-,"- ",0,1,0,0,0,0,0,0,0,"- ","- ",,,"SAN DIEGO","SAN DIEGO",-117.15760376,32.794492200000001
5813090,2012,2013-11-30,3711,2012-08-23,2040,4386,,4,5,7,3711,0,0,0,,0,613,"VALETA ST","FAMOSA BL",0.00,,Y,A,-,N,,,,,,,,,,N,4,0,1,1,A,-,03,22350,,N,H,-,A,A,A,-,C,D,0,,Y,,,Y,Y,L,04,0,0,1,0,0,0,1,0,0,"- ","- ",,,"SAN DIEGO","SAN DIEGO",-117.22940191000001,32.747514850000002
5813481,2012,2013-11-15,9645,2012-08-18,0228,16864,,6,3,7,3711,0,1,3,,2,006,"RT 94","HOME AV",424.00,W,N,A,-,Y,SD,11,94,-,-,3.540,H,-,E,Y,2,0,2,2,A,-,01,23152,A,N,E,I,A,A,H,-,D,D,1,,,,,Y,Y,A,01,1,0,1,0,0,0,0,0,0,"- ","- ",,,"SAN DIEGO","SAN DIEGO",-117.1136051,32.717376440000002
5813485,2012,2013-11-15,9645,2012-08-05,0101,19712,,7,3,7,3711,0,1,1,,2,003,"RT 5","RT 94",100.00,N,N,B,-,Y,SD,11,5,-,R,15.070,H,-,S,N,4,0,3,3,A,-,01,23152,A,N,D,C,E,A,H,-,C,D,1,Y,,,,Y,Y,A,01,0,0,3,0,1,0,0,0,0,"- ","- ",32.71416,-117.14781000000001,"SAN DIEGO","SAN DIEGO",-117.14778183999999,32.713230529999997
5813522,2012,2013-11-18,9650,2012-08-26,1950,17780,,7,2,9,3700,0,3,5,,2,006,"MAIN AV","FALLBROOK ST",95.00,S,N,A,-,N,,,,,,,,,,N,3,0,1,2,A,-,03,22350,,F,G,B,D,A,H,-,C,D,0,Y,,,,Y,Y,A,07,0,1,0,0,1,0,0,0,0,"- ","- ",33.225670000000001,-117.15079,"SAN DIEGO",UNINCORPORATED,-117.25145578999999,33.376364600000002
5813530,2012,2013-11-18,9650,2012-08-19,2038,15738,,7,2,9,3700,0,3,5,,2,231,"BEAR VALLEY PKWY","BOYLE AV",60.00,S,N,A,-,N,,,,,,,,,,Y,3,0,1,1,A,-,01,23152,A,N,E,I,A,A,H,-,C,D,0,,,,,Y,Y,A,01,0,1,0,0,0,0,0,0,0,"- ","- ",33.122329999999998,-117.04788000000001,"SAN DIEGO",UNINCORPORATED,-117.04796696,33.122193340000003
5813542,2012,2013-11-18,9650,2012-08-11,0145,18675,,6,3,9,3700,0,3,5,,2,070,"VIA DE FORTUNA","LA CRESCENTA RD",475.00,S,N,A,-,N,,,,,,,,,,Y,4,0,1,1,A,-,01,23152,A,N,E,I,A,A,H,-,D,D,0,,,,,Y,Y,A,01,0,0,1,0,0,0,0,0,0,"- ","- ",33.037860000000002,-117.21187,"SAN DIEGO",UNINCORPORATED,-117.21472300000001,33.036856999999998
5813564,2012,2014-04-18,9645,2012-08-08,0120,17499,,3,3,9,3700,0,3,5,,2,018,"SAN MIGUEL RD","AMADITA LN",81.00,W,N,A,-,N,,,,,,,,,,Y,3,0,3,2,A,-,08,22107,,N,A,C,A,A,H,-,C,D,0,,,,,Y,Y,A,01,0,2,1,0,0,0,0,0,0,"- ","- ",32.675229999999999,-117.0136,"SAN DIEGO",UNINCORPORATED,-117.01340204,32.675218049999998
5813576,2012,2013-12-20,9645,2012-08-19,0108,19712,,7,3,7,3711,0,1,1,,2,011,"RT 805","FEDERAL BL",20.00,S,N,B,-,Y,SD,11,805,-,-,13.580,H,-,N,Y,3,0,1,1,A,-,01,23152,A,N,E,I,A,A,H,-,C,A,1,,,,,Y,Y,A,01,0,1,0,0,0,0,0,0,0,"- ","- ",32.719970000000004,-117.10254999999999,"SAN DIEGO","SAN DIEGO",-117.10258881999999,32.719746520000001
5813590,2012,2013-11-18,9650,2012-08-25,0140,16516,,6,3,5,3712,0,1,3,,2,019,"RT 78","RANCHO SANTA FE AV",600.00,W,N,B,-,Y,SD,11,78,-,-,10.500,H,-,E,Y,4,0,2,2,A,-,01,23152,A,N,C,C,A,A,H,-,D,D,1,,,,,Y,Y,A,01,0,0,2,0,0,0,0,0,0,"- ","- ",33.152270000000001,-117.20103,"SAN DIEGO","SAN MARCOS",-117.20033548000001,33.151720439999998
5813604,2012,2013-11-18,9650,2012-08-26,1425,14615,,7,2,9,3700,0,3,5,,2,170,"EAST VISTA WY","HUTCHISON ST",1056.00,N,N,A,-,N,,,,,,,,,,Y,3,0,1,2,A,-,01,23152,A,N,B,C,A,A,H,-,A,D,0,,,,,Y,Y,A,07,0,1,0,0,0,0,0,0,0,"- ","- ",33.25329,-117.23271,"SAN DIEGO",UNINCORPORATED,-117.23244747,33.253061189999997
5814173,2012,2012-12-26,3711,2012-11-14,1756,600,,3,5,7,3711,0,0,0,,0,477,"HOME AV","MENLO AV",6.00,E,N,B,-,N,,,,,,,,,,Y,2,0,1,2,A,-,08,22107,,N,D,G,A,A,H,-,C,D,0,,Y,,,Y,Y,L,04,1,0,0,0,0,0,1,0,0,"- ","- ",,,"SAN DIEGO","SAN DIEGO",-117.09476934,32.733417320000001
5814376,2012,2013-01-30,3711,2012-12-07,0052,4576,,5,5,7,3711,0,0,0,,0,322,"PRINCESS VIEW DR","LAURA ST",395.00,N,N,B,-,N,,,,,,,,,,Y,4,0,1,1,A,-,08,22107,,N,E,I,A,A,H,-,C,D,0,,,,,Y,Y,J,48,0,0,1,0,0,0,0,0,0,"- ","- ",,,"SAN DIEGO","SAN DIEGO",-117.07902953999999,32.804211289999998
5815422,2013,2014-10-20,9645,2013-02-09,0235,18066,,6,3,7,3711,0,1,1,,2,010,"RT 8","MISSION CENTER RD",300.00,E,N,B,-,Y,SD,11,8,-,-,3.100,H,-,W,Y,4,0,2,2,A,-,01,23152,A,N,C,C,A,B,H,-,C,D,1,,,,,Y,Y,A,07,0,0,2,0,0,0,0,0,0,"- ","- ",35.766210000000001,-117.15166000000001,"SAN DIEGO","SAN DIEGO",-117.1553976,32.765107999999998
5815472,2013,2013-04-02,3700,2013-01-12,0458,SH1748,,6,5,4,3780,0,0,0,,0,410,"TWIN PEAKS RD","SILVERSET DR",350.00,E,N,B,-,N,,,,,,,,,,Y,3,0,1,1,A,-,01,23152,A,N,E,I,A,B,H,-,C,D,0,,,,,Y,Y,A,01,0,1,0,0,0,0,0,0,0,"- ","- ",,,"SAN DIEGO",POWAY,-117.050586,32.977925800000001
5817511,2012,2013-12-19,3711,2012-10-29,2224,4308,,1,5,7,3711,0,0,0,,0,441,"37TH ST","FLORENCE ST",62.00,N,N,B,-,N,,,,,,,,,,Y,3,0,1,5,A,-,08,22107,,N,B,E,A,A,H,-,C,D,0,,,,,Y,Y,A,07,0,1,0,0,0,0,0,0,0,"- ","- ",,,"SAN DIEGO","SAN DIEGO",-117.11466188999999,32.698204590000003
5819428,2012,2013-11-21,3711,2012-08-15,2034,6173,,3,5,7,3711,0,0,0,,0,122,"GARNET AV","DAWES ST",100.00,W,N,A,-,N,,,,,,,,,,N,3,0,1,2,A,-,11,21954,A,N,B,B,D,A,H,-,C,D,0,Y,,,,Y,Y,N,60,0,1,0,0,1,0,0,0,0,"- ","- ",,,"SAN DIEGO","SAN DIEGO",-117.25034633999999,32.797697390000003
5819851,2012,2013-11-30,9645,2012-08-12,0715,16779,,7,1,7,3711,0,1,1,,2,011,"RT 805","RT 15",1257.00,N,N,A,-,Y,SD,11,805,-,-,14.455,R,2,N,Y,3,0,1,1,A,-,01,23152,A,N,E,I,A,A,H,-,A,D,1,,,,,Y,Y,A,01,0,1,0,0,0,0,0,0,0,TO,"- ",32.744909999999997,-117.10923,"SAN DIEGO","SAN DIEGO",-117.10857184,32.730494790000002
5819907,2012,2013-11-27,9645,2012-08-06,0140,19304,,1,3,7,3711,0,1,1,,2,021,"RT 15","RT 94",562.00,S,N,A,-,Y,SD,11,15,-,-,2.050,H,-,N,Y,2,0,1,1,A,-,01,23152,A,N,E,I,A,A,H,-,C,D,1,,,,,Y,Y,A,01,1,0,0,0,0,0,0,0,0,"- ","- ",32.714550000000003,-117.11776999999999,"SAN DIEGO","SAN DIEGO",-117.11787556,32.713892299999998
5821332,2012,2013-12-03,3711,2012-09-02,2349,5046,,7,5,7,3711,0,0,0,,0,826,"EL CAJON BL","30TH ST",0.00,,Y,A,-,N,,,,,,,,,,Y,4,0,3,3,A,-,03,22350,,N,C,C,A,A,H,-,C,A,0,,,,,Y,Y,A,01,0,0,3,0,0,0,0,0,0,"- ","- ",,,"SAN DIEGO","SAN DIEGO",-117.13019197,32.755234809999997
5821479,2012,2014-03-18,3711,2012-10-02,1710,6208,,2,5,7,3711,0,0,0,,0,614,"SUNSET CLIFFS BL","NIMITZ BL",1000.00,S,N,-,-,N,,,,,,,,,,N,4,0,1,2,A,-,04,21703,,N,C,C,A,-,-,-,-,A,0,,,,,Y,Y,-,"- ",0,0,1,0,0,0,0,0,0,"- ","- ",,,"SAN DIEGO","SAN DIEGO",-117.24014366,32.752777139999999
5821487,2012,2014-03-18,3711,2012-10-01,0205,5585,,1,5,7,3711,0,0,0,,0,614,"SUNSET CLIFFS BL",MUIR,24.00,S,N,A,-,N,,,,,,,,,,Y,3,0,1,3,A,-,08,22107,,N,C,E,A,A,H,-,C,D,0,,,,,Y,Y,-,"- ",0,1,0,0,0,0,0,0,0,"- ","- ",,,"SAN DIEGO","SAN DIEGO",-117.24373891,32.749212350000001
5823293,2012,2013-12-20,3709,2012-10-24,1349,437,3709,3,5,5,3709,0,0,0,,0,024,"HIGHLAND AV","EAST 8TH ST",121.00,N,N,A,-,N,,,,,,,,,,Y,4,0,3,4,A,-,01,23153,A,N,C,C,A,A,H,-,A,A,0,,,,,Y,Y,A,07,0,0,3,0,0,0,0,0,0,"- ","- ",,,"SAN DIEGO","NATIONAL CITY",-117.09891433,32.678409610000003
5823322,2012,2013-12-20,3703,2012-10-15,2200,1232,,1,5,3,3703,0,0,0,,0,,"ORANGE AV","GLORIETTA BL",220.00,N,N,A,-,Y,SD,11,75,-,-,18.580,H,-,S,Y,3,0,2,2,A,-,03,22350,,N,C,C,A,A,H,-,C,D,0,,,Y,,Y,Y,C,02,0,1,1,0,0,0,0,0,1,"- ","- ",,,"SAN DIEGO",CORONADO,-117.17733440000001,32.68152319
5823526,2012,2013-12-23,3711,2012-10-30,1440,3661,"SAN D",2,5,7,3711,0,0,0,,0,113,"MORENA BL","BALBOA AV",0.00,,Y,A,-,N,,,,,,,,,,N,4,0,1,2,A,-,08,22107,,M,A,D,A,A,H,-,A,D,0,,,,,Y,Y,A,07,0,0,1,0,0,0,0,0,0,"- ","- ",,,"SAN DIEGO","SAN DIEGO",-117.21327196999999,32.807394789999996
5823538,2012,2013-12-23,3711,2012-10-29,1945,6770,,1,5,7,3711,0,0,0,,0,441,"OCEAN VIEW BL","OCEAN VIEW BL 3600",12.00,S,N,A,-,N,,,,,,,,,,,3,0,1,2,A,-,10,21950,A,N,G,B,A,A,H,-,C,A,0,,,Y,,Y,Y,-,"- ",0,1,0,0,0,0,0,0,0,"- ","- ",,,"SAN DIEGO","SAN DIEGO",,
5823597,2012,2013-12-23,3711,2012-10-31,1450,5046,,3,5,7,3711,0,0,0,,0,521,"6TH AV","JUNIPER ST",778.00,N,N,A,-,N,,,,,,,,,,Y,3,0,1,6,A,-,08,22107,,N,B,E,A,A,H,-,A,D,0,,,,,Y,Y,D,23,0,1,0,0,0,0,0,0,0,"- ","- ",,,"SAN DIEGO","SAN DIEGO",-117.15944152,32.73138514
5824359,2012,2013-12-09,9650,2012-09-05,0250,014676,,3,3,9,3700,0,1,1,,2,021,"RT 15","DEER SPRINGS RD",4224.00,N,N,A,-,Y,SD,11,15,-,R,37.440,H,-,S,Y,3,0,2,1,A,-,01,23152,A,N,F,A,A,A,H,-,D,D,1,,,,,Y,Y,A,01,0,2,0,0,0,0,0,0,0,"- ","- ",33.206569999999999,-117.1314,"SAN DIEGO",UNINCORPORATED,-117.13320902,33.208212850000002
5824379,2012,2013-12-09,9650,2012-09-05,0240,018296,,3,3,9,3700,0,3,5,,2,213,"PALA TEMECULA RD","RIVERSIDE COUNTY LINE",7920.00,S,N,A,-,N,,,,,,,,,,Y,3,0,1,1,A,-,01,23152,A,N,E,I,A,A,H,-,D,D,0,,,,,Y,Y,A,01,0,1,0,0,0,0,0,0,0,"- ","- ",33.414259999999999,-117.08156,"SAN DIEGO",UNINCORPORATED,-117.084846,33.412962
5824395,2012,2013-12-07,9650,2012-09-02,0035,017056,,7,3,9,3700,0,2,4,,2,061,"SOUTH MISSION RD","STAGE COACH LN",710.00,N,N,A,-,N,,,,,,,,,,Y,3,0,1,2,A,-,01,23152,A,N,B,C,A,A,H,-,D,D,0,,,,,Y,Y,A,01,0,1,0,0,0,0,0,0,0,"- ","- ",33.210389999999997,-117.1443,"SAN DIEGO",UNINCORPORATED,-117.24516135,33.351134450000004
5825196,2012,2014-03-14,9650,2012-09-13,0130,17905,,4,3,9,3700,0,3,5,,2,213,"PALA TEMECULA RD","PALA MISSION RD",1862.00,N,N,A,-,N,,,,,,,,,,Y,3,0,1,1,A,-,01,23152,A,N,E,I,A,A,G,-,D,D,0,,,,,Y,Y,A,07,0,1,0,0,0,0,0,0,0,"- ","- ",33.369900000000001,-117.0774,"SAN DIEGO",UNINCORPORATED,-117.07755663,33.370037359999998
5825288,2012,2013-12-13,3711,2012-09-05,1047,4298,,3,5,7,3711,0,0,0,,0,315,"HAZARD CENTER DR","FRAZEE RD",1300.00,,N,B,-,N,,,,,,,,,,N,4,0,1,2,A,-,12,21453,A,M,G,B,B,A,H,-,A,A,0,Y,,,,Y,Y,-,"- ",0,0,1,0,1,0,0,0,0,"- ","- ",,,"SAN DIEGO","SAN DIEGO",-117.15992332,32.769219980000003
5825292,2012,2014-02-19,3711,2012-09-01,0403,6459,,6,5,7,3711,0,0,0,,0,122,"LORING ST","SAN JOAQUIN DR",0.00,,-,A,-,N,,,,,,,,,,Y,3,0,1,2,A,-,08,22107,,N,C,E,A,A,H,-,C,D,0,,,,,Y,Y,-,"- ",0,1,0,0,0,0,0,0,0,"- ","- ",,,"SAN DIEGO","SAN DIEGO",-117.22551193,32.811854859999997
5825295,2012,2013-12-13,3711,2012-09-07,0131,6773,,5,5,7,3711,0,0,0,,0,234,"ESCALA DR","CHRETIEN CT",490.00,N,N,A,-,N,,,,,,,,,,Y,3,0,1,1,A,-,01,23152,A,N,E,I,A,A,H,-,C,D,0,,,,,Y,Y,-,"- ",0,1,0,0,0,0,0,0,0,"- ","- ",,,"SAN DIEGO","SAN DIEGO",-117.07382801,33.040770940000002
5825311,2012,2014-04-18,3711,2012-09-09,1609,5939,,7,5,7,3711,0,0,0,,0,242,"CAMINO RUIZ","WESTMORE RD",20.00,S,N,A,-,N,,,,,,,,,,Y,3,0,1,2,A,-,"- ",,,N,-,C,A,A,A,H,-,A,0,,,,,Y,Y,A,01,0,1,0,0,0,0,0,0,0,"- ","- ",,,"SAN DIEGO","SAN DIEGO",-117.14405008999999,32.917770019999999
5825315,2012,2013-12-13,3711,2012-09-09,1633,6670,SD,7,5,7,3711,0,0,0,,0,242,"CALICO ST","MANILA AV",20.00,W,N,B,-,N,,,,,,,,,,Y,4,0,1,2,A,-,08,22107,,N,C,E,A,A,H,-,A,A,0,,,,,Y,Y,-,"- ",0,0,1,0,0,0,0,0,0,"- ","- ",,,"SAN DIEGO","SAN DIEGO",-117.15152646999999,32.908038759999997
5825316,2012,2013-12-10,3711,2012-09-04,0025,4310,,2,5,7,3711,0,0,0,,0,122,"GARNET AV","JEWELL ST",245.00,E,N,A,-,N,,,,,,,,,,Y,4,0,1,2,A,-,"- ",,,N,C,E,A,A,H,-,C,D,0,,,,,Y,Y,A,01,0,0,1,0,0,0,0,0,0,"- ","- ",,,"SAN DIEGO","SAN DIEGO",-117.23824279,32.80036381