CASE_ID,ACCIDENT_YEAR,PROC_DATE,JURIS,COLLISION_DATE,COLLISION_TIME,OFFICER_ID,REPORTING_DISTRICT,DAY_OF_WEEK,CHP_SHIFT,POPULATION,CNTY_CITY_LOC,SPECIAL_COND,BEAT_TYPE,CHP_BEAT_TYPE,CITY_DIVISION_LAPD,CHP_BEAT_CLASS,BEAT_NUMBER,PRIMARY_RD,SECONDARY_RD,DISTANCE,DIRECTION,INTERSECTION,WEATHER_1,WEATHER_2,STATE_HWY_IND,CALTRANS_COUNTY,CALTRANS_DISTRICT,STATE_ROUTE,ROUTE_SUFFIX,POSTMILE_PREFIX,POSTMILE,LOCATION_TYPE,RAMP_INTERSECTION,SIDE_OF_HWY,TOW_AWAY,COLLISION_SEVERITY,NUMBER_KILLED,NUMBER_INJURED,PARTY_COUNT,PRIMARY_COLL_FACTOR,PCF_CODE_OF_VIOL,PCF_VIOL_CATEGORY,PCF_VIOLATION,PCF_VIOL_SUBSECTION,HIT_AND_RUN,TYPE_OF_COLLISION,MVIW,PED_ACTION,ROAD_SURFACE,ROAD_COND_1,ROAD_COND_2,LIGHTING,CONTROL_DEVICE,CHP_ROAD_TYPE,PEDESTRIAN_ACCIDENT,BICYCLE_ACCIDENT,MOTORCYCLE_ACCIDENT,TRUCK_ACCIDENT,NOT_PRIVATE_PROPERTY,ALCOHOL_INVOLVED,STWD_VEHTYPE_AT_FAULT,CHP_VEHTYPE_AT_FAULT,COUNT_SEVERE_INJ,COUNT_VISIBLE_INJ,COUNT_COMPLAINT_PAIN,COUNT_PED_KILLED,COUNT_PED_INJURED,COUNT_BICYCLIST_KILLED,COUNT_BICYCLIST_INJURED,COUNT_MC_KILLED,COUNT_MC_INJURED,PRIMARY_RAMP,SECONDARY_RAMP,LATITUDE,LONGITUDE,COUNTY,CITY,POINT_X,POINT_Y
5855455,2012,2013-12-20,9645,2012-10-25,0010,017499,,4,3,7,3711,0,1,1,,2,021,"RT 15","RT 94",600.00,N,N,A,-,Y,SD,11,15,-,-,2.540,H,-,S,Y,3,0,1,1,A,-,01,23152,A,N,E,I,A,A,H,-,C,D,1,,,,,Y,Y,A,01,0,1,0,0,0,0,0,0,0,"- ","- ",32.719569999999997,-117.11778,"SAN DIEGO","SAN DIEGO",-117.11636329,32.72210158
5855489,2012,2013-12-23,9650,2012-10-16,0146,15738,,2,3,9,3700,0,3,5,,2,006,"OLIVE HILL RD","DEL VALLE DR",2640.00,S,N,A,-,N,,,,,,,,,,Y,3,0,1,1,A,-,01,23152,A,N,E,I,A,A,H,-,E,D,0,,,,,Y,Y,A,01,0,1,0,0,0,0,0,0,0,"- ","- ",33.30791,-117.24571,"SAN DIEGO",UNINCORPORATED,-117.24618608999999,33.308579479999999
5855627,2012,2013-12-12,3700,2012-09-01,2255,SH3171,,6,5,5,3782,0,0,0,,0,210,"NORTH COAST HWY","JUPITER ST",111.00,N,N,A,-,N,,,,,,,,,,Y,2,0,1,1,A,-,01,23152,A,N,E,I,A,A,H,-,C,D,0,,,,,Y,Y,A,01,1,0,0,0,0,0,0,0,0,"- ","- ",,,"SAN DIEGO",ENCINITAS,-117.30489828,33.072297900000002
5855636,2012,2013-12-13,3708,2012-09-28,0755,1205,400,5,5,5,3708,0,0,0,,0,004,"GREGORY ST","HOWELL DR",12.00,W,N,A,-,N,,,,,,,,,,N,4,0,1,2,A,-,21,22106,,F,G,B,E,A,H,-,A,A,0,Y,,,,Y,Y,A,01,0,0,1,0,1,0,0,0,0,"- ","- ",,,"SAN DIEGO","LA MESA",-116.99516076,32.790956020000003
5855721,2012,2013-12-21,3708,2012-10-25,1331,1225,400,4,5,5,3708,0,0,0,,0,003,"PARKWAY DR","MARENGO AV",62.00,E,N,A,-,N,,,,,,,,,,N,3,0,1,1,A,-,08,22107,,N,E,I,A,B,H,-,A,D,0,,Y,,,Y,Y,L,04,0,1,0,0,0,0,1,0,0,"- ","- ",,,"SAN DIEGO","LA MESA",-117.02279154,32.775688590000001
5855821,2012,2013-12-21,9650,2012-10-15,2338,19126,,1,3,5,3713,0,1,3,,2,017,"RT 78","EMERALD DR",47520.00,E,N,A,-,Y,SD,11,78,-,-,5.280,H,-,E,N,2,0,1,3,A,-,03,22350,,N,G,B,E,A,H,-,D,D,1,Y,,,,Y,Y,-,99,1,0,0,0,1,0,0,0,0,"- ","- ",33.193710000000003,-117.26675,"SAN DIEGO",VISTA,-117.26602819999999,33.193783840000002
5857331,2012,2013-12-20,3710,2012-10-08,2052,OC0874,,1,5,6,3710,0,0,0,,0,017,"COLLEGE BL","VIA CUPENO",30.00,N,N,A,-,N,,,,,,,,,,N,4,0,1,2,A,-,01,23152,A,N,C,C,A,A,H,-,C,D,0,,,,,Y,Y,A,01,0,0,1,0,0,0,0,0,0,"- ","- ",,,"SAN DIEGO",OCEANSIDE,-117.29135488999999,33.246987740000002
5857415,2012,2013-12-18,3711,2012-10-06,0204,4495,,6,5,7,3711,0,0,0,,0,624,"WASHINGTON ST","LINCOLN AV",76.00,E,N,A,-,N,,,,,,,,,,Y,4,0,1,2,A,-,03,22350,,N,C,C,A,A,H,-,C,A,0,,,,,Y,Y,A,01,0,0,1,0,0,0,0,0,0,"- ","- ",,,"SAN DIEGO","SAN DIEGO",-117.15011077,32.751806559999999
5857416,2012,2013-12-18,3711,2012-10-06,2212,5527,"SAN D",6,5,7,3711,0,0,0,,0,521,"J ST","8TH AV",66.00,E,N,A,-,N,,,,,,,,,,N,3,0,1,2,A,-,"- ",,,N,G,B,D,C,A,-,A,D,0,Y,,,,Y,Y,N,60,0,1,0,0,1,0,0,0,0,"- ","- ",,,"SAN DIEGO","SAN DIEGO",-117.15719805000001,32.709354759999997
5857421,2012,2013-12-18,3711,2012-10-04,1932,4436,,4,5,7,3711,0,0,0,,0,526,"1ST AV","BECIA ST",120.00,S,N,A,-,N,,,,,,,,,,N,4,0,1,2,A,-,09,21804,A,N,B,C,A,A,H,-,C,A,0,,,,,Y,Y,-,"- ",0,0,1,0,0,0,0,0,0,"- ","- ",,,"SAN DIEGO","SAN DIEGO",,
5857423,2012,2013-12-18,3711,2012-10-06,0230,6499,,6,5,7,3711,0,0,0,,0,437,"GOODE ST","BIGNELL DR",269.00,S,N,A,-,N,,,,,,,,,,Y,3,0,1,2,A,-,01,23152,A,N,C,E,A,A,H,-,C,D,0,,,,,Y,Y,-,"- ",0,1,0,0,0,0,0,0,0,"- ","- ",,,"SAN DIEGO","SAN DIEGO",-117.03086519999999,32.688401470000002
5857425,2012,2013-12-18,3711,2012-10-06,2130,6308,,6,5,7,3711,0,0,0,,0,722,"RHINE ST","HOFER DR",93.00,N,N,A,-,N,,,,,,,,,,N,3,0,1,2,A,-,21,22106,,N,G,B,F,A,H,-,C,D,0,Y,,,,Y,Y,-,"- ",0,1,0,0,1,0,0,0,0,"- ","- ",,,"SAN DIEGO","SAN DIEGO",-117.08760187999999,32.575309490000002
5857483,2012,2013-12-19,3711,2012-10-24,1817,6097,,3,5,7,3711,0,0,0,,0,112,"MOUNT ARARAT DR","MT ARARAT DR 5300",3.00,S,N,A,-,N,,,,,,,,,,Y,3,0,1,2,A,-,08,22107,,N,A,E,A,A,H,-,B,D,0,,,,,Y,Y,-,"- ",0,1,0,0,0,0,0,0,0,"- ","- ",,,"SAN DIEGO","SAN DIEGO",,
5857487,2012,2013-12-18,3711,2012-10-26,1206,6708,,5,5,7,3711,0,0,0,,0,233,"RANCHO PENASQUITOS BL","RANCHO PENASQUITOS BL 12800",0.00,,Y,A,-,N,,,,,,,,,,Y,4,0,1,2,A,-,08,22107,,N,D,C,A,A,H,-,A,D,0,,,,,Y,Y,-,"- ",0,0,1,0,0,0,0,0,0,"- ","- ",,,"SAN DIEGO","SAN DIEGO",-117.10738778,32.950370190000001
5857488,2012,2013-12-18,3711,2012-10-28,0037,6839,SANDI,7,5,7,3711,0,0,0,,0,233,"BLACK MOUNTAIN RD","PASEO MONTALBAN",50.00,S,N,A,-,N,,,,,,,,,,Y,3,0,2,1,A,-,08,22107,,N,A,I,A,A,H,-,C,D,0,,,,,Y,Y,-,"- ",0,2,0,0,0,0,0,0,0,"- ","- ",,,"SAN DIEGO","SAN DIEGO",-117.12653253000001,32.959374650000001
5857538,2012,2014-03-19,3711,2012-10-04,2100,5769,,4,5,7,3711,0,0,0,,0,524,"4TH AV","BROADWAY CIR",0.00,,Y,A,-,N,,,,,,,,,,N,4,0,1,2,D,-,00,,,N,G,B,F,A,-,-,C,-,0,Y,,,,Y,Y,-,"- ",0,0,1,0,1,0,0,0,0,"- ","- ",,,"SAN DIEGO","SAN DIEGO",-117.16109201,32.715694839999998
5857941,2012,2014-01-04,3700,2012-11-10,1435,SH3324,,6,5,4,3720,0,0,0,,0,601,"FEDERAL BL","SAN MIGUEL  AV",0.00,,Y,A,-,Y,,,,,,,,,,Y,3,0,2,2,A,-,03,22350,,N,C,C,A,A,H,-,A,A,0,,,,,Y,Y,D,22,0,1,1,0,0,0,0,0,0,"- ","- ",,,"SAN DIEGO","LEMON GROVE",-117.05644194,32.734384859999999
5859024,2012,2013-12-10,3702,2012-09-20,0753,CV0695,,4,5,6,3702,0,0,0,,0,023,"EAST ORANGE AV","LOMA LN",0.00,,Y,A,-,N,,,,,,,,,,Y,2,0,2,3,A,-,03,22350,,N,D,C,A,A,H,-,A,A,0,,,,,Y,Y,A,01,1,0,1,0,0,0,0,0,0,"- ","- ",,,"SAN DIEGO","CHULA VISTA",-117.04887201,32.600054759999999
5859903,2012,2013-12-17,9645,2012-10-20,2045,14625,,6,2,7,3711,0,1,1,,2,010,"RT 8","MISSION CENTER RD",700.00,W,N,C,-,Y,SD,11,8,-,-,2.910,H,-,E,Y,3,0,1,4,A,-,01,23152,A,N,C,C,A,B,H,-,C,D,1,,,,,Y,Y,A,01,0,1,0,0,0,0,0,0,0,FR,"- ",32.764749999999999,-117.15595999999999,"SAN DIEGO","SAN DIEGO",-117.16039535,32.763666659999998
5859910,2012,2013-12-18,9645,2012-10-17,1910,19422,,3,2,9,3700,0,3,5,,2,018,"SWEETWATER RD","DORAL WY",1203.00,E,N,A,-,Y,,,,,,,,,,N,2,0,1,2,A,-,11,21954,A,N,G,A,D,A,H,-,D,D,0,Y,,,,Y,Y,N,60,1,0,0,0,1,0,0,0,0,"- ","- ",32.66525,-117.03897000000001,"SAN DIEGO",UNINCORPORATED,-117.03936041999999,32.665234259999998
5860160,2012,2014-01-08,9645,2012-11-01,0220,17677,,4,3,7,3711,0,1,1,,2,003,"RT 5","6TH AV",2.00,W,N,A,-,Y,SD,11,5,-,R,16.283,R,2,N,Y,3,0,1,1,A,-,01,23152,A,N,E,I,A,A,H,-,C,D,1,,,,,Y,Y,A,01,0,1,0,0,0,0,0,0,0,"- ","- ",,,"SAN DIEGO","SAN DIEGO",-117.16087185000001,32.722724790000001
5860875,2012,2013-12-19,3710,2012-10-06,0215,OC1350,,6,5,6,3710,0,0,0,,0,521,"RT 76","FRAZEE RD",0.00,,Y,A,-,Y,SD,11,76,-,R,5.590,H,-,E,Y,4,0,1,2,A,-,01,23152,A,F,C,C,A,A,H,-,C,A,0,,,,,Y,Y,A,01,0,0,1,0,0,0,0,0,0,"- ","- ",,,"SAN DIEGO",OCEANSIDE,-117.29847065,33.238854930000002
5861705,2012,2013-12-16,3702,2012-10-27,0200,CV1026,,6,5,6,3702,0,0,0,,0,012,BROADWAY,"H ST",0.00,,Y,-,-,Y,,,,,,,,,,Y,3,0,1,1,A,-,01,23152,B,N,H,-,A,-,-,-,-,-,0,,,,,Y,Y,-,"- ",0,1,0,0,0,0,0,0,0,"- ","- ",,,"SAN DIEGO","CHULA VISTA",-117.089462,32.630914840000003
5861709,2012,2013-12-16,3702,2012-10-25,1634,CV0815,,4,5,6,3702,0,0,0,,0,014,"L ST","1ST AV",140.00,E,N,A,-,N,,,,,,,,,,Y,3,0,1,2,A,-,01,23152,B,N,A,C,A,A,H,-,A,A,0,,,,,Y,Y,A,01,0,1,0,0,0,0,0,0,0,"- ","- ",,,"SAN DIEGO","CHULA VISTA",-117.06336989,32.623221659999999
5861713,2012,2013-12-16,3702,2012-10-07,0225,CV0266,,7,5,6,3702,0,0,0,,0,013,"L ST","3RD AV",280.00,E,N,A,-,N,,,,,,,,,,Y,3,0,1,1,A,-,01,23152,A,N,E,I,A,A,H,-,C,D,0,,,,,Y,Y,A,01,0,1,0,0,0,0,0,0,0,"- ","- ",,,"SAN DIEGO","CHULA VISTA",-117.07101932,32.620923060000003
5862083,2012,2013-12-20,9650,2012-10-20,2220,017056,,6,3,6,3710,0,1,1,,2,005,"RT 5","NEPTUNE WY",3.00,S,N,C,-,Y,SD,11,5,-,R,53.741,R,1,S,Y,3,0,1,1,A,-,01,23152,A,N,F,I,A,A,H,-,C,D,1,,,,,Y,Y,D,22,0,1,0,0,0,0,0,0,0,FR,"- ",,,"SAN DIEGO",OCEANSIDE,-117.37809192,33.202194839999997
5862094,2012,2014-01-08,9650,2012-11-22,0158,014676,,4,3,5,3701,0,1,1,,2,005,"RT 5","LA COSTA AV",250.00,N,N,B,-,Y,SD,11,5,-,R,44.120,H,-,N,Y,4,0,1,1,A,-,08,22107,,N,F,A,A,A,H,-,C,D,1,,,,,Y,Y,A,01,0,0,1,0,0,0,0,0,0,"- ","- ",33.084539999999997,-117.29801,"SAN DIEGO",CARLSBAD,-117.29865427999999,33.085385289999998
5862691,2012,2013-12-18,9650,2012-10-08,2255,018208,,1,3,9,3700,0,3,5,,2,211,"PARADISE MOUNTAIN RD","LAKE WOHLFORD RD",3168.00,E,N,A,-,N,,,,,,,,,,Y,3,0,2,1,A,-,01,23152,A,N,E,I,A,A,H,-,D,A,0,,,,,Y,Y,A,01,0,2,0,0,0,0,0,0,0,"- ","- ",33.19952,-116.95728,"SAN DIEGO",UNINCORPORATED,-116.96184709000001,33.199971840000003
5862836,2012,2014-04-15,9650,2012-10-13,1345,015803,,6,1,9,3700,0,1,1,,2,003,"RT 5","LAS PULGAS RD",400.00,S,N,A,-,Y,SD,11,5,-,R,62.000,H,-,S,Y,3,0,5,4,A,-,01,23152,A,N,C,C,A,A,H,-,A,D,1,,,,,Y,Y,A,01,0,2,3,0,0,0,0,0,0,"- ","- ",33.298020000000001,-117.46379,"SAN DIEGO",UNINCORPORATED,-117.46296732,33.297238129999997
5862887,2012,2013-12-18,9650,2012-10-06,2319,18875,,6,3,9,3700,0,1,1,,2,022,"RT 15","EAST MISSION RD",5280.00,N,N,A,-,Y,SD,11,15,-,R,51.580,H,-,N,Y,2,0,1,1,A,-,01,23152,A,N,E,I,A,A,H,-,D,D,1,,,,,Y,Y,A,01,1,0,0,0,0,0,0,0,0,"- ","- ",33.400199999999998,-117.16992,"SAN DIEGO",UNINCORPORATED,-117.16894077000001,33.401427750000003
5862891,2012,2013-12-18,9650,2012-10-14,0350,17723,,7,3,9,3700,0,1,1,,2,001,"RT 15","USBP CHECK PT",2640.00,S,N,A,-,Y,SD,11,5,-,R,66.780,H,-,S,Y,3,0,1,1,A,-,01,23152,A,N,F,A,A,A,H,-,D,D,1,,,,,Y,Y,-,"- ",0,1,0,0,0,0,0,0,0,"- ","- ",33.339489999999998,-117.50725,"SAN DIEGO",UNINCORPORATED,-117.51868507,33.347712250000001
5862895,2012,2013-12-18,9650,2012-10-15,1730,19227,,1,2,9,3700,0,2,4,,2,063,"RECHE RD","OLD HWY 395",3168.00,W,N,A,-,N,,,,,,,,,,Y,3,0,1,1,A,-,01,23152,A,N,F,A,A,A,H,-,A,D,0,,,Y,,Y,Y,C,02,0,1,0,0,0,0,0,0,1,"- ","- ",33.367980000000003,-117.17855,"SAN DIEGO",UNINCORPORATED,-117.17845325,33.368040960000002
5862952,2012,2013-12-17,9645,2012-10-13,1135,18118,,6,1,7,3711,0,3,5,,2,111,"RT 5","CAMINO DE LA PLZ",35.00,S,N,A,-,Y,,,,,,,,,,Y,3,0,1,1,A,-,07,21658,A,N,E,I,A,A,H,-,A,D,0,,,,,Y,Y,A,01,0,1,0,0,0,0,0,0,0,"- ","- ",32.544229999999999,-117.03252999999999,"SAN DIEGO","SAN DIEGO",-117.03263543,32.544212860000002
5863131,2012,2014-01-04,3711,2012-10-27,0245,6307,,6,5,7,3711,0,0,0,,0,624,"EL CAJON BL","TEXAS ST",0.00,,Y,A,-,N,,,,,,,,,,Y,3,0,1,2,A,-,12,21453,A,M,D,C,A,A,H,-,C,A,0,,,,,Y,Y,-,"- ",0,1,0,0,0,0,0,0,0,"- ","- ",,,"SAN DIEGO","SAN DIEGO",-117.13884202,32.755344800000003
5863628,2012,2013-12-20,3711,2012-10-22,1439,5655,,1,5,7,3711,0,0,0,,0,321,"ALVARADO CANYON RD","MISSION GORGE PL",1584.00,W,N,B,-,N,,,,,,,,,,Y,3,0,2,2,A,-,09,21801,A,N,A,C,A,A,H,-,A,D,0,,,,,Y,Y,-,"- ",0,1,1,0,0,0,0,0,0,"- ","- ",,,"SAN DIEGO","SAN DIEGO",-117.09686651,32.780124129999997
5863945,2012,2014-01-06,9680,2012-11-07,1715,017013,,3,2,5,3705,0,1,3,,2,016,"RT 67",BROADWAY,690.00,N,N,A,-,Y,SD,11,67,-,R,0.430,H,-,N,Y,2,0,1,2,A,-,03,22350,,N,C,C,A,A,H,-,C,D,1,,,,Y,Y,Y,A,01,1,0,0,0,0,0,0,0,0,"- ","- ",32.810070000000003,-116.96172,"SAN DIEGO","EL CAJON",-116.96174053,32.812347920000001
5863959,2012,2014-01-08,3702,2012-11-15,2046,CV0923,,4,5,6,3702,0,0,0,,0,032,"MARQUETTE RD","SAINT CLAIRE DR",213.00,E,N,A,-,N,,,,,,,,,,Y,3,0,1,2,A,-,08,22107,,N,C,E,A,A,H,-,D,D,0,,,,,Y,Y,D,22,0,1,0,0,0,0,0,0,0,"- ","- ",,,"SAN DIEGO","CHULA VISTA",-116.97608848,32.64697743
5863991,2012,2013-12-23,3702,2012-10-11,1727,CV0804,,4,5,6,3702,0,0,0,,0,022,"4TH AV","NICKMAN ST",171.00,N,N,A,-,N,,,,,,,,,,Y,4,0,2,4,A,-,01,23152,A,N,C,E,A,A,H,-,A,D,0,,,,,Y,Y,A,07,0,0,2,0,0,0,0,0,0,"- ","- ",,,"SAN DIEGO","CHULA VISTA",-117.07387934,32.614280860000001
5864116,2012,2014-01-08,9645,2012-11-21,0213,17677,,3,3,7,3711,0,1,1,,2,003,"RT 94","RT 5",500.00,S,N,A,-,Y,SD,11,5,-,R,15.260,R,2,N,Y,4,0,1,1,A,-,01,23152,A,F,F,A,A,A,H,-,C,D,1,,,,,Y,Y,D,22,0,0,1,0,0,0,0,0,0,"- ","- ",32.714370000000002,-117.1465,"SAN DIEGO","SAN DIEGO",-117.14758184,32.716910919999997
5864264,2012,2013-12-17,3711,2012-10-27,1935,6661,,6,5,7,3711,0,0,0,,0,611,"SPORTS ARENA BL","EAST DR",100.00,W,N,A,-,N,,,,,,,,,,Y,4,0,1,2,A,-,04,21703,,N,C,C,A,A,H,-,C,D,0,,,,,Y,Y,-,"- ",0,0,1,0,0,0,0,0,0,"- ","- ",,,"SAN DIEGO","SAN DIEGO",-117.20868828,32.753104620000002
5864272,2012,2013-12-17,3711,2012-10-24,2150,6902,SDPD,3,5,7,3711,0,0,0,,0,934,"SEA BREEZE FARMS","COACH LN",201.00,S,N,A,-,N,,,,,,,,,,N,3,0,1,2,A,-,08,22107,,N,A,E,A,A,H,-,C,D,0,,,,,Y,Y,-,"- ",0,1,0,0,0,0,0,0,0,"- ","- ",,,"SAN DIEGO","SAN DIEGO",-117.20116127999999,32.953263020000001
5864275,2012,2013-12-17,3711,2012-10-26,1557,3815,,5,5,7,3711,0,0,0,,0,621,"ULRIC ST","DAVID ST",0.00,,Y,A,-,N,,,,,,,,,,Y,4,0,2,2,A,-,09,21801,A,N,D,C,A,A,H,-,A,D,0,,,,,Y,Y,A,08,0,0,2,0,0,0,0,0,0,"- ","- ",,,"SAN DIEGO","SAN DIEGO",-117.16911202,32.77985477
5864287,2012,2013-12-17,3711,2012-10-28,0147,5514,,7,5,7,3711,0,0,0,,0,434,"GLENCOE DR","SAN VICENTE  DR",514.00,N,N,A,-,N,,,,,,,,,,Y,2,0,3,5,A,-,08,22107,,N,A,E,E,A,H,-,C,D,0,Y,,,,Y,Y,A,07,1,1,1,0,2,0,0,0,0,"- ","- ",,,"SAN DIEGO","SAN DIEGO",-117.03068405,32.712535010000003
5864299,2012,2013-12-17,3711,2012-10-28,0203,6411,SDPD,7,5,7,3711,0,0,0,,0,122,"GRAND AV","DAWES ST",0.00,,Y,A,-,N,,,,,,,,,,N,3,0,1,2,A,-,11,21954,A,N,G,B,D,A,H,-,C,D,0,Y,,,,Y,Y,N,60,0,1,0,0,1,0,0,0,0,"- ","- ",,,"SAN DIEGO","SAN DIEGO",-117.24946203,32.795914869999997
5864313,2012,2013-12-23,3711,2012-10-29,0213,5865,,1,5,7,3711,0,0,0,,0,321,"FRIARS RD","RANCHO MISSION RD",32.00,E,N,A,-,N,,,,,,,,,,Y,3,0,4,2,A,-,03,22350,,N,C,C,A,A,H,-,C,A,0,,,,,Y,Y,A,01,0,3,1,0,0,0,0,0,0,"- ","- ",,,"SAN DIEGO","SAN DIEGO",-117.10871314000001,32.789471710000001
5865240,2012,2013-12-09,3700,2012-09-14,1750,SH3764,,5,5,4,3780,0,0,0,,0,411,"ESPOLA RD","TWIN PEAKS RD",110.00,S,N,A,-,N,,,,,,,,,,Y,4,0,1,2,A,-,09,21804,A,N,D,C,A,A,H,-,A,D,0,,,Y,,Y,Y,C,02,0,0,1,0,0,0,0,0,0,"- ","- ",,,"SAN DIEGO",POWAY,-117.02324729999999,32.977763549999999
5865871,2012,2014-01-09,3711,2012-11-18,0215,4495,,7,5,7,3711,0,0,0,,0,521,"7TH AV","ISLAND AV",164.00,N,N,B,-,N,,,,,,,,,,N,4,0,2,2,A,-,04,21703,,N,C,C,A,A,H,-,C,D,0,,,,,Y,Y,A,01,0,0,2,0,0,0,0,0,0,"- ","- ",,,"SAN DIEGO","SAN DIEGO",-117.15832343,32.710853960000001
5865882,2012,2014-03-29,3711,2012-11-20,0257,6925,,2,5,7,3711,0,0,0,,0,245,"CYPRESS CANYON PARK DR",POMERADO,50.00,N,N,A,-,N,,,,,,,,,,Y,3,0,2,1,A,-,08,22107,,N,A,I,A,A,H,-,C,D,0,,,,,Y,Y,A,01,0,2,0,0,0,0,0,0,0,"- ","- ",,,"SAN DIEGO","SAN DIEGO",-117.06278248,32.921831449999999
5865891,2012,2014-01-09,3711,2012-11-19,0525,2494,,1,5,7,3711,0,0,0,,0,124,"LA JOLLA MESA","LA JOLLA RANCHO",0.00,,Y,A,-,N,,,,,,,,,,Y,3,0,2,1,A,-,12,22450,,F,E,I,A,A,H,-,B,D,0,,,Y,,Y,Y,C,02,0,2,0,0,0,0,0,0,2,"- ","- ",,,"SAN DIEGO","SAN DIEGO",-117.25859199999999,32.825324790000003
5865903,2012,2014-01-09,3711,2012-11-23,0155,6796,,5,5,7,3711,0,0,0,,0,031,"CHALAR ST","MURRAY RIDGE",250.00,N,N,E,-,N,,,,,,,,,,N,3,0,1,2,A,-,08,22107,,N,A,E,A,A,H,-,D,D,0,,,,,Y,Y,-,"- ",0,1,0,0,0,0,0,0,0,"- ","- ",,,"SAN DIEGO","SAN DIEGO",-117.14495905,32.79505803
5865908,2012,2014-01-21,3711,2012-11-18,2238,6925,,7,5,7,3711,0,0,0,,0,242,"CAPRICORN WY","CAPRICORN WY 9400",12.00,N,N,A,-,N,,,,,,,,,,Y,4,0,2,2,A,-,08,22107,,M,C,C,A,A,H,-,C,D,0,,,,,Y,Y,-,"- ",0,0,2,0,0,0,0,0,0,"- ","- ",,,"SAN DIEGO","SAN DIEGO",,
5866008,2012,2014-01-07,3706,2012-11-18,0150,0451,ESPD,7,5,6,3706,0,0,0,,0,052,"E 17TH AV","ENCINO DR",485.00,E,N,A,-,N,,,,,,,,,,Y,3,0,1,1,A,-,01,23152,A,N,E,I,A,A,H,-,C,D,0,,,,,Y,Y,A,01,0,1,0,0,0,0,0,0,0,"- ","- ",,,"SAN DIEGO",ESCONDIDO,-117.06055834,33.108307400000001
5866182,2012,2014-01-07,9680,2012-10-27,2000,19273,,6,2,9,3700,0,2,4,,1,093,"VISTA RAMONA RD","ARENA WY",10.00,W,N,A,-,N,,,,,,,,,,Y,3,0,3,2,A,-,01,23152,A,N,C,C,A,A,H,-,C,D,0,,,,,Y,Y,A,01,0,1,2,0,0,0,0,0,0,"- ","- ",33.026499999999999,-116.81894,"SAN DIEGO",UNINCORPORATED,-116.818927,33.026555000000002
5866244,2012,2013-12-31,9680,2012-11-21,0200,018268,,3,3,9,3700,0,3,5,,2,002,"SOUTH BARCELONA AV","BUENA VISTA DR",41.00,N,N,A,-,N,,,,,,,,,,Y,4,0,1,5,A,-,01,23152,A,N,E,E,A,A,H,-,C,D,0,,,,,Y,Y,A,01,0,0,1,0,0,0,0,0,0,"- ","- ",32.745469999999997,-116.98193000000001,"SAN DIEGO",UNINCORPORATED,-116.98188082999999,32.745007059999999
5866251,2012,2013-12-30,9680,2012-11-07,1345,016136,,3,1,9,3700,0,2,4,,1,032,"LA CRESTA DR","MOUNTAIN VIEW RD",1584.00,W,N,A,-,N,,,,,,,,,,Y,3,0,1,1,A,-,01,23152,A,N,E,I,A,A,H,-,A,D,0,,,,,Y,Y,A,01,0,1,0,0,0,0,0,0,0,"- ","- ",32.814799999999998,-116.86526000000001,"SAN DIEGO",UNINCORPORATED,-116.865273,32.814861999999998
5866272,2012,2013-12-30,9680,2012-11-09,0430,016878,,5,3,9,3700,0,3,5,,2,007,"SAN FELIPE RD","MONTEZUMA VALLEY RD",790.00,N,N,E,-,N,,,,,,,,,,Y,4,0,1,1,A,-,08,22107,,N,E,I,A,B,H,-,D,D,0,,,,,Y,Y,A,01,0,0,1,0,0,0,0,0,0,"- ","- ",33.220649999999999,-116.60532000000001,"SAN DIEGO",UNINCORPORATED,-116.6062618,33.221539819999997
5866288,2012,2014-03-13,9680,2012-11-14,2014,016415,,3,2,9,3700,0,2,4,,1,021,"DEHESA RD","SINGING VISTA DR",644.00,E,N,A,-,N,,,,,,,,,,Y,4,0,2,2,A,-,01,23152,A,N,A,C,A,A,H,-,D,A,0,,,,,Y,Y,A,01,0,0,2,0,0,0,0,0,0,"- ","- ",32.785600000000002,-116.8896,"SAN DIEGO",UNINCORPORATED,-116.89248461,32.785220240000001
5866320,2012,2013-12-30,9680,2012-11-11,2125,019418,,7,2,9,3700,0,3,5,,2,003,"SOUTH GRADE RD","FOSS RD",528.00,W,N,A,-,N,,,,,,,,,,Y,3,0,1,1,A,-,01,23152,A,N,E,I,A,A,H,-,D,D,0,,,,,Y,Y,A,01,0,1,0,0,0,0,0,0,0,"- ","- ",32.828890000000001,-116.78913,"SAN DIEGO",UNINCORPORATED,-116.78963288999999,32.829244709999998
5867129,2012,2013-12-19,9645,2012-10-06,2235,014625,,6,3,7,3711,0,1,1,,2,017,"RT 15","RT 163",475.00,N,N,A,-,Y,SD,11,15,-,M,12.110,H,-,N,Y,3,0,1,1,A,-,01,23152,A,N,E,I,A,A,H,-,C,D,1,,,,,Y,Y,A,01,0,1,0,0,0,0,0,0,0,"- ","- ",32.86403,-117.10993999999999,"SAN DIEGO","SAN DIEGO",-117.11114838,32.86097436
5869201,2012,2013-12-14,9645,2012-10-06,1642,16609,,6,2,7,3711,0,1,3,,2,020,"RT 56","CARMEL VALLEY RD",3700.00,E,N,A,-,Y,SD,11,56,-,-,3.810,H,-,W,Y,3,0,1,1,A,-,01,23152,A,N,E,I,A,A,H,-,A,D,1,,,,,Y,Y,A,01,0,1,0,0,0,0,0,0,0,"- ","- ",32.9529,-117.19387999999999,"SAN DIEGO","SAN DIEGO",-117.18474510999999,32.958290310000002