CASE_ID,ACCIDENT_YEAR,PROC_DATE,JURIS,COLLISION_DATE,COLLISION_TIME,OFFICER_ID,REPORTING_DISTRICT,DAY_OF_WEEK,CHP_SHIFT,POPULATION,CNTY_CITY_LOC,SPECIAL_COND,BEAT_TYPE,CHP_BEAT_TYPE,CITY_DIVISION_LAPD,CHP_BEAT_CLASS,BEAT_NUMBER,PRIMARY_RD,SECONDARY_RD,DISTANCE,DIRECTION,INTERSECTION,WEATHER_1,WEATHER_2,STATE_HWY_IND,CALTRANS_COUNTY,CALTRANS_DISTRICT,STATE_ROUTE,ROUTE_SUFFIX,POSTMILE_PREFIX,POSTMILE,LOCATION_TYPE,RAMP_INTERSECTION,SIDE_OF_HWY,TOW_AWAY,COLLISION_SEVERITY,NUMBER_KILLED,NUMBER_INJURED,PARTY_COUNT,PRIMARY_COLL_FACTOR,PCF_CODE_OF_VIOL,PCF_VIOL_CATEGORY,PCF_VIOLATION,PCF_VIOL_SUBSECTION,HIT_AND_RUN,TYPE_OF_COLLISION,MVIW,PED_ACTION,ROAD_SURFACE,ROAD_COND_1,ROAD_COND_2,LIGHTING,CONTROL_DEVICE,CHP_ROAD_TYPE,PEDESTRIAN_ACCIDENT,BICYCLE_ACCIDENT,MOTORCYCLE_ACCIDENT,TRUCK_ACCIDENT,NOT_PRIVATE_PROPERTY,ALCOHOL_INVOLVED,STWD_VEHTYPE_AT_FAULT,CHP_VEHTYPE_AT_FAULT,COUNT_SEVERE_INJ,COUNT_VISIBLE_INJ,COUNT_COMPLAINT_PAIN,COUNT_PED_KILLED,COUNT_PED_INJURED,COUNT_BICYCLIST_KILLED,COUNT_BICYCLIST_INJURED,COUNT_MC_KILLED,COUNT_MC_INJURED,PRIMARY_RAMP,SECONDARY_RAMP,LATITUDE,LONGITUDE,COUNTY,CITY,POINT_X,POINT_Y
5922634,2012,2014-01-13,9650,2012-12-01,1750,18386,,6,2,9,3700,0,3,5,,2,231,"17TH AV","SAN PASQUAL VALLEY RD",100.00,W,N,A,-,N,,,,,,,,,,Y,4,0,1,2,A,-,01,23152,A,N,C,C,A,A,H,-,C,A,0,,,,,Y,Y,A,01,0,0,1,0,0,0,0,0,0,"- ","- ",33.192549999999997,-117.25660000000001,"SAN DIEGO",UNINCORPORATED,-117.05667678,33.11123439
5922818,2012,2014-01-18,9650,2012-12-01,0105,18386,,6,3,5,3712,0,1,3,,2,019,"RT 78","NORDAHL RD",300.00,W,N,A,-,Y,SD,11,78,-,-,15.430,H,-,E,Y,3,0,1,2,A,-,07,21658,A,F,E,I,A,B,D,-,C,D,1,,,,,Y,Y,-,99,0,1,0,0,0,0,0,0,0,"- ","- ",33.13355,-117.12494,"SAN DIEGO","SAN MARCOS",-117.12351409,33.132887670000002
5922862,2012,2014-01-16,3710,2012-12-28,0319,OC0652,,5,5,6,3710,0,0,0,,0,002,"RT 76","COAST HWY",105.00,E,N,B,-,Y,,,,,,,,,,Y,3,0,1,1,A,-,01,23152,A,N,E,I,A,A,H,-,C,A,0,,,,,Y,Y,A,01,0,1,0,0,0,0,0,0,0,"- ","- ",,,"SAN DIEGO",OCEANSIDE,-117.38401012,33.201746659999998
5922863,2012,2014-01-16,3710,2012-12-30,0105,OC1355,,7,5,6,3710,0,0,0,,0,033,"COLLEGE BL","MESA DR",35.00,N,N,E,-,N,,,,,,,,,,Y,4,0,1,1,A,-,01,23152,A,N,E,I,A,B,H,-,C,D,0,,,,,Y,Y,A,01,0,0,1,0,0,0,0,0,0,"- ","- ",,,"SAN DIEGO",OCEANSIDE,-117.29254657,33.225289009999997
5923528,2012,2014-01-16,9650,2012-12-02,0320,017994,,7,3,6,3706,0,1,1,,2,023,"RT 15","ROCK SPRINGS RD",583.00,N,N,B,-,Y,SD,11,15,-,R,32.140,H,-,S,Y,4,0,1,2,A,-,01,23152,A,N,B,C,A,A,H,-,D,D,1,,,,,Y,Y,A,01,0,0,1,0,0,0,0,0,0,"- ","- ",33.136319999999998,-117.1053,"SAN DIEGO",ESCONDIDO,-117.10521337,33.136277059999998
5923544,2012,2014-01-16,9650,2012-12-14,2320,018496,,5,3,9,3700,0,1,1,,2,021,"RT 15","OLD HWY 395",1000.00,N,N,B,C,Y,SD,11,15,-,R,43.470,H,-,S,Y,3,0,2,2,A,-,01,23152,A,N,C,C,A,B,H,-,D,D,1,,,,,Y,Y,A,07,0,1,1,0,0,0,0,0,0,"- ","- ",33.289560000000002,-117.14977,"SAN DIEGO",UNINCORPORATED,-117.14953439999999,33.289074990000003
5923577,2012,2014-01-11,3708,2012-12-23,2200,1225,400,7,5,5,3708,0,0,0,,0,003,"ALVARADO RD","70TH ST",17.00,E,N,B,-,Y,,,,,,,,,,N,2,0,1,2,A,-,01,21200,5,N,B,G,A,A,H,-,C,A,0,,Y,,,Y,Y,L,04,1,0,0,0,0,0,1,0,0,"- ","- ",,,"SAN DIEGO","LA MESA",-117.04660982999999,32.773169459999998
5924069,2012,2013-11-05,9680,2012-07-14,2118,19936,,6,2,9,3700,0,3,5,,2,001,"MELROSE LN","ROSEY RD",422.00,S,N,A,-,N,,,,,,,,,,Y,2,0,5,3,A,-,01,23152,A,F,D,C,A,A,H,-,D,D,0,,,,,Y,Y,A,07,1,0,4,0,0,0,0,0,0,"- ","- ",32.82591,-116.92574999999999,"SAN DIEGO",UNINCORPORATED,-116.92469810999999,32.826794800000002
5924111,2013,2014-01-18,3700,2013-01-04,1156,SH1627,,5,5,5,3782,0,0,0,,0,222,"ENCINITAS BL","WESTLAKE ST",400.00,W,N,A,-,N,,,,,,,,,,Y,3,0,1,2,A,-,09,21801,A,N,D,C,A,A,H,-,A,A,0,,,,,Y,Y,D,22,0,1,0,0,0,0,0,0,0,"- ","- ",,,"SAN DIEGO",ENCINITAS,-117.2804452,33.046896799999999
5924482,2012,2013-12-28,3700,2012-11-18,0416,7548,,7,5,5,3712,0,0,0,,0,352,"WOODWARD ST","KENTFIELD DR",296.00,N,N,A,-,N,,,,,,,,,,Y,3,0,1,3,A,-,01,23152,A,N,C,E,A,A,H,-,C,D,0,,,,,Y,Y,A,01,0,1,0,0,0,0,0,0,0,"- ","- ",,,"SAN DIEGO","SAN MARCOS",-117.15866678,33.156520559999997
5924483,2012,2013-12-28,3700,2012-11-16,1921,1725,,5,5,5,3712,0,0,0,,0,350,"LIBERTY DR","RICHMAR AV",31.00,S,N,A,-,N,,,,,,,,,,N,3,0,1,1,A,-,01,21200,5,N,H,A,A,A,H,-,C,A,0,,Y,,,Y,Y,L,04,0,1,0,0,0,0,1,0,0,"- ","- ",,,"SAN DIEGO","SAN MARCOS",-117.17175647000001,33.145802439999997
5925204,2012,2014-01-11,3700,2012-12-05,1930,SH5794,,3,5,5,3781,0,0,0,,0,509,"WHISPERING LEAVES LN","RUELLE CT",96.00,W,N,A,-,N,,,,,,,,,,N,2,0,1,1,A,-,01,23152,A,N,F,J,A,A,H,-,A,D,0,,,Y,,Y,Y,C,02,1,0,0,0,0,0,0,0,1,"- ","- ",,,"SAN DIEGO",SANTEE,-117.021941,32.843679999999999
5925252,2012,2014-01-11,9650,2012-12-25,1730,017655,,2,2,6,3706,0,1,1,,2,023,"RT 15","DEL LAGO BL",350.00,N,N,A,-,Y,SD,11,15,-,M,27.340,H,-,N,Y,3,0,1,2,A,-,01,23152,A,N,C,C,A,A,H,-,C,D,1,,,Y,,Y,Y,C,02,0,1,0,0,0,0,0,0,1,"- ","- ",33.074689999999997,-117.0701,"SAN DIEGO",ESCONDIDO,-117.07792936,33.088157969999997
5925504,2012,2014-01-09,9645,2012-12-13,0420,018146,,4,3,6,3702,0,1,1,,2,001,"RT 5","L ST",25.00,S,N,C,-,Y,SD,11,5,-,-,6.810,H,-,N,Y,3,0,1,1,A,-,08,22107,,F,E,I,A,B,H,-,C,D,1,,,,,Y,Y,A,01,0,1,0,0,0,0,0,0,0,"- ","- ",32.615729999999999,-117.09099000000001,"SAN DIEGO","CHULA VISTA",-117.09130862000001,32.616847280000002
5925644,2013,2014-01-28,3708,2013-02-23,0001,1214,400,6,5,5,3708,0,0,0,,0,003,"AZTEC DR","BALTIMORE DR",235.00,N,N,A,-,N,,,,,,,,,,Y,3,0,1,2,A,-,01,23152,A,N,F,E,A,A,H,-,C,D,0,,,,,Y,Y,D,22,0,1,0,0,0,0,0,0,0,"- ","- ",,,"SAN DIEGO","LA MESA",-117.0282972,32.777141700000001
5926376,2013,2014-01-30,3700,2013-02-04,1825,SH1725,,1,5,5,3712,0,0,0,,0,356,"CAPALINA RD","N RANCHO SANTA FE RD",0.00,,Y,A,-,N,,,,,,,,,,Y,4,0,1,2,A,-,01,23152,A,M,B,C,A,A,H,-,C,A,0,,,,,Y,Y,D,22,0,0,1,0,0,0,0,0,0,"- ","- ",,,"SAN DIEGO","SAN MARCOS",-117.197412,33.151824900000001
5926642,2013,2014-01-18,3700,2013-01-19,1900,SH1633,,6,5,4,3780,0,0,0,,0,415,"POWAY RD","QUATE CT",12.00,E,N,A,-,N,,,,,,,,,,Y,4,0,1,2,A,-,01,23152,B,N,C,C,A,A,H,-,C,A,0,,,,,Y,Y,D,22,0,0,1,0,0,0,0,0,0,"- ","- ",,,"SAN DIEGO",POWAY,-117.0470629,32.9564448
5926762,2013,2014-10-22,9645,2013-02-15,1715,017498,,5,2,7,3711,0,1,1,,2,030,"RT 15","MIRAMAR RD",1584.00,N,N,A,-,Y,SD,11,15,S,-,14.590,H,-,S,Y,3,0,2,2,A,-,01,23152,A,N,C,C,A,A,H,-,A,D,1,,,,,Y,Y,A,08,0,2,0,0,0,0,0,0,0,"- ","- ",32.895800000000001,-117.11606,"SAN DIEGO","SAN DIEGO",-117.1162017,32.896604799999999
5928152,2013,2014-11-19,9645,2013-02-16,0220,017297,,6,3,7,3711,0,1,3,,2,025,"RT 163","KEARNY VILLA RD",134.00,W,N,A,-,Y,SD,11,163,-,R,10.692,R,2,S,Y,2,0,1,1,A,-,01,23152,A,N,E,I,A,A,H,-,D,D,1,,,,,Y,Y,D,22,1,0,0,0,0,0,0,0,0,"- ","- ",32.856310000000001,-117.11918,"SAN DIEGO","SAN DIEGO",-117.1230518,32.852884799999998
5928158,2013,2014-12-01,9645,2013-02-23,0133,019403,,6,3,7,3711,0,1,1,,2,003,"RT 5","PACIFIC HWY",435.00,S,N,A,-,Y,SD,11,5,-,R,17.540,H,-,N,Y,3,0,3,2,A,-,01,23152,A,N,B,C,A,A,H,-,D,D,1,,,,,Y,Y,D,22,0,2,1,0,0,0,0,0,0,"- ","- ",32.734189999999998,-117.17355999999999,"SAN DIEGO","SAN DIEGO",-117.17291179999999,32.733304799999999
5930677,2013,2014-02-04,3706,2013-02-20,2321,0460,SDSC,3,5,6,3706,0,0,0,,0,042,"LINCOLN AV","GAMBLE ST",174.00,W,N,A,-,N,,,,,,,,,,N,3,0,1,2,A,-,08,22107,,F,D,G,A,A,H,-,C,D,0,,Y,,,Y,Y,L,04,0,1,0,0,0,0,1,0,0,"- ","- ",,,"SAN DIEGO",ESCONDIDO,-117.0828355,33.135014699999999
5930970,2013,2014-10-29,9680,2013-03-06,1320,18279,,3,1,9,3700,0,1,3,,1,052,"RT 78","WYNOLA RD",4752.00,E,N,A,-,Y,SD,11,78,-,-,53.360,H,-,E,Y,4,0,1,1,A,-,03,22350,,N,E,I,A,A,H,-,A,A,0,,,,,Y,Y,D,22,0,0,1,0,0,0,0,0,0,"- ","- ",33.091999999999999,-116.58284999999999,"SAN DIEGO",UNINCORPORATED,-116.6537818,33.104504900000002
5930974,2013,2014-12-08,9680,2013-03-06,1825,16891,,3,2,9,3700,0,1,3,,1,051,"RT 79","AGUANGA RANCHOS RD",10032.00,S,N,A,-,Y,SD,11,79,-,-,51.350,H,-,S,Y,3,0,2,2,A,-,01,23152,A,N,A,C,A,A,H,-,D,A,0,,,,,Y,Y,D,22,0,1,1,0,0,0,0,0,0,"- ","- ",33.409849999999999,-116.81811999999999,"SAN DIEGO",UNINCORPORATED,-116.81763189999999,33.4098173
5931007,2013,2014-02-01,9650,2013-02-15,2111,017994,,5,2,9,3700,0,2,4,,1,027,"VALLEY CENTER RD","ROCKY RD",0.00,,Y,A,-,N,,,,,,,,,,Y,3,0,2,1,A,-,01,23152,A,F,E,I,A,A,H,-,C,D,0,,,,,Y,Y,D,22,0,2,0,0,0,0,0,0,0,"- ","- ",33.281280000000002,-116.95453000000001,"SAN DIEGO",UNINCORPORATED,-116.954472,33.281234900000001
5931292,2012,2014-01-11,3706,2012-12-18,2218,0431,ESCON,2,5,6,3706,0,0,0,,0,042,BROADWAY,"PARK AV",6.00,S,N,B,-,N,,,,,,,,,,Y,4,0,1,2,A,-,01,23152,A,N,A,C,A,A,H,-,C,D,0,,,,,Y,Y,A,01,0,0,1,0,0,0,0,0,0,"- ","- ",,,"SAN DIEGO",ESCONDIDO,-117.08463556,33.128719269999998
5932165,2013,2014-12-08,9680,2013-02-21,1735,019822,,4,2,4,3720,0,1,3,,2,027,"RT 94","MASSACHUSETTS AV",528.00,W,N,B,-,Y,SD,11,94,-,-,8.210,H,-,E,N,4,0,1,2,A,-,01,23152,A,F,C,C,A,B,H,-,D,D,1,,,,,Y,Y,D,22,0,0,1,0,0,0,0,0,0,"- ","- ",32.744720000000001,-117.04491,"SAN DIEGO","LEMON GROVE",-117.0459642,32.744617499999997
5933017,2012,2014-01-13,9650,2012-12-24,0515,015803,,1,3,9,3700,0,3,5,,2,070,"LA GRANADA","SOBRE LOS CERROS",1300.00,W,N,A,-,N,,,,,,,,,,Y,3,0,1,1,A,-,01,23152,A,N,E,I,A,A,H,-,B,D,0,,,,,Y,Y,A,01,0,1,0,0,0,0,0,0,0,"- ","- ",33.023800000000001,-117.21742,"SAN DIEGO",UNINCORPORATED,-117.21739209,33.023784790000001
5933021,2012,2014-01-13,9650,2012-12-22,0035,014676,,6,3,6,3710,0,1,1,,2,005,"RT 5","RT 78",528.00,N,N,A,-,Y,SD,11,5,-,R,51.330,H,-,N,Y,3,0,1,2,A,-,01,23152,A,N,E,I,A,A,H,-,C,A,1,,,,,Y,Y,A,01,0,1,0,0,0,0,0,0,0,"- ","- ",33.178959999999996,-117.35272999999999,"SAN DIEGO",OCEANSIDE,-117.35318128,33.179558280000002
5933033,2012,2014-01-13,9650,2012-12-22,1733,016516,,6,2,9,3700,0,3,5,,2,170,"OSBORNE ST","HUTCHISON ST",80.00,W,N,A,-,N,,,,,,,,,,Y,4,0,1,1,A,-,01,23152,A,N,E,I,A,A,H,-,D,D,0,,,,,Y,Y,A,07,0,0,1,0,0,0,0,0,0,"- ","- ",33.237720000000003,-117.24126,"SAN DIEGO",UNINCORPORATED,-117.24151270999999,33.237819029999997
5933058,2012,2014-01-09,3700,2012-11-28,2151,SH2642,,3,5,5,3782,0,0,0,,0,212,"LEUCADIA BL","SAXONY RD",0.00,,Y,A,-,N,,,,,,,,,,Y,4,0,3,2,A,-,01,23152,A,N,D,C,A,A,H,-,C,A,0,,,,,Y,Y,A,01,0,0,3,0,0,0,0,0,0,"- ","- ",,,"SAN DIEGO",ENCINITAS,-117.28569207,33.065154909999997
5933080,2012,2014-01-11,9650,2012-12-09,0225,17994,,7,3,9,3700,0,3,5,,2,211,"LAKE WOHLFORD RD","VALLEY CENTER RD",3791.00,E,N,E,-,N,,,,,,,,,,Y,3,0,1,1,A,-,01,23152,A,N,E,I,A,B,H,-,D,D,0,,,,,Y,Y,A,01,0,1,0,0,0,0,0,0,0,"- ","- ",33.168900000000001,-117.02197,"SAN DIEGO",UNINCORPORATED,-117.02340155,33.167521720000003
5933082,2012,2014-01-09,3700,2012-11-10,1939,SH2642,,6,5,3,3783,0,0,0,,0,271,"RT 101","OCEAN ST",746.00,N,N,A,-,Y,,,,,,,,,,N,4,0,1,2,A,-,01,23152,A,N,C,C,A,A,H,-,D,D,0,,,Y,,Y,Y,C,02,0,0,1,0,0,0,0,0,1,"- ","- ",,,"SAN DIEGO","SOLANA BEACH",-117.27628489999999,33.001157769999999
5933088,2012,2014-01-14,9650,2012-12-18,1545,15906,,2,2,9,3700,0,3,5,,1,212,"RT 395","CAMINO DEL REY",66.00,S,N,B,-,N,,,,,,,,,,N,3,0,1,2,A,-,01,23152,A,N,C,C,A,A,H,-,A,A,0,,,,,Y,Y,A,01,0,1,0,0,0,0,0,0,0,"- ","- ",33.266399999999997,-117.45690999999999,"SAN DIEGO",UNINCORPORATED,-117.15693229999999,33.266394220000002
5933643,2012,2013-12-27,9680,2012-11-15,2310,019273,,4,3,9,3700,0,2,4,,1,094,"WILDCAT CANYON RD","SAN VICENTE RD",11088.00,E,N,B,-,N,,,,,,,,,,Y,3,0,1,1,A,-,01,23152,A,N,E,I,A,A,H,-,D,D,0,,,,,Y,Y,A,07,0,1,0,0,0,0,0,0,0,"- ","- ",32.980980000000002,-116.82756000000001,"SAN DIEGO",UNINCORPORATED,-116.82908025,32.981271659999997
5933937,2013,2014-01-27,3711,2013-02-26,1910,5662,,2,5,7,3711,0,0,0,,0,313,"CLAIREMONT MESA BL","MERCURY ST",52.00,E,N,A,-,N,,,,,,,,,,Y,3,0,2,2,A,-,08,22107,,N,C,C,A,A,H,-,C,A,0,,,,,Y,Y,D,22,0,1,1,0,0,0,0,0,0,"- ","- ",,,"SAN DIEGO","SAN DIEGO",-117.1487332,32.8328378
5934509,2012,2014-01-16,3709,2012-12-29,1539,418,,6,5,5,3709,0,0,0,,0,021,"DIVISION ST","PALM AV",0.00,,Y,C,-,N,,,,,,,,,,Y,3,0,2,2,A,-,01,23153,A,N,D,C,A,B,H,-,A,A,0,,,,,Y,Y,A,01,0,2,0,0,0,0,0,0,0,"- ","- ",,,"SAN DIEGO","NATIONAL CITY",-117.09404196,32.687044790000002
5935657,2012,2014-01-16,3710,2012-12-26,1936,OC1301,,3,5,6,3710,0,0,0,,0,009,"COAST HWY","VISTA WY",1320.00,S,N,A,-,N,,,,,,,,,,Y,4,0,4,2,A,-,09,21804,A,N,D,C,A,B,H,-,C,D,0,,,,,Y,Y,A,01,0,0,4,0,0,0,0,0,0,"- ","- ",,,"SAN DIEGO",OCEANSIDE,-117.35708613,33.169127529999997
5935684,2012,2013-12-30,9645,2012-11-15,0315,16838,,4,3,7,3711,0,1,1,,2,005,"RT 5","SEA WORLD DR",2100.00,N,N,B,-,Y,SD,11,5,-,R,21.230,H,-,S,Y,3,0,1,1,A,-,01,23152,A,N,E,I,A,A,H,-,D,D,1,,,,,Y,Y,A,01,0,1,0,0,0,0,0,0,0,"- ","- ",32.775509999999997,-117.20833,"SAN DIEGO","SAN DIEGO",-117.20833215,32.776017119999999
5935698,2012,2014-01-16,3702,2012-12-09,0340,CV0928,,7,5,6,3702,0,0,0,,0,022,"MOSS ST","4TH AV",100.00,E,N,A,-,N,,,,,,,,,,Y,4,0,2,2,A,-,03,22350,,M,C,C,A,A,H,-,C,D,0,,,,,Y,Y,A,01,0,0,2,0,0,0,0,0,0,"- ","- ",,,"SAN DIEGO","CHULA VISTA",-117.07423434,32.616070100000002
5935710,2012,2014-01-16,3702,2012-12-02,0225,CV0787,,7,5,6,3702,0,0,0,,0,023,"EAST OXFORD",MONSERATE,100.00,W,N,A,-,N,,,,,,,,,,Y,4,0,3,4,A,-,01,23152,A,N,C,C,A,A,H,-,C,D,0,,,,,Y,Y,A,01,0,0,3,0,0,0,0,0,0,"- ","- ",,,"SAN DIEGO","CHULA VISTA",-117.04816954,32.615779770000003
5935718,2012,2014-01-16,3702,2012-12-09,0214,CV0972,,7,5,6,3702,0,0,0,,0,031,"TELEGRAPH CANYON RD","PASEO DEL REY",0.00,,Y,A,-,N,,,,,,,,,,Y,4,0,3,3,A,-,01,23152,A,N,C,C,A,A,H,-,C,A,0,,,,,Y,Y,A,01,0,0,3,0,0,0,0,0,0,"- ","- ",,,"SAN DIEGO","CHULA VISTA",-117.03439188999999,32.627324860000002
5935719,2012,2013-12-30,9645,2012-11-04,0205,019712,,7,3,7,3711,0,1,1,,2,010,"RT 8","PERSIDIO PARK",30.00,E,N,B,-,Y,SD,11,8,-,-,0.960,H,-,W,Y,3,0,1,1,A,-,01,23152,A,N,E,I,A,A,H,-,C,D,1,,,,,Y,Y,A,01,0,1,0,0,0,0,0,0,0,"- ","- ",32.759920000000001,-117.18813,"SAN DIEGO","SAN DIEGO",-117.18768292999999,32.759795879999999
5935722,2012,2014-01-16,3702,2012-12-07,1605,CV0925,,5,5,6,3702,0,0,0,,0,021,BROADWAY,"NAPLES ST",142.00,S,N,A,-,N,,,,,,,,,,N,4,0,1,2,A,-,17,22517,,M,B,G,A,A,H,-,A,D,0,,Y,,,Y,Y,A,01,0,0,1,0,0,0,1,0,0,"- ","- ",,,"SAN DIEGO","CHULA VISTA",-117.08132701,32.609855619999998
5935968,2012,2014-01-02,3702,2012-11-16,1725,CV0896,,5,5,6,3702,0,0,0,,0,031,"H ST","HIDDEN VISTA DR",1030.00,W,N,A,-,N,,,,,,,,,,Y,4,0,1,3,A,-,03,22350,,N,C,C,A,A,H,-,C,A,0,,,,,Y,Y,A,07,0,0,1,0,0,0,0,0,0,"- ","- ",,,"SAN DIEGO","CHULA VISTA",-117.05251224,32.641196690000001
5935976,2012,2014-01-02,3702,2012-11-18,2139,CV0626,,7,5,6,3702,0,0,0,,0,032,"BONITA RD","ALLEN SCHOOL RD",420.00,W,N,A,-,N,,,,,,,,,,Y,3,0,2,3,A,-,01,23152,A,N,C,C,A,A,H,-,C,D,0,,,,,Y,Y,A,01,0,2,0,0,0,0,0,0,0,"- ","- ",,,"SAN DIEGO","CHULA VISTA",-117.03767757999999,32.659839329999997
5935997,2012,2013-12-30,9645,2012-11-20,0305,13784,,2,3,7,3711,0,1,3,,2,008,"RT 54","PLAZA BONITA CENTERWAY",1240.00,W,N,A,-,Y,SD,11,54,-,-,2.740,H,-,W,Y,3,0,2,2,A,-,01,23152,,F,C,C,A,A,H,-,D,D,1,,,,,Y,Y,A,01,0,1,1,0,0,0,0,0,0,"- ","- ",32.663640000000001,-117.06133,"SAN DIEGO","SAN DIEGO",-117.06230887,32.663323769999998
5936008,2012,2013-12-27,3702,2012-11-26,1700,CV1061,,1,5,6,3702,0,0,0,,0,023,"MAIN ST","SYCAMORE DR",420.00,E,N,A,-,N,,,,,,,,,,Y,4,0,1,2,A,-,05,21202,A,N,G,G,A,A,H,-,B,D,0,,Y,,,Y,Y,L,04,0,0,1,0,0,0,1,0,0,"- ","- ",,,"SAN DIEGO","CHULA VISTA",-117.04553301999999,32.59470786
5936058,2012,2014-01-02,3710,2012-11-11,1612,OC1387,,7,5,6,3710,0,0,0,,0,017,"DOUGLAS DR","FESTIVAL DR",165.00,S,N,A,-,N,,,,,,,,,,Y,4,0,1,1,A,-,03,22350,,N,B,I,A,A,H,-,A,D,0,,,,,Y,Y,A,01,0,0,1,0,0,0,0,0,0,"- ","- ",,,"SAN DIEGO",OCEANSIDE,-117.31876943,33.252623300000003
5936114,2012,2014-01-04,9650,2012-11-09,2305,018496,,5,3,5,3712,0,1,3,,2,019,"RT 78","MISSION RD",900.00,W,N,C,-,Y,SD,11,78,-,-,14.820,H,-,W,Y,3,0,1,2,A,-,01,23152,A,M,B,C,A,B,H,-,C,D,1,,,,,Y,Y,A,01,0,1,0,0,0,0,0,0,0,"- ","- ",33.136749999999999,-117.13634999999999,"SAN DIEGO","SAN MARCOS",-117.13230433,33.135358709999998
5936212,2012,2014-01-04,9650,2012-11-16,1840,017194,,5,2,5,3701,0,1,1,,2,005,"RT 5","CANNON RD",528.00,N,N,A,-,Y,SD,11,5,-,R,48.138,R,1,N,Y,4,0,2,2,A,-,01,23152,A,N,C,C,A,A,G,-,C,A,1,,,,,Y,Y,A,01,0,0,2,0,0,0,0,0,0,"- ","- ",33.136479999999999,-117.32991,"SAN DIEGO",CARLSBAD,-117.33168190000001,33.139314830000004
5936946,2012,2013-12-31,3709,2012-11-22,0217,414,SOUTH,4,5,5,3709,0,0,0,,0,021,"DIVISION ST","NORTH T AV",122.00,E,N,A,-,N,,,,,,,,,,Y,3,0,1,2,A,-,01,23153,A,N,E,E,A,A,H,-,C,A,0,,,,,Y,Y,A,07,0,1,0,0,0,0,0,0,0,"- ","- ",,,"SAN DIEGO","NATIONAL CITY",-117.08859305999999,32.688614739999998
5937768,2012,2014-01-11,9650,2012-12-02,2042,16487,,7,2,5,3701,0,1,1,,2,005,"RT 5","CARLSBAD VILLAGE DR",432.00,N,N,B,-,Y,SD,11,5,-,R,50.242,R,2,N,Y,4,0,1,1,A,-,01,23152,A,N,F,A,A,A,H,-,C,D,1,,,,,Y,Y,A,07,0,0,1,0,0,0,0,0,0,FR,"- ",33.1633,-117.3424,"SAN DIEGO",CARLSBAD,-117.34373191,33.16634483
5937826,2012,2013-12-30,9650,2012-11-09,2310,18386,,5,3,5,3712,0,1,3,,2,019,"RT 78","WOODLAND PKWY",2640.00,E,N,A,B,Y,SD,11,78,-,-,14.760,H,-,W,Y,3,0,1,3,A,-,01,23152,A,M,C,C,A,B,H,-,C,D,1,,,,,Y,Y,A,01,0,1,0,0,0,0,0,0,0,"- ","- ",33.136850000000003,-117.13720000000001,"SAN DIEGO","SAN MARCOS",-117.13310878,33.135516010000003
5938429,2013,2014-10-29,9680,2013-03-21,0130,016519,,4,3,5,3708,0,1,1,,2,081,"RT 8","LAKE MURRAY BL",531.00,W,N,B,-,Y,SD,11,8,-,-,9.490,H,-,E,Y,3,0,1,1,A,-,01,23152,A,M,E,J,A,A,D,-,C,A,1,,,,,Y,Y,D,23,0,1,0,0,0,0,0,0,0,"- ","- ",32.77478,-117.04758,"SAN DIEGO","LA MESA",-117.0481636,32.775168600000001
5939934,2012,2014-01-11,3702,2012-12-18,1655,CV0840,,2,5,6,3702,0,0,0,,0,021,BROADWAY,"PALOMAR ST",12.00,S,N,A,-,N,,,,,,,,,,N,4,0,1,2,A,-,09,21453,B,F,G,B,B,A,H,-,A,A,0,Y,,,,Y,Y,A,07,0,0,1,0,1,0,0,0,0,"- ","- ",,,"SAN DIEGO","CHULA VISTA",-117.07871975,32.603283529999999
5939938,2012,2014-01-11,3702,2012-12-21,1137,CV0944,,5,5,6,3702,0,0,0,,0,013,"2ND AV","H ST",144.00,S,N,A,-,N,,,,,,,,,,Y,3,0,4,5,A,-,01,23152,B,N,C,C,A,A,H,-,A,A,0,,,,,Y,Y,A,01,0,1,3,0,0,0,0,0,0,"- ","- ",,,"SAN DIEGO","CHULA VISTA",-117.07300131,32.635151469999997
5939942,2012,2014-03-14,3702,2012-12-08,0342,CV0787,,6,5,6,3702,0,0,0,,0,024,"OLYMPIC PKWY","LA MEDIA",0.00,,Y,E,-,N,,,,,,,,,,Y,3,0,3,2,A,-,01,23153,B,N,A,C,A,B,H,-,C,A,0,,,,,Y,Y,A,01,0,2,1,0,0,0,0,0,0,"- ","- ",,,"SAN DIEGO","CHULA VISTA",-116.9861519,32.62501477
5939946,2012,2014-01-11,3702,2012-12-19,1129,CV1025,,3,5,6,3702,0,0,0,,0,031,"TELEGRAPH CANYON RD","BUENA VISTA WY",3695.00,E,N,A,-,N,,,,,,,,,,Y,4,0,1,1,A,-,01,23152,B,N,E,I,A,A,H,-,C,D,0,,,,,Y,Y,A,01,0,0,1,0,0,0,0,0,0,"- ","- ",,,"SAN DIEGO","CHULA VISTA",-116.99304834,32.636512639999999
5939950,2012,2014-01-11,3702,2012-12-31,1655,CV1040,,1,5,6,3702,0,0,0,,0,021,BROADWAY,"MAIN ST",10.00,N,N,A,-,N,,,,,,,,,,N,4,0,1,2,A,-,01,23152,B,F,C,C,A,A,H,-,B,A,0,,,,,Y,Y,A,01,0,0,1,0,0,0,0,0,0,"- ","- ",,,"SAN DIEGO","CHULA VISTA",-117.07527505,32.594789769999998