CASE_ID,ACCIDENT_YEAR,PROC_DATE,JURIS,COLLISION_DATE,COLLISION_TIME,OFFICER_ID,REPORTING_DISTRICT,DAY_OF_WEEK,CHP_SHIFT,POPULATION,CNTY_CITY_LOC,SPECIAL_COND,BEAT_TYPE,CHP_BEAT_TYPE,CITY_DIVISION_LAPD,CHP_BEAT_CLASS,BEAT_NUMBER,PRIMARY_RD,SECONDARY_RD,DISTANCE,DIRECTION,INTERSECTION,WEATHER_1,WEATHER_2,STATE_HWY_IND,CALTRANS_COUNTY,CALTRANS_DISTRICT,STATE_ROUTE,ROUTE_SUFFIX,POSTMILE_PREFIX,POSTMILE,LOCATION_TYPE,RAMP_INTERSECTION,SIDE_OF_HWY,TOW_AWAY,COLLISION_SEVERITY,NUMBER_KILLED,NUMBER_INJURED,PARTY_COUNT,PRIMARY_COLL_FACTOR,PCF_CODE_OF_VIOL,PCF_VIOL_CATEGORY,PCF_VIOLATION,PCF_VIOL_SUBSECTION,HIT_AND_RUN,TYPE_OF_COLLISION,MVIW,PED_ACTION,ROAD_SURFACE,ROAD_COND_1,ROAD_COND_2,LIGHTING,CONTROL_DEVICE,CHP_ROAD_TYPE,PEDESTRIAN_ACCIDENT,BICYCLE_ACCIDENT,MOTORCYCLE_ACCIDENT,TRUCK_ACCIDENT,NOT_PRIVATE_PROPERTY,ALCOHOL_INVOLVED,STWD_VEHTYPE_AT_FAULT,CHP_VEHTYPE_AT_FAULT,COUNT_SEVERE_INJ,COUNT_VISIBLE_INJ,COUNT_COMPLAINT_PAIN,COUNT_PED_KILLED,COUNT_PED_INJURED,COUNT_BICYCLIST_KILLED,COUNT_BICYCLIST_INJURED,COUNT_MC_KILLED,COUNT_MC_INJURED,PRIMARY_RAMP,SECONDARY_RAMP,LATITUDE,LONGITUDE,COUNTY,CITY,POINT_X,POINT_Y
6068615,2013,2014-02-24,3711,2013-05-05,0253,7017,SD,7,5,7,3711,0,0,0,,0,613,"BANNING ST","MENDOCINO BL",5.00,S,N,A,-,N,,,,,,,,,,N,3,0,1,1,A,-,03,22350,,N,E,A,A,A,H,-,C,D,0,,Y,,,Y,Y,L,04,0,1,0,0,0,0,1,0,0,"- ","- ",,,"SAN DIEGO","SAN DIEGO",-117.2358389,32.746636600000002
6068623,2013,2014-02-24,3711,2013-05-08,1356,5629,"SAN D",3,5,7,3711,0,0,0,,0,837,"HOME AV","RT 805",12.00,E,N,A,-,Y,,,,,,,,,,Y,3,0,2,2,A,-,09,21453,B,N,D,C,A,A,H,-,A,A,0,,,,,Y,Y,-,"- ",0,2,0,0,0,0,0,0,0,"- ","- ",,,"SAN DIEGO","SAN DIEGO",-117.1033468,32.7255599
6069715,2013,2014-02-21,3711,2013-05-06,0147,5051,,1,5,7,3711,0,0,0,,0,615,"LIGGETT DR","CARLETON ST",40.00,W,N,B,C,N,,,,,,,,,,Y,3,0,1,3,A,-,08,22107,,M,A,E,A,B,H,-,C,D,0,,,,,Y,Y,A,01,0,1,0,0,0,0,0,0,0,"- ","- ",,,"SAN DIEGO","SAN DIEGO",-117.2358608,32.7308564
6069720,2013,2014-02-21,3711,2013-05-05,0248,5340,,7,5,7,3711,0,0,0,,0,233,"CARMEL MOUNTAIN RD","SUNDEVIL WY",32.00,W,N,A,-,N,,,,,,,,,,Y,3,0,2,1,A,-,08,22107,,N,E,I,A,A,H,-,C,A,0,,,,,Y,Y,A,07,0,2,0,0,0,0,0,0,0,"- ","- ",,,"SAN DIEGO","SAN DIEGO",-117.11992264,32.965623739999998
6070401,2013,2014-02-20,9645,2013-05-05,1012,018393,,7,1,9,3700,0,3,5,,2,018,"BONITA RD","CENTRAL AV",0.00,,Y,B,-,N,,,,,,,,,,Y,4,0,2,2,A,-,01,23152,A,N,D,C,A,A,H,-,A,A,0,,,,,Y,Y,A,01,0,0,2,0,0,0,0,0,0,"- ","- ",32.669310000000003,-117.0227,"SAN DIEGO",UNINCORPORATED,-117.022942,32.668714899999998
6070445,2013,2014-02-20,9645,2013-05-11,0826,018936,,6,1,5,3709,0,1,1,,2,009,"RT 805","PLAZA BL",10.00,N,N,A,-,Y,SD,11,805,-,-,13.010,H,-,N,Y,3,0,1,1,A,-,01,23152,A,N,E,I,A,A,D,H,A,D,1,,,,,Y,Y,A,07,0,1,0,0,0,0,0,0,0,"- ","- ",32.67792,-117.08490999999999,"SAN DIEGO","NATIONAL CITY",-117.09882260000001,32.709651899999997
6070800,2013,2014-02-20,3703,2013-05-02,0528,1119,,4,5,3,3703,0,0,0,,0,003,"RT 75","TULAGI RD",1700.00,S,N,A,-,Y,SD,11,75,-,-,17.140,H,-,N,N,3,0,2,1,A,-,01,23152,A,N,H,I,A,A,H,-,B,D,0,,,,,Y,Y,A,01,0,2,0,0,0,0,0,0,0,"- ","- ",,,"SAN DIEGO",CORONADO,-117.16181159999999,32.667678199999997
6071582,2013,2013-08-02,3711,2013-06-18,0230,5925,,2,5,7,3711,0,0,0,,0,122,"GARNET AV","MORRELL ST",0.00,,Y,B,-,N,,,,,,,,,,Y,3,0,2,2,A,-,09,21802,A,N,D,C,A,A,H,-,C,A,0,,,,,Y,Y,A,01,0,1,1,0,0,0,0,0,0,"- ","- ",,,"SAN DIEGO","SAN DIEGO",-117.23352199999999,32.801394899999998
6072260,2013,2014-03-29,3711,2013-05-04,2300,5079,,6,5,7,3711,0,0,0,,0,321,"RANCHO MISSION RD","SAN DIEGO MISSION RD",681.00,S,N,B,-,N,,,,,,,,,,Y,4,0,2,2,A,-,08,22107,,N,B,C,A,A,H,-,C,D,0,,,,,Y,Y,-,"- ",0,0,2,0,0,0,0,0,0,"- ","- ",,,"SAN DIEGO","SAN DIEGO",-117.1104567,32.783049599999998
6072262,2013,2014-02-27,3711,2013-05-05,1217,6899,,7,5,7,3711,0,0,0,,0,122,"FANUEL ST","GARNET AV",126.00,S,N,B,-,N,,,,,,,,,,N,4,0,1,2,A,-,11,21954,A,N,G,B,D,A,H,-,A,D,0,Y,,,,Y,Y,N,60,0,0,1,0,1,0,0,0,0,"- ","- ",,,"SAN DIEGO","SAN DIEGO",-117.2462822,32.798229999999997
6072264,2013,2014-05-27,3711,2013-05-06,2020,5064,,1,5,7,3711,0,0,0,,0,516,"32ND ST","MARKET ST",0.00,,Y,A,-,N,,,,,,,,,,Y,4,0,2,2,A,-,09,21801,A,N,A,C,A,A,H,-,C,A,0,,,,,Y,Y,-,"- ",0,0,2,0,0,0,0,0,0,"- ","- ",,,"SAN DIEGO","SAN DIEGO",-117.12526200000001,32.711654899999999
6072285,2013,2014-02-24,3711,2013-05-01,1700,6712,,3,5,7,3711,0,0,0,,0,813,"HAMILTON ST","HAMILTON AV",6.00,W,N,A,-,N,,,,,,,,,,N,3,0,1,2,A,-,08,22107,,M,B,G,A,A,H,-,A,D,0,,Y,,,Y,Y,-,"- ",0,1,0,0,0,0,1,0,0,"- ","- ",,,"SAN DIEGO","SAN DIEGO",,
6072291,2013,2014-02-21,3711,2013-05-05,1840,6034,,7,5,7,3711,0,0,0,,0,624,"MEADE AV","FLORIDA ST",50.00,W,N,B,C,N,,,,,,,,,,Y,3,0,1,1,A,-,08,22107,,N,F,A,A,B,H,-,A,D,0,,,Y,,Y,Y,C,02,0,1,0,0,0,0,0,0,1,"- ","- ",,,"SAN DIEGO","SAN DIEGO",-117.143964,32.7572148
6072902,2013,2014-04-05,3700,2013-05-02,0025,013686,,4,5,5,3781,0,0,0,,0,901,"MAGNOLIA AV","KERRIGAN ST",16.00,S,N,A,-,N,,,,,,,,,,Y,3,0,1,1,A,-,01,23152,A,M,E,I,A,A,H,-,C,D,0,,,,,Y,Y,A,01,0,1,0,0,0,0,0,0,0,"- ","- ",32.867919999999998,-116.97110000000001,"SAN DIEGO",SANTEE,-116.9710819,32.867770999999998
6073224,2013,2014-03-01,3711,2013-06-03,0206,5340,,1,5,7,3711,0,0,0,,0,521,"MARKET ST","13TH ST",33.00,W,N,A,-,N,,,,,,,,,,Y,4,0,1,2,A,-,03,22350,,N,C,C,A,A,H,-,C,A,0,,,,,Y,Y,D,22,0,0,1,0,0,0,0,0,0,"- ","- ",,,"SAN DIEGO","SAN DIEGO",-117.1529788,32.711513600000004
6073527,2013,2014-02-22,3711,2013-05-02,0340,6564,,4,5,7,3711,0,0,0,,0,627,"RICHMOND ST","CLEVELAND AV",66.00,S,N,B,-,N,,,,,,,,,,N,3,0,1,2,A,-,17,21663,,M,G,B,F,A,H,-,C,D,0,Y,,,,Y,Y,-,"- ",0,1,0,0,1,0,0,0,0,"- ","- ",,,"SAN DIEGO","SAN DIEGO",-117.1512474,32.749374000000003
6073954,2013,2014-02-21,3711,2013-05-12,2314,6487,SD,7,5,7,3711,0,0,0,,0,838,"SWIFT AV","UNIVERSITY AV",66.00,S,N,A,-,N,,,,,,,,,,Y,4,0,1,2,A,-,01,23152,A,N,C,C,A,A,H,-,C,A,0,,,,,Y,Y,-,"- ",0,0,1,0,0,0,0,0,0,"- ","- ",,,"SAN DIEGO","SAN DIEGO",-117.11930479999999,32.749583999999999
6073970,2013,2014-02-21,3711,2013-05-10,2117,6666,"SAN D",5,5,7,3711,0,0,0,,0,124,"TORREY PINES RD","DUNAWAY DR",0.00,,N,A,-,N,,,,,,,,,,Y,4,0,1,3,A,-,03,22350,,N,C,C,A,A,H,-,C,A,0,,,,Y,Y,Y,-,"- ",0,0,1,0,0,0,0,0,0,"- ","- ",,,"SAN DIEGO","SAN DIEGO",-117.2432321,32.8662949
6074202,2013,2013-09-10,3711,2013-07-23,1450,4897,,2,5,7,3711,0,0,0,,0,813,"UNIVERSITY AV","ILLINOIS ST",42.00,E,N,A,-,N,,,,,,,,,,Y,4,0,1,2,A,-,21,22106,,N,C,C,A,A,H,-,A,A,0,,,,,Y,Y,A,01,0,0,1,0,0,0,0,0,0,"- ","- ",,,"SAN DIEGO","SAN DIEGO",-117.1275758,32.748454799999998
6075608,2013,2014-02-22,3703,2013-05-17,0040,1137,,5,5,3,3703,0,0,0,,0,003,"4TH ST","C AV",0.00,,Y,A,-,Y,,,,,,,,,,Y,4,0,1,3,A,-,01,23152,A,N,D,C,A,A,H,-,C,A,0,,,,,Y,Y,A,07,0,0,1,0,0,0,0,0,0,"- ","- ",,,"SAN DIEGO",CORONADO,-117.1736619,32.693964800000003
6075689,2013,2014-02-21,3711,2013-05-01,2050,3792,3711,3,5,7,3711,0,0,0,,0,322,"WARING RD","ORCUTT AV",39.00,S,N,A,-,N,,,,,,,,,,Y,4,0,1,2,A,-,03,22350,,M,C,C,A,A,H,-,C,A,0,,,,,Y,Y,A,01,0,0,1,0,0,0,0,0,0,"- ","- ",,,"SAN DIEGO","SAN DIEGO",-117.0828035,32.790623199999999
6075713,2013,2014-02-21,3711,2013-05-03,2205,4155,,5,5,7,3711,0,0,0,,0,933,"PORTOFINO CIR","CAMINITO SAN MARINO",50.00,E,N,A,-,N,,,,,,,,,,,4,0,1,2,A,-,08,22107,,N,D,E,A,A,H,-,C,D,0,,,,,Y,Y,-,"- ",0,0,1,0,0,0,0,0,0,"- ","- ",,,"SAN DIEGO","SAN DIEGO",-117.24236670000001,32.935367800000002
6076236,2013,2014-02-21,9680,2013-05-10,2045,019867,,5,2,9,3700,0,2,4,,1,020,"AVOCADO BL","EXPLORER RD",0.00,,Y,A,-,N,,,,,,,,,,Y,4,0,2,2,A,-,01,23152,A,N,D,C,A,A,H,-,C,D,0,,,,,Y,Y,A,07,0,0,2,0,0,0,0,0,0,"- ","- ",32.757710000000003,-116.96195,"SAN DIEGO",UNINCORPORATED,-116.96190199999999,32.757844900000002
6078645,2013,2014-02-27,9680,2013-05-14,0455,016891,,2,3,9,3700,0,1,3,,1,052,"RT 78","RT 79",9504.00,W,N,A,-,Y,SD,11,78,-,-,49.310,H,-,W,Y,2,0,1,1,A,-,01,23152,A,N,E,I,A,A,H,-,D,D,0,,,,,Y,Y,A,01,1,0,0,0,0,0,0,0,0,"- ","- ",33.095979999999997,-116.70072,"SAN DIEGO",UNINCORPORATED,-116.69980959999999,33.097329899999998
6078653,2013,2014-02-27,9680,2013-05-15,1625,020049,,3,2,5,3705,0,1,1,,2,081,"RT 8","BOULEVARD PL",241.00,W,N,A,-,Y,SD,11,8,-,-,13.650,R,2,E,Y,3,0,1,1,A,-,01,23152,A,M,E,I,A,A,H,-,A,A,1,,,,,Y,Y,A,01,0,1,0,0,0,0,0,0,0,"- ","- ",32.784199999999998,-116.97797,"SAN DIEGO","EL CAJON",-116.9822368,32.780623599999998
6079322,2013,2014-02-25,3711,2013-05-15,0006,5925,,3,5,7,3711,0,0,0,,0,931,"MIRAMAR RD","MIRAMAR MALL RD",264.00,W,N,A,-,N,,,,,,,,,,Y,4,0,1,1,A,-,08,22107,,N,E,I,A,A,H,-,C,D,0,,,,,Y,Y,A,01,0,0,1,0,0,0,0,0,0,"- ","- ",,,"SAN DIEGO","SAN DIEGO",-117.18358397,32.876899829999999
6079391,2013,2014-02-24,3711,2013-05-05,2000,5918,,7,5,7,3711,0,0,0,,0,442,"SOUTH 43RD ST","KEELER AV",0.00,,Y,A,-,N,,,,,,,,,,Y,4,0,1,2,A,-,09,21802,A,N,A,C,A,A,H,-,C,A,0,,,,,Y,Y,-,"- ",0,0,1,0,0,0,0,0,0,"- ","- ",,,"SAN DIEGO","SAN DIEGO",-117.10239199999999,32.694174799999999
6079393,2013,2014-02-24,3711,2013-05-14,0745,6987,,2,5,7,3711,0,0,0,,0,242,"SCRIPPS POWAY PKWY","RT 15",21.00,E,N,A,-,Y,SD,11,15,-,M,17.118,R,4,N,,4,0,1,2,A,-,11,21456,B,N,G,G,A,A,H,-,A,A,0,,Y,,,Y,Y,L,04,0,0,1,0,0,0,1,0,0,"- ",NF,,,"SAN DIEGO","SAN DIEGO",-117.1123319,32.932664799999998
6079488,2013,2014-02-19,9645,2013-04-29,1045,11504,,1,1,7,3711,0,1,1,,2,011,"RT 805","RT 8",528.00,N,N,A,-,Y,SD,11,805,-,-,18.000,H,-,S,Y,4,0,2,3,A,-,08,22107,,F,B,C,A,A,H,-,A,D,1,,,,,Y,Y,A,01,0,0,2,0,0,0,0,0,0,"- ","- ",32.774679999999996,-117.13542,"SAN DIEGO","SAN DIEGO",-117.1360337,32.777199600000003
6079492,2013,2014-02-19,9645,2013-04-23,1555,16018,,2,2,7,3711,0,1,1,,2,011,"RT 805","ADAMS AV",528.00,N,N,A,-,Y,SD,11,805,-,-,17.030,H,-,S,Y,4,0,1,3,A,-,03,22350,,N,B,C,A,A,H,-,A,D,1,,,,,Y,Y,A,07,0,0,1,0,0,0,0,0,0,"- ","- ",32.76352,-117.12958999999999,"SAN DIEGO","SAN DIEGO",-117.12809300000001,32.764514699999999
6079724,2013,2014-03-29,3711,2013-05-16,2206,6939,"SAN D",4,5,7,3711,0,0,0,,0,613,"DEL MONTE AV","CATALINA BL",169.00,N,N,A,-,N,,,,,,,,,,,4,0,1,4,A,-,08,22107,,N,B,E,A,A,H,-,C,A,0,,,,,Y,Y,-,"- ",0,0,1,0,0,0,0,0,0,"- ","- ",,,"SAN DIEGO","SAN DIEGO",-117.24009770000001,32.736205300000002
6079790,2013,2014-03-18,3710,2013-05-19,1745,OC1303,,7,5,6,3710,0,0,0,,0,008,"S CLEMENTINE ST","MICHIGAN AV",25.00,S,N,A,-,N,,,,,,,,,,Y,3,0,1,4,A,-,01,23152,A,N,D,E,A,A,H,-,A,D,0,,,,,Y,Y,A,01,0,1,0,0,0,0,0,0,0,"- ","- ",,,"SAN DIEGO",OCEANSIDE,-117.37370342,33.1946777
6079791,2013,2014-02-21,3711,2013-05-10,0155,3792,3711,5,5,7,3711,0,0,0,,0,813,"BANCROFT ST","NORTH PARK WY",0.00,,Y,B,-,N,,,,,,,,,,Y,2,0,1,2,A,-,09,21802,A,N,D,C,A,A,H,-,C,D,0,,,Y,,Y,Y,A,07,1,0,0,0,0,0,0,0,1,"- ","- ",,,"SAN DIEGO","SAN DIEGO",-117.12392199999999,32.747404799999998
6079795,2013,2014-02-21,3711,2013-05-18,0214,6278,SANDI,6,5,7,3711,0,0,0,,0,523,"ISLAND AV","4TH AV",85.00,E,N,A,-,N,,,,,,,,,,N,3,0,1,2,A,-,11,21954,A,N,G,B,E,A,H,-,C,D,0,Y,,,,Y,Y,N,60,0,1,0,0,1,0,0,0,0,"- ","- ",,,"SAN DIEGO","SAN DIEGO",-117.16077660000001,32.710410799999998
6079805,2013,2014-02-24,3710,2013-05-12,1620,OC1333,,7,5,6,3710,0,0,0,,0,036,"MELROSE DR","OCEANSIDE BL",0.00,,Y,A,-,N,,,,,,,,,,Y,4,0,1,2,A,-,12,21453,A,N,D,C,A,A,H,-,A,A,0,,,,,Y,Y,A,01,0,0,1,0,0,0,0,0,0,"- ","- ",,,"SAN DIEGO",OCEANSIDE,-117.2591721,33.220824899999997
6079807,2013,2014-03-27,3711,2013-05-18,1746,4656,SANDI,6,5,7,3711,0,0,0,,0,437,"PARADISE VALLEY RD","S MEADOWBROOK DR",0.00,,Y,A,-,N,,,,,,,,,,Y,4,0,2,2,A,-,09,21453,C,N,D,C,A,A,H,-,A,B,0,,,,,Y,Y,A,01,0,0,2,0,0,0,0,0,0,"- ","- ",,,"SAN DIEGO","SAN DIEGO",-117.025852,32.6975148
6079815,2013,2014-02-21,3711,2013-05-16,2010,7006,,4,5,7,3711,0,0,0,,0,,"5TH AV","IVY LN",0.00,,Y,A,-,N,,,,,,,,,,Y,3,0,1,3,A,-,08,22107,,N,C,E,A,A,H,-,C,D,0,,,,,Y,Y,-,"- ",0,1,0,0,0,0,0,0,0,"- ","- ",,,"SAN DIEGO","SAN DIEGO",-117.160392,32.742114899999997
6079819,2013,2014-02-21,3711,2013-05-18,1716,5219,,6,5,7,3711,0,0,0,,0,531,"UPAS ST","TEXAS ST",0.00,,Y,A,-,N,,,,,,,,,,Y,4,0,1,2,A,-,12,22450,,N,C,C,A,-,H,-,A,A,0,,,,,Y,Y,-,"- ",0,0,1,0,0,0,0,0,0,"- ","- ",,,"SAN DIEGO","SAN DIEGO",-117.139042,32.740974799999996
6079831,2013,2014-02-21,3711,2013-05-17,1638,5985,,5,5,7,3711,0,0,0,,0,511,"SOUTH 28TH ST","BOSTON AV",40.00,S,N,B,-,N,,,,,,,,,,Y,4,0,1,2,A,-,03,22350,,N,C,C,A,A,H,-,A,A,0,,,,,Y,Y,A,07,0,0,1,0,0,0,0,0,0,"- ","- ",,,"SAN DIEGO","SAN DIEGO",-117.13379070000001,32.693705600000001
6079995,2013,2014-02-21,9645,2013-05-05,1125,18587,,7,1,7,3711,0,1,1,,2,011,"RT 805","MARKET ST",550.00,N,N,B,-,Y,SD,11,805,-,-,12.966,R,2,N,Y,3,0,1,1,A,-,01,23152,A,N,F,A,A,A,H,-,A,D,1,,,,,Y,Y,A,01,0,1,0,0,0,0,0,0,0,FR,"- ",32.71707,-117.10232000000001,"SAN DIEGO","SAN DIEGO",-117.09774179999999,32.708514800000003
6079996,2013,2014-02-21,9645,2013-05-02,2310,014625,,4,3,7,3711,0,1,3,,2,023,"RT 163","RT 8",1550.00,S,N,A,-,Y,SD,11,163,-,-,3.450,H,-,S,Y,3,0,1,1,A,-,01,23152,,N,F,A,A,A,H,-,C,D,1,,,Y,,Y,Y,C,02,0,1,0,0,0,0,0,0,1,"- ","- ",32.758490000000002,-117.16118,"SAN DIEGO","SAN DIEGO",-117.1610204,32.758368699999998
6080246,2013,2014-02-08,3709,2013-03-02,1908,441,,6,5,5,3709,0,0,0,,0,020,"EAST PLAZA BL","B AV",9.00,W,N,A,-,N,,,,,,,,,,Y,4,0,1,2,A,-,03,22350,,N,A,C,A,A,H,-,C,D,0,,,Y,,Y,Y,C,02,0,0,1,0,0,0,0,0,1,"- ","- ",,,"SAN DIEGO","NATIONAL CITY",-117.1042698,32.674677500000001
6080972,2013,2014-02-22,3701,2013-05-17,2220,5413,42,5,5,5,3701,0,0,0,,0,005,"CANNON RD","CANNON RD 1580",72.00,N,Y,A,-,N,,,,,,,,,,Y,3,0,1,1,A,-,01,23152,A,N,E,I,A,A,H,-,C,A,0,,,,,Y,Y,A,01,0,1,0,0,0,0,0,0,0,"- ","- ",33.139299999999999,-117.30741,"SAN DIEGO",CARLSBAD,-117.30732679,33.139247640000001
6080976,2013,2014-02-22,3701,2013-05-18,2257,5416,40,6,5,5,3701,0,0,0,,0,005,"CANNON RD","LEGOLAND DR",429.00,E,N,A,-,N,,,,,,,,,,Y,3,0,1,1,A,-,01,23152,,N,E,I,A,A,H,-,C,D,0,,,,,Y,Y,A,01,0,1,0,0,0,0,0,0,0,"- ","- ",33.134189999999997,-117.31541,"SAN DIEGO",CARLSBAD,-117.31567561999999,33.134316929999997
6081027,2013,2014-02-22,3701,2013-05-09,1902,5433,73,4,5,5,3701,0,0,0,,0,006,"PASEO DEL NORTE","MARINER ST",0.00,,Y,A,-,N,,,,,,,,,,Y,4,0,2,2,A,-,08,22107,,N,D,C,A,A,H,-,A,D,0,,,,,Y,Y,A,01,0,0,2,0,0,0,0,0,0,"- ","- ",33.116480000000003,-117.31278,"SAN DIEGO",CARLSBAD,-117.312882,33.116374899999997
6082039,2013,2014-04-28,3708,2013-04-27,2254,1214,400,6,5,5,3708,0,0,0,,0,002,"SPRING ST","LEMON AV",16.00,,N,A,-,N,,,,,,,,,,Y,3,0,5,2,A,-,01,23152,A,N,D,C,A,A,H,-,C,A,0,,,,,Y,Y,A,07,0,1,4,0,0,0,0,0,0,"- ","- ",,,"SAN DIEGO","LA MESA",-117.01956688999999,32.763660360000003
6082417,2013,2014-02-28,3711,2013-05-18,0125,5393,,6,5,7,3711,0,0,0,,0,931,"MIRAMAR RD","CAMINO SANTA FE",48.00,E,N,B,-,N,,,,,,,,,,Y,2,0,2,3,A,-,03,22350,,N,C,C,A,A,H,-,C,A,0,,,,Y,Y,Y,A,01,1,1,0,0,0,0,0,0,0,"- ","- ",,,"SAN DIEGO","SAN DIEGO",-117.1725872,32.8778893
6082740,2013,2014-02-22,3711,2013-05-05,0030,6357,,7,5,7,3711,0,0,0,,0,523,"5TH AV","5TH AV 700",0.00,,N,B,-,N,,,,,,,,,,N,3,0,1,2,A,-,08,22107,,N,B,G,A,A,H,-,C,A,0,,Y,,,Y,Y,L,04,0,1,0,0,0,0,1,0,0,"- ","- ",,,"SAN DIEGO","SAN DIEGO",-117.16014414999999,32.712564729999997
6082747,2013,2014-02-24,3711,2013-05-25,0121,6444,,6,5,7,3711,0,0,0,,0,627,"6TH AV","IVY LN",45.00,S,N,A,-,N,,,,,,,,,,Y,4,0,1,5,A,-,08,22107,,N,C,E,A,A,H,-,C,D,0,,,,,Y,Y,-,"- ",0,0,1,0,0,0,0,0,0,"- ","- ",,,"SAN DIEGO","SAN DIEGO",-117.1595319,32.742001500000001
6082752,2013,2014-02-22,3711,2013-05-24,2118,4116,311,5,5,7,3711,0,0,0,,0,,"GRAMERCY RD","PASTERNACK PL",132.00,E,N,A,-,N,,,,,,,,,,N,4,0,1,2,A,-,03,22350,,N,C,C,A,A,H,-,C,D,0,,,,,Y,Y,-,"- ",0,0,1,0,0,0,0,0,0,"- ","- ",,,"SAN DIEGO","SAN DIEGO",-117.1338745,32.802473900000003
6082768,2013,2014-02-22,3711,2013-05-25,2257,,,6,5,7,3711,0,0,0,,0,121,"MISSION BL","SAN FERNANDO PL",425.00,N,N,B,-,N,,,,,,,,,,N,3,0,1,2,A,-,10,21950,A,N,G,B,B,A,H,-,C,D,0,Y,,,,Y,Y,-,"- ",0,1,0,0,1,0,0,0,0,"- ","- ",,,"SAN DIEGO","SAN DIEGO",-117.2509819,32.768887800000002
6082780,2013,2014-02-22,3711,2013-05-17,0206,5972,,5,5,7,3711,0,0,0,,0,521,"G ST","16TH ST",0.00,,Y,A,-,N,,,,,,,,,,Y,2,0,1,3,A,-,12,21453,A,M,D,C,A,A,H,-,C,A,0,,,,,Y,Y,-,"- ",1,0,0,0,0,0,0,0,0,"- ","- ",,,"SAN DIEGO","SAN DIEGO",-117.1494919,32.712624900000002
6082791,2013,2014-02-22,3711,2013-05-24,1857,5757,,5,5,7,3711,0,0,0,,0,618,"CORDOVA ST","HILL ST",187.00,N,N,A,-,N,,,,,,,,,,Y,4,0,1,3,A,-,08,22107,,N,B,E,A,A,H,-,A,D,0,,,,,Y,Y,-,"- ",0,0,1,0,0,0,0,0,0,"- ","- ",,,"SAN DIEGO","SAN DIEGO",-117.2555474,32.726174299999997
6082819,2013,2014-02-24,9680,2013-05-11,2305,015008,,6,3,9,3700,0,3,5,,2,009,"SUMMER GLEN RD","OLIVE ST",11.00,S,N,A,-,N,,,,,,,,,,N,4,0,1,1,A,-,01,23152,A,M,E,I,A,A,H,-,D,A,0,,,,,Y,Y,A,01,0,0,1,0,0,0,0,0,0,"- ","- ",33.050440000000002,-116.89722,"SAN DIEGO",UNINCORPORATED,-116.89722,33.050440000000002
6082861,2013,2014-02-25,3711,2013-05-22,2326,5972,,3,5,7,3711,0,0,0,,0,246,"SCRIPPS POWAY PKWY","RT 15",0.00,,Y,B,-,Y,SD,11,15,-,M,17.118,R,4,N,Y,3,0,1,1,A,-,12,21453,A,N,E,I,A,A,H,-,C,A,0,,,,,Y,Y,A,01,0,1,0,0,0,0,0,0,0,"- ",NF,,,"SAN DIEGO","SAN DIEGO",-117.1123319,32.932664799999998
6083043,2013,2014-02-25,9645,2013-05-02,2311,014625,,4,3,7,3711,0,1,3,,2,023,"RT 163","RT 8",1600.00,S,N,A,-,Y,SD,11,163,-,-,3.440,H,-,S,N,2,0,1,2,A,-,03,22350,,N,G,B,E,A,H,-,C,D,1,Y,,,,Y,Y,A,01,1,0,0,0,1,0,0,0,0,"- ","- ",32.758490000000002,-117.16118,"SAN DIEGO","SAN DIEGO",-117.16095660000001,32.758310000000002
6083103,2013,2014-02-25,9680,2013-05-18,2205,020249,,6,3,9,3700,0,1,3,,2,028,"RT 125","JAMACHA RD",4224.00,N,N,A,-,Y,SD,11,125,-,-,11.450,H,-,N,Y,3,0,3,2,A,-,01,23152,A,N,C,C,A,A,H,-,C,D,1,,,,,Y,Y,A,01,0,3,0,0,0,0,0,0,0,"- ","- ",32.727240000000002,-117.01432,"SAN DIEGO",UNINCORPORATED,-117.0145895,32.726919500000001
6083120,2013,2014-02-25,9645,2013-05-22,0350,13292,,3,3,7,3711,0,1,1,,2,010,"RT 8","HOTEL CIRCLE",1136.00,W,N,B,-,Y,SD,11,8,-,-,1.700,H,-,W,Y,3,0,1,1,A,-,01,23152,A,N,E,I,A,A,H,-,C,A,1,,,,,Y,Y,A,01,0,1,0,0,0,0,0,0,0,"- ","- ",32.760269999999998,-117.17184,"SAN DIEGO","SAN DIEGO",-117.177097,32.759358200000001
6083202,2013,2014-02-25,9645,2013-05-19,2350,19054,,7,3,7,3711,0,1,1,,2,009,"RT 805","ORANGE AV",20.00,N,N,A,-,Y,SD,11,805,-,-,4.602,R,1,S,Y,4,0,2,2,A,-,01,23152,A,N,C,C,A,A,H,-,C,A,1,,,,,Y,Y,A,08,0,0,2,0,0,0,0,0,0,TO,"- ",32.605589999999999,-117.03744,"SAN DIEGO","SAN DIEGO",-117.03662180000001,32.609534799999999
6083222,2013,2014-02-24,9650,2013-04-01,2000,17056,,1,2,9,3700,0,3,5,,2,213,"RAINBOW VALLEY BL","CAMINO RAINBOW",633.00,W,N,A,-,N,,,,,,,,,,Y,4,0,1,1,A,-,01,23152,A,N,E,I,A,A,H,-,D,D,0,,,,,Y,Y,A,01,0,0,1,0,0,0,0,0,0,"- ","- ",33.410249999999998,-117.15004,"SAN DIEGO",UNINCORPORATED,-117.1493186,33.410316700000003
6083538,2013,2014-02-19,3702,2013-04-04,0740,CV0681,,4,5,6,3702,0,0,0,,0,012,"H ST","WOODLAWN AV",15.00,E,N,B,-,N,,,,,,,,,,Y,4,0,1,2,A,-,21,22106,,N,D,C,A,A,H,-,A,D,0,,,,,Y,Y,A,01,0,0,1,0,0,0,0,0,0,"- ","- ",,,"SAN DIEGO","CHULA VISTA",-117.09384559999999,32.629657199999997