CASE_ID,ACCIDENT_YEAR,PROC_DATE,JURIS,COLLISION_DATE,COLLISION_TIME,OFFICER_ID,REPORTING_DISTRICT,DAY_OF_WEEK,CHP_SHIFT,POPULATION,CNTY_CITY_LOC,SPECIAL_COND,BEAT_TYPE,CHP_BEAT_TYPE,CITY_DIVISION_LAPD,CHP_BEAT_CLASS,BEAT_NUMBER,PRIMARY_RD,SECONDARY_RD,DISTANCE,DIRECTION,INTERSECTION,WEATHER_1,WEATHER_2,STATE_HWY_IND,CALTRANS_COUNTY,CALTRANS_DISTRICT,STATE_ROUTE,ROUTE_SUFFIX,POSTMILE_PREFIX,POSTMILE,LOCATION_TYPE,RAMP_INTERSECTION,SIDE_OF_HWY,TOW_AWAY,COLLISION_SEVERITY,NUMBER_KILLED,NUMBER_INJURED,PARTY_COUNT,PRIMARY_COLL_FACTOR,PCF_CODE_OF_VIOL,PCF_VIOL_CATEGORY,PCF_VIOLATION,PCF_VIOL_SUBSECTION,HIT_AND_RUN,TYPE_OF_COLLISION,MVIW,PED_ACTION,ROAD_SURFACE,ROAD_COND_1,ROAD_COND_2,LIGHTING,CONTROL_DEVICE,CHP_ROAD_TYPE,PEDESTRIAN_ACCIDENT,BICYCLE_ACCIDENT,MOTORCYCLE_ACCIDENT,TRUCK_ACCIDENT,NOT_PRIVATE_PROPERTY,ALCOHOL_INVOLVED,STWD_VEHTYPE_AT_FAULT,CHP_VEHTYPE_AT_FAULT,COUNT_SEVERE_INJ,COUNT_VISIBLE_INJ,COUNT_COMPLAINT_PAIN,COUNT_PED_KILLED,COUNT_PED_INJURED,COUNT_BICYCLIST_KILLED,COUNT_BICYCLIST_INJURED,COUNT_MC_KILLED,COUNT_MC_INJURED,PRIMARY_RAMP,SECONDARY_RAMP,LATITUDE,LONGITUDE,COUNTY,CITY,POINT_X,POINT_Y
6198516,2013,2014-04-07,3711,2013-09-03,2014,5051,,2,5,7,3711,0,0,0,,0,622,"TECOLOTE RD","MORENA BL",0.00,,Y,A,-,N,,,,,,,,,,N,3,0,2,2,A,-,07,21658,A,N,B,C,A,A,H,-,C,A,0,,,Y,,Y,Y,A,01,0,1,1,0,0,0,0,0,2,"- ","- ",,,"SAN DIEGO","SAN DIEGO",-117.2028119,32.772624899999997
6198527,2013,2014-04-04,3711,2013-09-01,2222,6461,"SAN D",7,5,7,3711,0,0,0,,0,122,"OLNEY ST","REED ST",60.00,S,N,A,-,N,,,,,,,,,,N,3,0,1,2,A,-,03,22350,,M,C,G,A,A,H,-,D,D,0,,Y,,,Y,Y,-,"- ",0,1,0,0,0,0,1,0,0,"- ","- ",,,"SAN DIEGO","SAN DIEGO",-117.22865400000001,32.798195499999999
6198551,2013,2014-04-04,3711,2013-09-01,2219,6468,,7,5,7,3711,0,0,0,,0,115,"REGENTS RD","LAHITTE CT",0.00,,Y,A,-,N,,,,,,,,,,Y,4,0,1,1,A,-,03,22350,,N,H,I,A,A,H,-,D,D,0,,,,,Y,Y,A,07,0,0,1,0,0,0,0,0,0,"- ","- ",,,"SAN DIEGO","SAN DIEGO",-117.217392,32.854904900000001
6198559,2013,2014-04-04,3711,2013-09-01,0518,6902,,7,5,7,3711,0,0,0,,0,822,"43RD ST","TROJAN AV",0.00,,Y,A,-,N,,,,,,,,,,Y,3,0,1,1,A,-,08,22107,,N,E,I,A,A,H,-,B,A,0,,,,,Y,Y,-,"- ",0,1,0,0,0,0,0,0,0,"- ","- ",,,"SAN DIEGO","SAN DIEGO",,
6198592,2013,2014-04-03,3711,2013-09-09,0041,4310,,1,5,7,3711,0,0,0,,0,324,"BARDONIA ST","RENKRIB AV",225.00,S,N,A,-,N,,,,,,,,,,Y,3,0,1,4,A,-,08,22107,,N,C,E,A,A,H,-,-,D,0,,,,,Y,Y,D,22,0,1,0,0,0,0,0,0,0,"- ","- ",,,"SAN DIEGO","SAN DIEGO",-117.0198776,32.806414099999998
6198761,2013,2014-04-11,3710,2013-09-02,1948,OC0754,,1,5,6,3710,0,0,0,,0,036,"NORTHERLY ST","PANARAMA RIDGE RD",598.00,E,N,A,-,N,,,,,,,,,,Y,3,0,1,2,A,-,01,23152,A,N,A,E,A,A,H,-,C,A,0,,,,,Y,Y,A,01,0,1,0,0,0,0,0,0,0,"- ","- ",,,"SAN DIEGO",OCEANSIDE,-117.2722316,33.225044099999998
6199004,2013,2014-03-25,3700,2013-07-20,2348,SH7477,,6,5,5,3781,0,0,0,,0,511,"N MAGNOLIA AV","PALM GLEN DR",0.00,,Y,A,-,N,,,,,,,,,,Y,3,0,1,3,A,-,01,23152,A,N,D,C,A,A,H,-,C,D,0,,,,,Y,Y,A,01,0,1,0,0,0,0,0,0,0,"- ","- ",,,"SAN DIEGO",SANTEE,-116.971062,32.853284899999998
6200499,2013,2014-04-10,3711,2013-09-08,0037,7045,,7,5,7,3711,0,0,0,,0,122,"GARNET AV","MISSION BAY DR",0.00,,Y,A,-,N,,,,,,,,,,Y,4,0,2,3,A,-,12,21453,A,N,A,C,A,A,H,-,C,A,0,,,,,Y,Y,A,01,0,0,2,0,0,0,0,0,0,"- ","- ",,,"SAN DIEGO","SAN DIEGO",-117.218992,32.806134800000002
6200548,2013,2014-04-10,3711,2013-09-06,2019,6553,,5,5,7,3711,0,0,0,,0,813,"ADAMS AV","W MOUNTAIN VIEW",13.00,W,N,A,-,N,,,,,,,,,,Y,3,0,1,1,A,-,08,22107,,N,E,I,A,A,H,-,C,D,0,,,,,Y,Y,A,01,0,1,0,0,0,0,0,0,0,"- ","- ",,,"SAN DIEGO","SAN DIEGO",-117.12661199999999,32.763323800000002
6200550,2013,2014-04-03,3711,2013-09-02,2238,6097,,1,5,7,3711,0,0,0,,0,122,"THOMAS AV","HAINES ST",0.00,,Y,B,-,N,,,,,,,,,,N,2,0,1,1,B,-,22,,,N,F,A,A,A,H,-,C,D,0,,Y,,,Y,Y,L,04,1,0,0,0,0,0,1,0,0,"- ","- ",,,"SAN DIEGO","SAN DIEGO",-117.24184200000001,32.796464800000003
6200554,2013,2014-04-03,3711,2013-09-07,2011,5916,,6,5,7,3711,0,0,0,,0,122,"MISSION BL","HORNBLEND ST",5.00,N,N,A,-,N,,,,,,,,,,N,2,0,2,3,A,-,10,21950,A,N,G,B,B,A,H,-,C,D,0,Y,,,,Y,Y,A,07,1,1,0,0,2,0,0,0,0,"- ","- ",,,"SAN DIEGO","SAN DIEGO",-117.25522599999999,32.795648
6200556,2013,2014-04-10,3711,2013-09-07,0116,4495,,6,5,7,3711,0,0,0,,0,523,"G ST","5TH AV",0.00,,Y,A,-,N,,,,,,,,,,N,3,0,1,2,A,-,05,21650,1,N,D,G,A,A,H,-,C,A,0,,Y,,,Y,Y,L,04,0,1,0,0,0,0,1,0,0,"- ","- ",,,"SAN DIEGO","SAN DIEGO",-117.1601819,32.712514800000001
6200804,2013,2014-04-05,9645,2013-08-31,0715,17270,,6,1,7,3711,0,1,3,,1,004,"RT 75","SAMPSON ST",72.00,N,N,A,-,Y,SD,11,5,-,R,13.904,R,1,S,Y,3,0,2,1,A,-,01,23152,A,N,E,I,A,A,H,-,A,D,1,,,,,Y,Y,A,01,0,2,0,0,0,0,0,0,0,"- ","- ",32.700389999999999,-117.14349,"SAN DIEGO","SAN DIEGO",-117.1396518,32.698994800000001
6200859,2013,2014-04-07,9645,2013-08-27,1945,017499,,2,2,7,3711,0,1,1,,2,010,"RT 8","RT 15",123.00,W,N,A,-,Y,SD,11,8,-,-,5.620,H,-,W,Y,3,0,2,3,A,-,01,23152,A,N,E,I,A,A,H,-,C,D,1,,,,,Y,Y,A,01,0,1,1,0,0,0,0,0,0,"- ","- ",32.779229999999998,-117.11266000000001,"SAN DIEGO","SAN DIEGO",-117.11332229999999,32.7787048
6201276,2013,2014-04-07,9645,2013-09-04,1928,16864,,3,2,7,3711,0,1,1,,2,005,"RT 5","MISSION BAY DR",200.00,N,N,A,-,Y,SD,11,5,-,R,23.951,R,1,S,N,4,0,1,2,A,-,01,23152,A,F,C,C,A,A,H,-,B,A,1,,,,,Y,Y,A,08,0,0,1,0,0,0,0,0,0,TO,"- ",,,"SAN DIEGO","SAN DIEGO",-117.2217519,32.814024799999999
6202016,2013,2014-04-02,3706,2013-08-25,1710,0318,ESPD,7,5,6,3706,0,0,0,,0,042,"ESCONDIDO BL","DECATUR WY",464.00,N,N,A,-,N,,,,,,,,,,Y,4,0,1,2,A,-,01,23152,A,N,D,C,A,A,H,-,A,D,0,,,,,Y,Y,A,01,0,0,1,0,0,0,0,0,0,"- ","- ",,,"SAN DIEGO",ESCONDIDO,-117.09271510000001,33.136637
6202419,2013,2014-04-17,3711,2013-09-10,1925,7031,"SAN D",2,5,7,3711,0,0,0,,0,611,"SPORTS ARENA BL","OLLIE ST",45.00,N,N,A,-,N,,,,,,,,,,N,3,0,1,2,A,-,11,21954,A,N,G,B,D,A,H,-,C,D,0,Y,,,,Y,Y,N,60,0,1,0,0,1,0,0,0,0,"- ","- ",,,"SAN DIEGO","SAN DIEGO",-117.222013,32.7562736
6202439,2013,2014-04-03,3711,2013-09-11,1740,5635,,3,5,7,3711,0,0,0,,0,115,"LA JOLLA VILLAGE DR","TOWNE CENTRE",0.00,,Y,A,-,N,,,,,,,,,,N,4,0,1,2,A,-,10,21950,A,N,A,B,B,A,H,-,A,A,0,Y,,,,Y,Y,A,,0,0,1,0,1,0,0,0,0,"- ","- ",,,"SAN DIEGO","SAN DIEGO",-117.20744190000001,32.874104799999998
6203137,2013,2014-04-04,3711,2013-09-12,1957,4823,SANDI,4,5,7,3711,0,0,0,,0,122,"INGRAHAM ST","CROWN POINT DR",40.00,S,N,B,-,N,,,,,,,,,,Y,4,0,1,3,A,-,03,22350,,N,C,C,A,A,H,-,C,A,0,,,Y,,Y,Y,C,02,0,0,1,0,0,0,0,0,0,"- ","- ",,,"SAN DIEGO","SAN DIEGO",-117.2363185,32.779756999999996
6203161,2013,2014-04-04,3711,2013-09-14,0059,6044,3711,6,5,7,3711,0,0,0,,0,122,"GRAND AV","FANUEL ST",5.00,E,N,A,-,N,,,,,,,,,,N,4,0,1,2,A,-,11,21950,B,N,G,B,D,A,H,-,C,A,0,Y,,,,Y,Y,N,60,0,0,1,0,1,0,0,0,0,"- ","- ",,,"SAN DIEGO","SAN DIEGO",-117.2457962,32.796728100000003
6203344,2013,2014-04-10,9645,2013-09-01,1810,14922,,7,2,7,3711,0,1,1,,2,003,"RT 5","MAIN ST",35.00,N,N,A,-,Y,SD,11,5,-,R,11.670,H,-,S,,3,0,1,2,A,-,"- ",,,N,E,I,A,A,H,-,A,D,1,,,,,Y,Y,A,01,0,1,0,0,0,0,0,0,0,"- ","- ",32.682160000000003,-117.11159000000001,"SAN DIEGO","SAN DIEGO",-117.1106758,32.6808373
6203350,2013,2014-03-25,9645,2013-08-30,0235,17133,,5,3,7,3711,0,1,1,,2,027,"RT 15","CAMINO DEL RIO S",300.00,S,N,A,-,Y,SD,11,15,-,R,5.970,H,-,N,Y,3,0,1,1,A,-,01,23152,A,N,E,I,A,A,H,-,C,D,1,,,,,Y,Y,A,01,0,1,0,0,0,0,0,0,0,"- ","- ",32.77384,-117.11218,"SAN DIEGO","SAN DIEGO",-117.1122513,32.773580099999997
6203798,2013,2014-02-28,3700,2013-05-16,2238,SH2619,,4,5,5,3712,0,0,0,,0,357,"SHELLY DR","E BARHAM LN",204.00,S,N,A,-,N,,,,,,,,,,Y,4,0,1,1,A,-,01,23152,A,N,E,I,A,A,H,-,C,D,0,,,,,Y,Y,A,01,0,0,1,0,0,0,0,0,0,"- ","- ",,,"SAN DIEGO","SAN MARCOS",-117.1438627,33.138553600000002
6203985,2013,2014-04-07,9645,2013-09-05,1755,015713,,4,2,6,3702,0,1,1,,2,009,"RT 5","RT 54",2640.00,S,N,A,-,Y,SD,11,5,-,-,8.870,H,-,S,Y,2,0,1,2,A,-,01,23152,A,N,D,C,A,A,D,-,A,D,1,,,,,Y,Y,I,20,1,0,0,0,0,0,0,0,0,"- ","- ",32.65296,-117.07002,"SAN DIEGO","CHULA VISTA",-117.10082079999999,32.641457600000003
6204323,2013,2014-04-03,9650,2013-08-29,0410,17780,,4,3,9,3700,0,3,5,,2,006,"DOUGHERTY ST","OLIVE AV",33.00,E,N,A,-,N,,,,,,,,,,Y,3,0,1,4,A,-,01,23152,A,N,B,E,A,A,H,-,C,D,0,,,,,Y,Y,D,22,0,1,0,0,0,0,0,0,0,"- ","- ",33.387450000000001,-117.24702000000001,"SAN DIEGO",UNINCORPORATED,-117.2469742,33.387455699999997
6204335,2013,2014-04-03,9650,2013-08-31,1930,18386,,6,2,9,3700,0,3,5,,2,211,"BETSWORTH RD","LILAC RD",4224.00,S,N,A,-,N,,,,,,,,,,Y,3,0,1,1,A,-,01,23152,A,M,E,I,A,A,H,-,D,D,0,,,,,Y,Y,D,22,0,1,0,0,0,0,0,0,0,"- ","- ",33.226619999999997,-117.05121,"SAN DIEGO",UNINCORPORATED,-117.05203899999999,33.2266111
6204364,2013,2014-04-01,9650,2013-08-30,0155,17905,,5,3,3,3783,0,1,1,,2,007,"RT 5","LOMA SANTA FE",528.00,S,N,A,-,Y,SD,11,5,-,R,37.280,H,-,S,Y,2,0,3,1,A,-,01,23152,A,N,E,I,A,A,H,-,C,D,1,,,,,Y,Y,D,22,3,0,0,0,0,0,0,0,0,"- ","- ",,,"SAN DIEGO","SOLANA BEACH",-117.2563961,32.993624500000003
6204870,2013,2014-04-02,9645,2013-06-29,2325,019049,,6,3,7,3711,0,1,1,,2,010,"RT 8","COLLEGE AV",50.00,E,N,A,-,Y,SD,11,8,-,-,8.228,R,2,W,Y,3,0,1,1,A,-,01,23152,A,M,F,A,A,A,H,-,C,D,1,,,,,Y,Y,A,01,0,1,0,0,0,0,0,0,0,FR,"- ",32.779730000000001,-117.06559,"SAN DIEGO","SAN DIEGO",-117.0687454,32.779400799999998
6204874,2013,2014-04-02,9645,2013-06-29,0405,019577,,6,3,7,3711,0,1,1,,2,011,"RT 805","RT 15",2640.00,N,N,B,-,Y,SD,11,805,-,-,15.215,R,2,S,Y,2,0,1,1,A,-,01,23152,A,N,E,I,A,A,H,-,D,D,1,,,,,Y,Y,A,01,1,0,0,0,0,0,0,0,0,TO,"- ",32.738109999999999,-117.11559,"SAN DIEGO","SAN DIEGO",-117.1159918,32.740004800000001
6205373,2013,2014-04-03,3711,2013-07-28,0117,4495,,7,5,7,3711,0,0,0,,0,122,"DIAMOND ST","LAMONT ST",576.00,W,N,B,-,N,,,,,,,,,,N,3,0,1,2,A,-,05,21202,A,N,A,G,A,A,H,-,D,D,0,,Y,,,Y,Y,L,04,0,1,0,0,0,0,1,0,0,"- ","- ",,,"SAN DIEGO","SAN DIEGO",-117.2380294,32.803384800000003
6205421,2013,2014-04-03,3711,2013-07-27,2315,4835,,6,5,7,3711,0,0,0,,0,937,"CAMINO DEL SUR","SAN DIEGUITO RD",1584.00,N,N,A,-,N,,,,,,,,,,Y,3,0,1,1,A,-,08,22107,,N,E,I,A,A,H,-,C,D,0,,,,,Y,Y,-,"- ",0,1,0,0,0,0,0,0,0,"- ","- ",,,"SAN DIEGO","SAN DIEGO",-117.15247660999999,33.000016129999999
6206132,2013,2014-04-04,9645,2013-09-08,0110,019497,,7,3,7,3711,0,1,1,,2,009,"RT 805","DIVISION ST",225.00,N,N,A,-,Y,SD,11,805,-,-,11.024,R,2,N,Y,2,0,2,2,A,-,01,23152,A,N,C,C,A,A,H,-,C,D,1,,,,,Y,Y,A,01,2,0,0,0,0,0,0,0,0,TO,"- ",32.688920000000003,-117.0934,"SAN DIEGO","SAN DIEGO",-117.0904118,32.685614800000003
6206147,2013,2014-04-04,9645,2013-09-08,0225,019563,,7,3,9,3700,0,3,5,,2,018,"BRIARWOOD RD","CEDARWOOD RD",110.00,S,N,A,-,Y,,,,,,,,,,N,2,0,1,2,A,-,01,23152,A,N,B,C,A,A,H,-,A,D,0,,,,,Y,Y,A,01,1,0,0,0,0,0,0,0,0,"- ","- ",32.679209999999998,-117.02679999999999,"SAN DIEGO",UNINCORPORATED,-117.0269928,32.679304899999998
6207883,2013,2013-12-03,9645,2013-09-15,2300,13292,,7,3,6,3702,0,1,1,,2,001,"RT 5","PALOMAR ST",1000.00,S,N,A,-,Y,SD,11,5,-,-,5.870,H,-,S,Y,4,0,2,2,A,-,01,23152,A,N,B,C,A,A,H,-,C,D,1,,,,,Y,Y,A,01,0,0,2,0,0,0,0,0,0,"- ","- ",32.601790000000001,-117.08969999999999,"SAN DIEGO","CHULA VISTA",-117.08963679999999,32.600424799999999
6209386,2013,2014-04-09,3700,2013-09-09,2119,SH7548,,1,5,5,3713,0,0,0,,0,310,"VISTA VILLAGE DR","OLIVE AV",33.00,E,N,A,-,N,,,,,,,,,,Y,3,0,1,1,A,-,01,23152,A,N,E,I,A,A,H,-,C,A,0,,,,,Y,Y,A,01,0,1,0,0,0,0,0,0,0,"- ","- ",,,"SAN DIEGO",VISTA,-117.2445259,33.2019655
6209426,2013,2014-04-09,9650,2013-09-14,2110,019126,,6,2,5,3701,0,1,1,,2,005,"RT 5","PALOMAR AIRPORT RD",3168.00,S,N,A,-,Y,SD,11,5,-,R,46.430,H,-,N,Y,2,0,4,2,A,-,01,23152,A,N,C,C,A,A,H,-,D,D,1,,,,,Y,Y,A,01,1,1,2,0,0,0,0,0,0,"- ","- ",33.11786,-117.31896999999999,"SAN DIEGO",CARLSBAD,-117.3173424,33.114637199999997
6209434,2013,2014-04-09,9650,2013-09-14,0400,017994,,6,3,9,3700,0,3,5,,2,191,"HARMONY GROVE RD","QUESTHAVEN RD",130.00,W,N,B,-,N,,,,,,,,,,Y,3,0,1,1,A,-,01,23152,A,N,E,J,A,A,H,-,D,D,0,,,,,Y,Y,A,01,0,1,0,0,0,0,0,0,0,"- ","- ",33.073239999999998,-117.16452,"SAN DIEGO",UNINCORPORATED,-117.1642916,33.073460599999997
6209529,2013,2014-04-09,9645,2013-09-08,0310,019241,,7,3,7,3711,0,1,1,,2,010,"RT 8","RT 5",2112.00,W,N,A,-,Y,SD,11,8,-,L,1.960,H,-,E,Y,3,0,2,2,A,-,01,23152,A,N,B,C,A,A,H,-,C,D,1,,,,,Y,Y,A,01,0,1,1,0,0,0,0,0,0,"- ","- ",32.758510000000001,-117.21228000000001,"SAN DIEGO","SAN DIEGO",-117.210747,32.758726699999997
6209824,2013,2014-04-08,9650,2013-09-07,1839,017994,,6,2,9,3700,0,3,5,,2,006,"DE LUZ RD","MISSION RD",2640.00,N,N,A,-,N,,,,,,,,,,Y,3,0,1,1,A,-,01,23152,A,M,E,J,A,A,H,-,A,D,0,,,,,Y,Y,A,01,0,1,0,0,0,0,0,0,0,"- ","- ",,,"SAN DIEGO",UNINCORPORATED,-117.253226,33.391792000000002
6210014,2013,2014-04-03,9650,2013-08-31,0605,015295,,6,1,9,3700,0,3,5,,2,211,"NORTH LAKE WOHLFORD RD","VALLEY CENTER RD",3168.00,S,N,A,-,N,,,,,,,,,,Y,3,0,1,1,A,-,01,23152,A,N,E,I,A,A,H,-,A,D,0,,,,,Y,Y,A,07,0,1,0,0,0,0,0,0,0,"- ","- ",33.220559999999999,-116.97235000000001,"SAN DIEGO",UNINCORPORATED,-116.9723699,33.220467599999999
6210018,2013,2014-04-03,9650,2013-08-31,2205,018496,,6,3,6,3706,0,1,1,,2,023,"RT 15","GAMBLE LN",270.00,N,N,A,-,Y,SD,11,15,-,R,29.095,R,2,S,Y,3,0,1,1,A,-,01,23152,A,N,E,I,A,A,H,-,C,D,1,,,,,Y,Y,A,01,0,1,0,0,0,0,0,0,0,"- ","- ",33.093850000000003,-117.08541,"SAN DIEGO",ESCONDIDO,-117.08692189999999,33.096224800000002
6210046,2013,2014-04-03,9650,2013-08-25,0005,018011,,7,3,5,3713,0,1,3,,2,017,"RT 78","MAR VISTA DR",800.00,E,N,A,-,Y,SD,11,78,-,-,7.860,H,-,W,Y,4,0,3,2,A,-,03,22350,,N,C,C,A,A,H,-,D,D,1,,,,,Y,Y,A,01,0,0,3,0,0,0,0,0,0,"- ","- ",,,"SAN DIEGO",VISTA,-117.2289092,33.179159300000002
6210071,2013,2014-04-01,9650,2013-08-31,2124,018875,,6,2,6,3706,0,1,3,,2,019,"RT 78",BROADWAY,55.00,W,N,A,-,Y,SD,11,78,-,N,17.670,H,-,E,Y,3,0,4,4,A,-,01,23152,A,F,B,C,A,A,H,-,C,A,1,,,,,Y,Y,A,01,0,1,3,0,0,0,0,0,0,"- ","- ",33.132919999999999,-117.08645,"SAN DIEGO",ESCONDIDO,-117.0864735,33.132863399999998
6210834,2013,2014-04-11,9645,2013-09-14,0208,015664,,6,3,7,3711,0,1,1,,2,015,"RT 805","RT 52",1056.00,E,N,B,-,Y,SD,11,52,-,-,4.060,R,2,E,Y,3,0,1,1,A,-,01,23152,A,N,E,J,A,A,H,-,D,D,1,,,,,Y,Y,D,22,0,1,0,0,0,0,0,0,0,TO,"- ",32.846829999999997,-117.17443,"SAN DIEGO","SAN DIEGO",-117.1702519,32.8457048
6210988,2013,2014-04-11,3706,2013-09-19,1959,0318,ESPD,4,5,6,3706,0,0,0,,0,052,"GRAND AV",BROADWAY,113.00,W,N,A,-,N,,,,,,,,,,Y,3,0,1,3,A,-,01,23152,A,M,A,C,A,A,H,-,C,D,0,,,,,Y,Y,D,22,0,1,0,0,0,0,0,0,0,"- ","- ",,,"SAN DIEGO",ESCONDIDO,-117.0818281,33.121486699999998
6211359,2013,2014-04-02,9645,2013-09-07,0305,016286,,6,3,7,3711,0,1,3,,2,002,"RT 905","RT 5",60.00,S,N,A,-,Y,SD,11,5,-,-,3.189,R,2,N,Y,4,0,1,1,A,-,01,23152,A,N,F,A,A,A,H,-,D,D,1,,,,,Y,Y,A,07,0,0,1,0,0,0,0,0,0,TO,"- ",32.565170000000002,-117.07146,"SAN DIEGO","SAN DIEGO",-117.0751618,32.567294799999999
6211509,2013,2014-04-07,3710,2013-09-13,0058,OC1389,,5,5,6,3710,0,0,0,,0,033,"MESA DR","COLLEGE BL",77.00,E,N,A,-,N,,,,,,,,,,Y,3,0,1,1,A,-,01,23152,A,N,E,I,A,A,H,-,C,A,0,,,,,Y,Y,D,22,0,1,0,0,0,0,0,0,0,"- ","- ",,,"SAN DIEGO",OCEANSIDE,-117.29226920000001,33.225301899999998
6211968,2013,2014-04-07,3705,2013-09-12,1945,EC0329,,4,5,5,3705,0,0,0,,0,007,"N MOLLISON","E MADISON",0.00,,Y,A,-,N,,,,,,,,,,Y,2,0,5,3,A,-,01,23153,A,N,B,D,A,A,H,-,C,A,0,,,,,Y,Y,A,08,1,1,3,0,0,0,0,0,0,"- ","- ",,,"SAN DIEGO","EL CAJON",-116.95099190000001,32.800194900000001
6212429,2013,2014-04-07,3710,2013-09-18,1758,OC1263,,3,5,6,3710,0,0,0,,0,035,"FRAZEE RD","GALLERY DR",0.00,,Y,A,-,N,,,,,,,,,,Y,3,0,2,2,A,-,09,21802,A,N,D,C,A,A,H,-,A,A,0,,,,,Y,Y,A,01,0,1,1,0,0,0,0,0,0,"- ","- ",,,"SAN DIEGO",OCEANSIDE,-117.290942,33.236554900000002
6212516,2013,2014-04-09,3711,2013-09-13,0002,7008,SD,5,5,7,3711,0,0,0,,0,813,"30TH ST",UNIVERSITY,300.00,N,N,A,-,N,,,,,,,,,,N,4,0,1,2,A,-,"- ",,,N,-,B,D,A,H,-,C,-,0,Y,,,,Y,Y,N,60,0,0,1,0,1,0,0,0,0,"- ","- ",,,"SAN DIEGO","SAN DIEGO",-117.1301452,32.749256500000001
6212646,2013,2014-03-28,9645,2013-08-17,0320,17133,,6,3,7,3711,0,1,1,,2,005,"RT 5","5TH AV",210.00,W,N,A,-,Y,SD,11,163,-,-,0.630,R,2,S,Y,4,0,1,2,A,-,01,23152,A,N,A,C,A,A,H,-,C,D,1,,,Y,,Y,Y,A,01,0,0,1,0,0,0,0,0,1,TO,SO,32.72336,-117.15658999999999,"SAN DIEGO","SAN DIEGO",-117.1553818,32.7209948
6212696,2013,2014-04-08,3711,2013-08-29,0342,6432,"SAN D",4,5,7,3711,0,0,0,,0,512,"OCEANVIEW BL","SOUTH 32ND ST",327.00,W,N,A,-,Y,,,,,,,,,,Y,3,0,1,1,A,-,05,21650,,N,A,I,A,A,-,-,C,D,0,,,,,Y,Y,-,"- ",0,1,0,0,0,0,0,0,0,"- ","- ",,,"SAN DIEGO","SAN DIEGO",-117.12625130000001,32.7011799
6212810,2013,2014-04-09,9680,2013-09-13,1225,017389,,5,1,9,3700,0,1,3,,1,017,"RT 67","POSTHILL RD",0.00,,Y,A,-,Y,SD,11,67,-,-,7.828,I,5,N,Y,3,0,2,2,A,-,01,23152,A,N,D,C,A,A,H,-,A,A,0,,,,,Y,Y,D,22,0,1,1,0,0,0,0,0,0,"- ","- ",32.887970000000003,-116.93271,"SAN DIEGO",UNINCORPORATED,-116.9327418,32.887855600000002
6213134,2013,2014-04-12,9680,2013-09-11,1225,18279,,3,1,9,3700,0,2,4,,2,073,"BORREGO SPRINGS RD","BARREL DR",335.00,S,N,A,-,N,,,,,,,,,,Y,4,0,1,1,A,-,01,23152,A,N,E,I,A,A,H,-,A,D,0,,,,,Y,Y,A,07,0,0,1,0,0,0,0,0,0,"- ","- ",33.238630000000001,-116.37479,"SAN DIEGO",UNINCORPORATED,-116.3742551,33.239688299999997
6213182,2013,2014-04-12,9680,2013-09-14,2300,19870,,6,3,5,3708,0,1,3,,2,027,"RT 94","SPRING ST",1384.00,W,N,A,-,Y,SD,11,125,-,-,13.103,R,2,S,Y,3,0,3,1,A,-,01,23152,A,N,E,I,A,A,H,-,C,D,1,,,,,Y,Y,A,01,0,1,2,0,0,0,0,0,0,TO,"- ",32.750210000000003,-117.01549,"SAN DIEGO","LA MESA",-117.0172178,32.7426496
6213186,2013,2014-04-12,9680,2013-09-13,1750,20249,,5,2,5,3705,0,1,1,,2,081,"RT 8","SEVERIN DR",1009.00,E,N,A,-,Y,SD,11,8,-,-,12.840,H,-,E,Y,4,0,1,1,A,-,01,23152,A,N,E,I,A,A,H,-,A,D,1,,,,,Y,Y,A,07,0,0,1,0,0,0,0,0,0,"- ","- ",32.778860000000002,-116.99206,"SAN DIEGO","EL CAJON",-116.99083880000001,32.778956000000001
6213788,2013,2014-04-07,9680,2013-09-13,2120,019729,,5,2,9,3700,0,2,4,,1,095,"H ST","10TH ST",0.00,,Y,A,-,N,,,,,,,,,,Y,3,0,1,2,A,-,01,23152,A,N,D,C,A,A,H,-,C,A,0,,,,,Y,Y,D,22,0,1,0,0,0,0,0,0,0,"- ","- ",33.037550000000003,-116.86515,"SAN DIEGO",UNINCORPORATED,-116.8651819,33.037604799999997
6213792,2013,2014-04-07,9680,2013-09-17,1700,018907,,2,2,9,3700,0,3,5,,2,002,"BRABHAM ST","AVENIDA APOLINARIA",135.00,W,N,A,-,N,,,,,,,,,,Y,3,0,1,3,A,-,17,22517,,F,B,C,A,A,H,-,A,D,0,,,,,Y,Y,A,01,0,1,0,0,0,0,0,0,0,"- ","- ",32.74877,-116.93456999999999,"SAN DIEGO",UNINCORPORATED,-116.9345136,32.748684900000001
6215338,2013,2014-04-11,3710,2013-09-21,2242,OC1263,,6,5,6,3710,0,0,0,,0,013,"EL CAMINIO REAL","VISTA WY",40.00,N,N,A,-,Y,,,,,,,,,,Y,4,0,3,3,D,-,00,,,N,D,C,A,A,H,-,C,A,0,,,,,Y,Y,-,"- ",0,0,3,0,0,0,0,0,0,"- ","- ",,,"SAN DIEGO",OCEANSIDE,-117.3271148,33.183302699999999
6215896,2013,2014-04-09,9680,2013-09-04,1250,15008,,3,1,9,3700,0,1,3,,1,051,"RT 79","RT 76",7920.00,N,N,B,C,Y,SD,11,79,-,-,28.920,H,-,N,Y,3,0,1,1,A,-,01,23152,A,N,E,I,A,B,H,-,A,D,0,,,,,Y,Y,A,01,0,1,0,0,0,0,0,0,0,"- ","- ",33.221029999999999,-116.9705,"SAN DIEGO",UNINCORPORATED,-116.7052164,33.220733199999998