CASE_ID,ACCIDENT_YEAR,PROC_DATE,JURIS,COLLISION_DATE,COLLISION_TIME,OFFICER_ID,REPORTING_DISTRICT,DAY_OF_WEEK,CHP_SHIFT,POPULATION,CNTY_CITY_LOC,SPECIAL_COND,BEAT_TYPE,CHP_BEAT_TYPE,CITY_DIVISION_LAPD,CHP_BEAT_CLASS,BEAT_NUMBER,PRIMARY_RD,SECONDARY_RD,DISTANCE,DIRECTION,INTERSECTION,WEATHER_1,WEATHER_2,STATE_HWY_IND,CALTRANS_COUNTY,CALTRANS_DISTRICT,STATE_ROUTE,ROUTE_SUFFIX,POSTMILE_PREFIX,POSTMILE,LOCATION_TYPE,RAMP_INTERSECTION,SIDE_OF_HWY,TOW_AWAY,COLLISION_SEVERITY,NUMBER_KILLED,NUMBER_INJURED,PARTY_COUNT,PRIMARY_COLL_FACTOR,PCF_CODE_OF_VIOL,PCF_VIOL_CATEGORY,PCF_VIOLATION,PCF_VIOL_SUBSECTION,HIT_AND_RUN,TYPE_OF_COLLISION,MVIW,PED_ACTION,ROAD_SURFACE,ROAD_COND_1,ROAD_COND_2,LIGHTING,CONTROL_DEVICE,CHP_ROAD_TYPE,PEDESTRIAN_ACCIDENT,BICYCLE_ACCIDENT,MOTORCYCLE_ACCIDENT,TRUCK_ACCIDENT,NOT_PRIVATE_PROPERTY,ALCOHOL_INVOLVED,STWD_VEHTYPE_AT_FAULT,CHP_VEHTYPE_AT_FAULT,COUNT_SEVERE_INJ,COUNT_VISIBLE_INJ,COUNT_COMPLAINT_PAIN,COUNT_PED_KILLED,COUNT_PED_INJURED,COUNT_BICYCLIST_KILLED,COUNT_BICYCLIST_INJURED,COUNT_MC_KILLED,COUNT_MC_INJURED,PRIMARY_RAMP,SECONDARY_RAMP,LATITUDE,LONGITUDE,COUNTY,CITY,POINT_X,POINT_Y
6216008,2013,2014-04-09,3706,2013-09-07,1959,0393,ESCON,6,5,6,3706,0,0,0,,0,046,"EL NORTE PKWY","FLOOD CONTROL CHANNEL",90.00,E,N,A,-,N,,,,,,,,,,Y,3,0,1,1,A,-,08,22107,,N,E,I,A,A,H,-,C,D,0,,,,,Y,Y,A,01,0,1,0,0,0,0,0,0,0,"- ","- ",,,"SAN DIEGO",ESCONDIDO,,
6216241,2013,2014-04-02,3706,2013-08-31,2134,0448,ESPD,6,5,6,3706,0,0,0,,0,041,"GRAPE ST","WANDA CT",83.00,N,N,A,-,N,,,,,,,,,,N,3,0,1,2,A,-,03,22350,,F,C,G,A,A,H,-,C,D,0,,Y,,,Y,Y,A,01,0,1,0,0,0,0,1,0,0,"- ","- ",,,"SAN DIEGO",ESCONDIDO,-117.0808454,33.136868100000001
6216304,2013,2014-04-15,9680,2013-09-22,0200,019384,,7,3,9,3700,0,3,5,,2,002,"S GRANADA AV","NORTE MESA DR",132.00,N,N,A,-,N,,,,,,,,,,Y,3,0,1,1,A,-,01,23152,A,N,E,I,A,A,H,-,C,A,0,,,,,Y,Y,D,22,0,1,0,0,0,0,0,0,0,"- ","- ",32.744239999999998,-116.97906999999999,"SAN DIEGO",UNINCORPORATED,-116.979051,32.744193000000003
6216363,2013,2014-04-12,9680,2013-09-22,1005,18356,,7,1,9,3700,0,1,3,,1,024,"RT 94","RANCHO JAMUL DR",1056.00,W,N,A,-,Y,SD,11,94,-,-,21.530,H,-,E,Y,3,0,2,2,A,-,01,23152,A,N,B,C,A,A,H,-,A,D,0,,,,,Y,Y,A,01,0,1,1,0,0,0,0,0,0,"- ","- ",32.697920000000003,-116.86190000000001,"SAN DIEGO",UNINCORPORATED,-116.8614621,32.697504500000001
6218132,2013,2014-04-15,9650,2013-09-12,0030,17780,,4,3,9,3700,0,1,3,,1,028,"RT 76","COLE GRADE RD",0.00,,Y,A,-,Y,SD,11,76,-,-,29.866,I,5,E,Y,3,0,1,2,A,-,"- ",,,N,D,C,A,A,H,-,E,A,0,,,,,Y,Y,A,01,0,1,0,0,0,0,0,0,0,"- ","- ",33.190809999999999,-116.59345,"SAN DIEGO",UNINCORPORATED,-116.9929219,33.318914900000003
6218208,2013,2014-04-16,3710,2013-09-17,0126,OC1360,,2,5,6,3710,0,0,0,,0,011,"OCEANSIDE BL",CAMELOT,190.00,W,N,A,-,N,,,,,,,,,,Y,4,0,1,1,A,-,01,23152,A,M,E,I,A,A,H,-,C,D,0,,,,,Y,Y,D,22,0,0,1,0,0,0,0,0,0,"- ","- ",,,"SAN DIEGO",OCEANSIDE,-117.34455560000001,33.200655599999997
6218689,2013,2014-04-24,3703,2013-09-14,1746,1016,,6,5,3,3703,0,0,0,,0,002,"ORANGE AV","10TH ST",258.00,N,N,A,-,Y,SD,11,75,-,-,18.980,H,-,S,N,4,0,4,4,A,-,04,21703,,N,C,C,A,A,H,-,A,A,0,,,,,Y,Y,A,07,0,0,4,0,0,0,0,0,0,"- ","- ",,,"SAN DIEGO",CORONADO,-117.1796172,32.686481200000003
6218868,2013,2014-04-12,9645,2013-09-12,0920,014461,,4,1,7,3711,0,1,1,,2,017,"RT 15","MERCY RD",1584.00,N,N,A,-,Y,SD,11,15,-,M,17.660,H,-,N,Y,3,0,1,1,A,-,08,22107,,N,F,C,A,A,H,-,A,D,1,,,,,Y,Y,A,08,0,1,0,0,0,0,0,0,0,"- ","- ",32.942610000000002,-117.10912999999999,"SAN DIEGO","SAN DIEGO",-117.1093317,32.941801300000002
6219003,2013,2014-04-10,3702,2013-09-04,2129,CV0681,,3,5,6,3702,0,0,0,,0,012,"4TH AV","G ST",48.00,N,N,A,-,N,,,,,,,,,,Y,4,0,3,3,A,-,03,22350,,N,C,C,A,A,H,-,C,A,0,,,,,Y,Y,A,01,0,0,3,0,0,0,0,0,0,"- ","- ",,,"SAN DIEGO","CHULA VISTA",-117.0827125,32.636819099999997
6219122,2013,2014-04-10,9650,2013-09-14,2135,17621,,6,2,9,3700,0,3,5,,2,170,"WARMLANDS AV","VISTA GRANDE DR",1056.00,E,N,A,-,N,,,,,,,,,,Y,3,0,1,1,A,-,01,23152,A,N,E,I,A,A,H,-,C,D,0,,,,,Y,Y,A,01,0,1,0,0,0,0,0,0,0,"- ","- ",33.229300000000002,-117.218,"SAN DIEGO",UNINCORPORATED,-117.22084940000001,33.233514399999997
6219134,2013,2014-04-10,9650,2013-09-21,0230,017056,,6,3,5,3782,0,1,1,,2,007,"RT 5","REQUEZA ST",1320.00,S,N,A,-,Y,SD,11,5,-,R,40.930,H,-,S,Y,4,0,1,1,A,-,01,23152,A,N,E,I,A,A,H,-,C,D,1,,,,,Y,Y,A,01,0,0,1,0,0,0,0,0,0,"- ","- ",33.039969999999997,-117.28413999999999,"SAN DIEGO",ENCINITAS,-117.28455630000001,33.040522799999998
6219138,2013,2014-04-10,9650,2013-09-25,2200,017331,,3,3,5,3782,0,1,1,,2,007,"RT 5","MANCHESTER AV",18.00,N,N,A,-,Y,SD,11,5,-,R,38.580,R,1,N,Y,3,0,2,2,A,-,01,23152,A,N,C,C,A,A,H,-,C,A,1,,,,,Y,Y,A,01,0,2,0,0,0,0,0,0,0,TO,"- ",33.011000000000003,-117.26353,"SAN DIEGO",ENCINITAS,-117.26408189999999,33.009954800000003
6219182,2013,2014-04-08,9650,2013-09-15,0533,015503,,7,3,9,3700,0,3,5,,2,213,"OLD HWY 395","EAST MISSION RD",4224.00,N,N,A,-,Y,,,,,,,,,,Y,3,0,1,1,A,-,01,23152,A,N,F,I,A,A,H,-,D,D,0,,,,,Y,Y,A,01,0,1,0,0,0,0,0,0,0,"- ","- ",33.401240000000001,-117.1683,"SAN DIEGO",UNINCORPORATED,-117.1718142,33.394655899999997
6219401,2013,2014-04-09,3702,2013-09-07,0335,CV0912,,6,5,6,3702,0,0,0,,0,032,"HUNTE PKWY","SALT CREEK ELEM SCHOOL DRIVEWAY",5.00,S,N,B,-,N,,,,,,,,,,Y,3,0,1,1,A,-,01,23152,B,N,E,I,A,A,H,-,C,A,0,,,,,Y,Y,A,01,0,1,0,0,0,0,0,0,0,"- ","- ",,,"SAN DIEGO","CHULA VISTA",-116.949191,32.649501000000001
6219423,2013,2014-04-09,3702,2013-09-18,0100,CV0980,,3,5,6,3702,0,0,0,,0,031,"TELEGRAPH CANYON RD","BUENA VISTA WY",658.00,E,N,A,-,N,,,,,,,,,,Y,3,0,1,1,A,-,01,23152,A,N,E,I,A,A,H,-,C,D,0,,,,,Y,Y,A,01,0,1,0,0,0,0,0,0,0,"- ","- ",,,"SAN DIEGO","CHULA VISTA",-117.0003492,32.631019999999999
6219482,2013,2014-04-10,3710,2013-09-29,1418,OC1227,,7,5,6,3710,0,0,0,,0,033,"RT 76","GUAJOME LAKE RD",40.00,E,N,A,-,Y,SD,11,76,-,R,7.200,H,-,W,Y,4,0,1,2,A,-,01,23152,A,M,C,C,A,A,H,-,A,A,0,,,,,Y,Y,A,01,0,0,1,0,0,0,0,0,0,"- ","- ",,,"SAN DIEGO",OCEANSIDE,-117.2739541,33.248599800000001
6220460,2013,2014-04-05,3700,2013-08-06,1655,SH7157,,2,5,5,3782,0,0,0,,0,215,"NORTH EL CAMINO REAL","MOUNTAIN VISTA",93.00,N,N,A,-,N,,,,,,,,,,Y,4,0,1,3,A,-,03,22350,,N,C,C,A,A,H,-,A,A,0,,,Y,,Y,Y,C,06,0,0,1,0,0,0,0,0,0,"- ","- ",,,"SAN DIEGO",ENCINITAS,-117.2610371,33.052009300000002
6220472,2013,2014-04-02,3700,2013-08-17,2210,SH4541,,6,5,2,3704,0,0,0,,0,291,"JIMMY DURANTE BL","SAN DIEGUITO DR",1019.00,E,N,A,-,N,,,,,,,,,,Y,3,0,3,4,A,-,01,23152,A,N,C,C,A,A,H,-,C,D,0,,,,,Y,Y,A,07,0,1,2,0,0,0,0,0,0,"- ","- ",,,"SAN DIEGO","DEL MAR",-117.2602916,32.9719573
6220607,2013,2014-04-25,3711,2013-09-18,2127,HB5550,,3,5,7,3711,0,0,0,,0,504,"HARBOR DR","PARK BL",0.00,,Y,A,-,N,,,,,,,,,,N,3,0,1,2,D,-,00,,,F,G,B,B,A,H,-,C,A,0,Y,,,,Y,Y,-,"- ",0,1,0,0,1,0,0,0,0,"- ","- ",,,"SAN DIEGO","SAN DIEGO",-117.15770190000001,32.704954800000003
6220876,2013,2014-04-02,3711,2013-09-25,0207,6034,,3,5,7,3711,0,0,0,,0,315,"QUALCOMM WY","CAMINO DEL RIO N",0.00,,Y,A,-,N,,,,,,,,,,Y,3,0,1,2,A,-,12,21453,A,N,D,C,A,A,H,-,C,A,0,,,,,Y,Y,D,22,0,1,0,0,0,0,0,0,0,"- ","- ",,,"SAN DIEGO","SAN DIEGO",-117.1401919,32.771964799999999
6220975,2013,2014-04-17,3710,2013-09-22,1530,OC0754,,7,5,6,3710,0,0,0,,0,011,"MISSION AV","FOUSSAT RD",0.00,,Y,A,-,N,,,,,,,,,,Y,2,0,3,2,A,-,01,23152,A,N,D,C,A,A,H,-,A,A,0,,,,,Y,Y,A,01,2,1,0,0,0,0,0,0,0,"- ","- ",,,"SAN DIEGO",OCEANSIDE,-117.343362,33.2168049
6223210,2013,2014-04-08,3711,2013-09-30,2305,5198,,1,5,7,3711,0,0,0,,0,451,"COLLEGE AV",MERIDIAN,0.00,,Y,A,-,N,,,,,,,,,,N,4,0,1,2,A,-,03,22350,,N,C,C,A,A,H,-,D,D,0,,,,,Y,Y,A,01,0,0,1,0,0,0,0,0,0,"- ","- ",,,"SAN DIEGO","SAN DIEGO",-117.05755190000001,32.745384799999997
6223341,2013,2014-04-09,3711,2013-09-27,1925,5165,MISSI,5,5,7,3711,0,0,0,,0,123,"MISSION BAY DR","MISSION BAY DR 2900",0.00,,Y,A,-,N,,,,,,,,,,N,3,0,1,2,A,-,11,21954,A,N,G,B,D,A,H,-,C,A,0,Y,,,,Y,Y,N,60,0,1,0,0,1,0,0,0,0,"- ","- ",,,"SAN DIEGO","SAN DIEGO",-117.21187592,32.799002229999999
6223922,2013,2014-04-23,3711,2013-08-06,2326,5623,,2,5,7,3711,0,0,0,,0,722,"CORONADO AV","OUTER RD",66.00,W,N,A,-,Y,SD,11,5,-,-,3.960,R,4,N,Y,4,0,2,2,A,-,08,22107,,N,A,C,A,A,H,-,C,D,0,,,,,Y,Y,A,01,0,0,2,0,0,0,0,0,0,"- ","- ",,,"SAN DIEGO","SAN DIEGO",-117.0831518,32.577344799999999
6224676,2013,2014-04-09,9680,2013-09-26,1840,015081,,4,2,9,3700,0,1,3,,1,052,"RT 78","CASNER RD",3696.00,W,N,B,-,Y,SD,11,78,-,-,42.980,H,-,W,Y,2,0,1,1,A,-,01,23152,A,N,E,I,A,A,H,-,B,D,0,,,,,Y,Y,D,22,1,0,0,0,0,0,0,0,0,"- ","- ",33.044400000000003,-116.4645,"SAN DIEGO",UNINCORPORATED,-116.7781181,33.078493000000002
6227190,2013,2014-04-09,3711,2013-09-22,0714,5611,,7,5,7,3711,0,0,0,,0,242,"MIRA MESA BL","GREENFORD DR",300.00,E,N,B,-,N,,,,,,,,,,Y,3,0,1,1,A,-,03,22350,,N,F,J,A,A,H,-,A,D,0,,,,,Y,Y,A,01,0,1,0,0,0,0,0,0,0,"- ","- ",,,"SAN DIEGO","SAN DIEGO",-117.1322503,32.914396000000004
6227195,2013,2014-04-08,3711,2013-09-23,1322,5757,,1,5,7,3711,0,0,0,,0,613,"POINSETTIA DR","LELAND ST",0.00,,Y,A,-,N,,,,,,,,,,Y,3,0,2,1,A,-,08,22107,,N,E,I,A,A,H,-,A,D,0,,,,,Y,Y,-,"- ",0,1,1,0,0,0,0,0,0,"- ","- ",,,"SAN DIEGO","SAN DIEGO",-117.2213019,32.7503648
6227204,2013,2014-04-10,3711,2013-09-27,2120,4337,,5,5,7,3711,0,0,0,,0,231,"POWAY RD","SPRINGHURST DR",10.00,W,N,A,-,N,,,,,,,,,,N,4,0,1,2,A,-,03,22350,,N,C,C,A,A,H,-,C,A,0,,,,,Y,Y,-,"- ",0,0,1,0,0,0,0,0,0,"- ","- ",,,"SAN DIEGO","SAN DIEGO",-117.0782987,32.946929300000001
6227210,2013,2014-04-10,3711,2013-09-27,1842,6938,,5,5,7,3711,0,0,0,,0,612,"CUSHING RD","2600 CUSHING RD",15.00,E,N,A,-,N,,,,,,,,,,N,3,0,1,2,A,-,03,22350,,N,E,I,A,A,H,-,B,D,0,,Y,,,Y,Y,L,04,0,1,0,0,0,0,1,0,0,"- ","- ",,,"SAN DIEGO","SAN DIEGO",,
6227315,2013,2014-04-09,3711,2013-09-22,1729,5046,,7,5,7,3711,0,0,0,,0,613,"CATALINA BL","VOLTAIRE ST",35.00,N,N,A,-,N,,,,,,,,,,Y,4,0,2,3,A,-,08,22107,,N,-,D,A,A,H,-,A,A,0,,,,,Y,Y,A,01,0,0,2,0,0,0,0,0,0,"- ","- ",,,"SAN DIEGO","SAN DIEGO",-117.2348047,32.743774999999999
6227322,2013,2014-04-09,3711,2013-09-21,2336,5916,,6,5,7,3711,0,0,0,,0,122,"INGRAHAM ST","PACIFIC BEACH DR",0.00,,Y,B,-,N,,,,,,,,,,N,4,0,1,2,A,-,11,21456,B,M,G,B,B,A,H,-,C,A,0,Y,,,,Y,Y,N,60,0,0,1,0,1,0,0,0,0,"- ","- ",,,"SAN DIEGO","SAN DIEGO",-117.23912199999999,32.793964899999999
6227331,2013,2014-04-09,3711,2013-09-27,1929,6035,,5,5,7,3711,0,0,0,,0,836,"HOME AV","45TH ST",184.00,W,N,A,-,N,,,,,,,,,,Y,3,0,1,2,A,-,08,22100,B,N,D,C,A,A,H,-,D,D,0,,,,,Y,Y,A,01,0,1,0,0,0,0,0,0,0,"- ","- ",,,"SAN DIEGO","SAN DIEGO",-117.09779829999999,32.730494
6227332,2013,2014-04-09,3711,2013-09-29,1500,5842,,7,5,7,3711,0,0,0,,0,937,"BELTAIRE LN","LOWER SCARBOROUGH",36.00,W,N,A,-,N,,,,,,,,,,N,4,0,1,2,A,-,08,22107,,N,E,J,A,A,H,-,A,D,0,,,,,Y,Y,-,"- ",0,0,1,0,0,0,0,0,0,"- ","- ",,,"SAN DIEGO","SAN DIEGO",-117.14425027,33.012025340000001
6228109,2013,2014-03-18,3700,2013-07-08,0109,SH5482,,1,5,5,3713,0,0,0,,0,313,"MAR VISTA DR","MIRAMAR DR",851.00,W,N,A,-,N,,,,,,,,,,Y,3,0,1,1,A,-,01,23152,A,N,E,I,A,A,H,-,C,D,0,,,,,Y,Y,A,01,0,1,0,0,0,0,0,0,0,"- ","- ",,,"SAN DIEGO",VISTA,-117.2419733,33.178747399999999
6228133,2013,2014-03-28,3700,2013-08-22,2229,SH2560,,4,5,5,3713,0,0,0,,0,308,"NORTH EMERALD DR","GALBAR ST",173.00,N,N,A,-,N,,,,,,,,,,Y,4,0,1,2,A,-,05,21460,A,F,B,C,A,A,H,-,C,D,0,,,,,Y,Y,A,01,0,0,1,0,0,0,0,0,0,"- ","- ",,,"SAN DIEGO",VISTA,-117.279522,33.198338800000002
6228182,2013,2014-04-08,3711,2013-09-25,1916,5600,,3,5,7,3711,0,0,0,,0,722,"WEST SAN YSIDRO BL","SUNSET LN",40.00,E,N,A,-,N,,,,,,,,,,N,3,0,1,2,A,-,11,21954,A,N,G,B,D,A,H,-,D,D,0,Y,,,,Y,Y,N,60,0,1,0,0,1,0,0,0,0,"- ","- ",,,"SAN DIEGO","SAN DIEGO",-117.0597145,32.558033899999998
6228199,2013,2014-04-08,3700,2013-09-25,0143,SH7548,,3,5,5,3713,0,0,0,,0,307,"FOOTHILL DR","SAN CLEMENTE  AV",350.00,N,N,A,-,N,,,,,,,,,,Y,3,0,1,1,A,-,01,23152,A,N,E,I,A,A,H,-,C,D,0,,,,,Y,Y,A,01,0,1,0,0,0,0,0,0,0,"- ","- ",,,"SAN DIEGO",VISTA,-117.20611632000001,33.204753490000002
6228218,2013,2014-04-08,3711,2013-09-27,1641,5972,,5,5,7,3711,0,0,0,,0,116,"CLAIREMONT DR","DENVER ST",176.00,W,N,A,-,N,,,,,,,,,,,3,0,1,3,A,-,08,22107,,N,C,G,A,A,H,-,A,D,0,,,,,Y,Y,A,01,0,1,0,0,0,0,0,0,0,"- ","- ",,,"SAN DIEGO","SAN DIEGO",-117.2038783,32.790484800000002
6228226,2013,2014-04-08,3711,2013-09-29,1830,5046,,7,5,7,3711,0,0,0,,0,315,"MISSION VILLAGE DR","RONDA AV",1584.00,S,N,A,-,N,,,,,,,,,,Y,4,0,4,2,A,-,03,22350,,N,C,C,A,A,H,-,B,A,0,,,,,Y,Y,A,01,0,0,4,0,0,0,0,0,0,"- ","- ",,,"SAN DIEGO","SAN DIEGO",-117.12059600000001,32.788707199999997
6228484,2013,2014-10-30,3708,2013-09-14,1545,1214,400,6,5,5,3708,0,0,0,,0,003,"PENNSYLVANIA LN","AIROSO AV",45.00,S,N,A,-,N,,,,,,,,,,N,3,0,1,2,A,-,01,23152,A,N,C,E,A,A,H,-,A,D,0,,,,,Y,Y,A,01,0,1,0,0,0,0,0,0,0,"- ","- ",,,"SAN DIEGO","LA MESA",-117.0486993,32.776761700000002
6228678,2013,2014-04-16,9680,2013-09-28,0045,19613,,6,3,5,3705,0,1,1,,2,082,"RT 8","GREENFIELD DR",820.00,E,N,A,-,Y,SD,11,8,-,R,18.940,H,-,W,Y,3,0,1,1,A,-,01,23152,A,M,E,I,A,A,H,-,D,D,1,,,,,Y,Y,A,01,0,1,0,0,0,0,0,0,0,"- ","- ",32.815930000000002,-116.91383,"SAN DIEGO","EL CAJON",-116.9146959,32.815033200000002
6229305,2013,2014-04-29,3710,2013-09-25,2048,OC1330,,3,5,6,3710,0,0,0,,0,028,"OCEANSIDE BL","COLLEGE BL",15.00,E,N,A,-,N,,,,,,,,,,Y,3,0,3,3,A,-,01,23152,A,N,C,C,A,A,H,-,C,A,0,,,,,Y,Y,A,01,0,1,2,0,0,0,0,0,0,"- ","- ",,,"SAN DIEGO",OCEANSIDE,-117.2848946,33.207295100000003
6229553,2013,2014-04-12,9680,2013-09-28,0055,19910,,6,3,9,3700,0,3,5,,2,002,"JAMACHA LN","JAMACHA RD",225.00,N,N,A,-,N,,,,,,,,,,N,3,0,1,2,A,-,11,21954,A,F,G,B,D,A,H,-,C,D,0,Y,,,,Y,Y,N,60,0,1,0,0,1,0,0,0,0,"- ","- ",32.715609999999998,-117.00801,"SAN DIEGO",UNINCORPORATED,-117.0080954,32.715411000000003
6229926,2013,2014-04-15,3711,2013-10-05,0338,6513,,6,5,7,3711,0,0,0,,0,235,"CLOVERDALE RD","PASQUAL VALLEY RD",1685.00,N,N,A,-,N,,,,,,,,,,Y,3,0,1,1,A,-,08,22107,,N,E,I,A,A,H,-,D,D,0,,,,,Y,Y,D,22,0,1,0,0,0,0,0,0,0,"- ","- ",,,"SAN DIEGO","SAN DIEGO",-117.02140152,33.102382640000002
6229962,2013,2014-04-15,3711,2013-10-02,1610,4243,,3,5,7,3711,0,0,0,,0,934,"LANSDALE DR","DEL MAR HEIGHTS RD",18.00,S,N,A,-,N,,,,,,,,,,Y,4,0,2,3,A,-,03,22350,,M,C,C,A,A,H,-,A,A,0,,,,,Y,Y,D,22,0,0,2,0,0,0,0,0,0,"- ","- ",,,"SAN DIEGO","SAN DIEGO",-117.2209381,32.955935799999999
6230048,2013,2014-04-09,3703,2013-09-23,1910,1137,,1,5,3,3703,0,0,0,,0,002,"ORANGE AV","10TH ST",0.00,,Y,A,-,N,,,,,,,,,,N,3,0,1,2,A,-,12,21453,A,N,D,C,A,A,H,-,C,A,0,,,,,Y,Y,A,01,0,1,0,0,0,0,0,0,0,"- ","- ",,,"SAN DIEGO",CORONADO,-117.179942,32.685914799999999
6230472,2013,2014-04-15,3711,2013-10-02,2250,4576,,3,5,7,3711,0,0,0,,0,813,"30TH ST","MYRTLE AV",18.00,S,N,B,-,N,,,,,,,,,,Y,4,0,1,2,A,-,08,22107,,N,C,E,A,A,D,-,C,D,0,,,,,Y,Y,A,01,0,0,1,0,0,0,0,0,0,"- ","- ",,,"SAN DIEGO","SAN DIEGO",-117.1300914,32.742085500000002
6230578,2013,2014-10-23,9680,2013-09-25,2125,18427,,3,2,9,3700,0,1,1,,2,082,"RT 8","LOS COCHES RD",2112.00,W,N,A,-,Y,SD,11,8,-,R,19.640,H,-,W,Y,4,0,1,1,A,-,01,23152,A,N,E,I,A,A,H,-,D,D,1,,,,,Y,Y,A,01,0,0,1,0,0,0,0,0,0,"- ","- ",32.8232,-116.90773,"SAN DIEGO",UNINCORPORATED,-116.9089118,32.8223348
6230735,2013,2014-04-14,3711,2013-09-24,2102,4310,,2,5,7,3711,0,0,0,,0,826,"50TH ST","EL CAJON BL",0.00,,Y,A,-,N,,,,,,,,,,Y,2,0,1,2,A,-,11,21950,B,N,G,B,B,A,H,-,C,D,0,Y,,,,Y,Y,N,60,1,0,0,0,1,0,0,0,0,"- ","- ",,,"SAN DIEGO","SAN DIEGO",-117.0868519,32.756734799999997
6230744,2013,2014-04-16,3708,2013-09-08,0200,1158,200,7,5,5,3708,0,0,0,,0,004,"DALLAS ST","MEADOWCREST DR",106.00,E,N,A,-,N,,,,,,,,,,N,4,0,1,1,A,-,01,23152,A,N,E,I,A,A,H,-,C,D,0,,,,,Y,Y,A,01,0,0,1,0,0,0,0,0,0,"- ","- ",,,"SAN DIEGO","LA MESA",-117.00388719999999,32.792282999999998
6230777,2013,2014-04-12,3711,2013-09-12,2024,3792,,4,5,7,3711,0,0,0,,0,432,"SOUTH EUCLID AV","CHURCHWARD ST",99.00,S,N,A,-,N,,,,,,,,,,,2,0,1,2,A,-,10,21954,B,F,G,B,D,A,H,-,C,D,0,Y,,,,Y,Y,A,01,1,0,0,0,1,0,0,0,0,"- ","- ",,,"SAN DIEGO","SAN DIEGO",-117.0850119,32.7038236
6231207,2013,2014-04-10,3711,2013-09-14,1840,5313,,6,5,7,3711,0,0,0,,0,122,"INGRAHAM ST","BUENA VISTA ST",64.00,S,N,A,-,N,,,,,,,,,,N,2,0,1,1,B,-,22,,,N,E,J,A,A,H,-,A,D,0,,Y,,,Y,Y,L,04,1,0,0,0,0,0,1,0,0,"- ","- ",,,"SAN DIEGO","SAN DIEGO",-117.2364547,32.780364400000003
6231211,2013,2014-04-10,3711,2013-09-29,1920,4507,,7,5,7,3711,0,0,0,,0,126,"TORREY PINES SCENIC DR","NORTH TORREY PINES RD",1056.00,W,N,A,-,N,,,,,,,,,,Y,3,0,1,2,A,-,08,22107,,N,C,E,A,A,H,-,D,D,0,,,,,Y,Y,-,"- ",0,1,0,0,0,0,0,0,0,"- ","- ",,,"SAN DIEGO","SAN DIEGO",-117.2470644,32.888399900000003
6231215,2013,2014-04-10,3711,2013-09-26,0230,6292,,4,5,7,3711,0,0,0,,0,232,"RANCHO CARMEL DR","AVENUE OF SCIENCE",384.00,S,N,A,-,N,,,,,,,,,,Y,3,0,1,1,A,-,08,22107,,N,E,I,A,A,H,-,D,D,0,,,,,Y,Y,A,01,0,1,0,0,0,0,0,0,0,"- ","- ",,,"SAN DIEGO","SAN DIEGO",-117.08038569999999,32.987603100000001
6231219,2013,2014-04-10,3711,2013-09-29,0308,6418,,7,5,7,3711,0,0,0,,0,111,"BALBOA AV","HATHAWAY ST",0.00,,Y,A,-,N,,,,,,,,,,Y,4,0,1,2,A,-,12,21453,A,M,D,C,A,A,H,-,C,A,0,,,,,Y,Y,A,01,0,0,1,0,0,0,0,0,0,"- ","- ",,,"SAN DIEGO","SAN DIEGO",-117.167092,32.8204548
6231227,2013,2014-04-10,3711,2013-09-26,1600,6305,,4,5,7,3711,0,0,0,,0,122,"MISSION BL","PACIFIC BEACH DR",0.00,,Y,A,-,N,,,,,,,,,,N,4,0,1,3,D,-,00,,,M,C,C,A,A,H,-,A,A,0,,,,,Y,Y,-,"- ",0,0,1,0,0,0,0,0,0,"- ","- ",,,"SAN DIEGO","SAN DIEGO",-117.253772,32.790914800000003
6231313,2013,2014-04-09,3701,2013-09-14,2315,5379,3,6,5,5,3701,0,0,0,,0,010,"CHESTNUT AV","VALLEY ST",60.00,W,N,A,-,N,,,,,,,,,,Y,3,0,2,2,A,-,01,23140,,N,C,E,A,A,H,-,C,D,0,,,,,Y,Y,A,01,0,2,0,0,0,0,0,0,0,"- ","- ",33.161340000000003,-117.33060999999999,"SAN DIEGO",CARLSBAD,-117.3304686,33.1614352
6231958,2013,2014-04-14,9650,2013-09-29,1813,017263,,7,2,5,3712,0,1,3,,2,019,"RT 78","NORDAHL RD",1000.00,W,N,A,-,Y,SD,11,78,-,-,15.320,H,-,W,Y,3,0,1,2,A,-,01,23152,A,N,C,C,A,A,H,-,A,D,1,,,,,Y,Y,A,01,0,1,0,0,0,0,0,0,0,"- ","- ",33.13438,-117.12638,"SAN DIEGO","SAN MARCOS",-117.1256357,33.134032599999998
6232838,2013,2014-04-19,9645,2013-10-05,0245,017139,,6,3,7,3711,0,1,1,,2,019,"RT 15","CARROLL CANYON RD",1100.00,N,N,A,-,Y,SD,11,15,-,M,15.210,H,-,S,Y,3,0,1,1,A,-,01,23152,A,N,E,I,A,A,H,-,C,D,1,,,,,Y,Y,A,01,0,1,0,0,0,0,0,0,0,"- ","- ",32.906730000000003,-117.1165,"SAN DIEGO","SAN DIEGO",-117.1166178,32.907368300000002
6232851,2013,2014-04-26,9650,2013-10-09,2050,012835,,3,2,9,3700,0,3,5,,2,010,"OLD HWY 101","BASILONE RD",31.00,N,N,C,-,N,,,,,,,,,,Y,3,0,1,1,A,-,01,23152,A,M,E,I,A,B,H,-,A,D,0,,,,,Y,Y,A,01,0,1,0,0,0,0,0,0,0,"- ","- ",33.230400000000003,-117.34999999999999,"SAN DIEGO",UNINCORPORATED,-117.5834826,33.384869000000002
6232859,2013,2014-04-26,9650,2013-10-05,1615,013452,,6,2,5,3713,0,1,3,,2,017,"RT 78","SYCAMORE AV",391.00,E,N,A,-,Y,SD,11,78,-,-,9.233,R,2,W,Y,3,0,1,1,A,-,01,23152,A,N,E,I,A,A,H,-,A,D,1,,,,,Y,Y,A,01,0,1,0,0,0,0,0,0,0,TO,"- ",,,"SAN DIEGO",VISTA,-117.2122219,33.164234800000003