CASE_ID,ACCIDENT_YEAR,PROC_DATE,JURIS,COLLISION_DATE,COLLISION_TIME,OFFICER_ID,REPORTING_DISTRICT,DAY_OF_WEEK,CHP_SHIFT,POPULATION,CNTY_CITY_LOC,SPECIAL_COND,BEAT_TYPE,CHP_BEAT_TYPE,CITY_DIVISION_LAPD,CHP_BEAT_CLASS,BEAT_NUMBER,PRIMARY_RD,SECONDARY_RD,DISTANCE,DIRECTION,INTERSECTION,WEATHER_1,WEATHER_2,STATE_HWY_IND,CALTRANS_COUNTY,CALTRANS_DISTRICT,STATE_ROUTE,ROUTE_SUFFIX,POSTMILE_PREFIX,POSTMILE,LOCATION_TYPE,RAMP_INTERSECTION,SIDE_OF_HWY,TOW_AWAY,COLLISION_SEVERITY,NUMBER_KILLED,NUMBER_INJURED,PARTY_COUNT,PRIMARY_COLL_FACTOR,PCF_CODE_OF_VIOL,PCF_VIOL_CATEGORY,PCF_VIOLATION,PCF_VIOL_SUBSECTION,HIT_AND_RUN,TYPE_OF_COLLISION,MVIW,PED_ACTION,ROAD_SURFACE,ROAD_COND_1,ROAD_COND_2,LIGHTING,CONTROL_DEVICE,CHP_ROAD_TYPE,PEDESTRIAN_ACCIDENT,BICYCLE_ACCIDENT,MOTORCYCLE_ACCIDENT,TRUCK_ACCIDENT,NOT_PRIVATE_PROPERTY,ALCOHOL_INVOLVED,STWD_VEHTYPE_AT_FAULT,CHP_VEHTYPE_AT_FAULT,COUNT_SEVERE_INJ,COUNT_VISIBLE_INJ,COUNT_COMPLAINT_PAIN,COUNT_PED_KILLED,COUNT_PED_INJURED,COUNT_BICYCLIST_KILLED,COUNT_BICYCLIST_INJURED,COUNT_MC_KILLED,COUNT_MC_INJURED,PRIMARY_RAMP,SECONDARY_RAMP,LATITUDE,LONGITUDE,COUNTY,CITY,POINT_X,POINT_Y
6313865,2013,2014-05-17,3702,2013-11-09,0125,CV0968,,6,5,6,3702,0,0,0,,0,013,"H ST","4TH AV",30.00,E,N,E,-,N,,,,,,,,,,Y,3,0,1,1,A,-,01,23152,A,N,E,I,A,A,H,-,C,A,0,,,,,Y,Y,A,07,0,1,0,0,0,0,0,0,0,"- ","- ",,,"SAN DIEGO","CHULA VISTA",-117.0812098,32.633260900000003
6313869,2013,2014-05-17,3702,2013-11-03,0630,CV1042,,7,5,6,3702,0,0,0,,0,032,"HUNTE PKWY","EASTLAKE PKWY",0.00,,Y,A,-,N,,,,,,,,,,Y,4,0,1,1,A,-,03,22350,,M,E,I,A,B,H,-,A,A,0,,,,,Y,Y,A,01,0,0,1,0,0,0,0,0,0,"- ","- ",,,"SAN DIEGO","CHULA VISTA",-116.95934990000001,32.613360049999997
6314746,2013,2014-05-30,9680,2013-12-17,1950,18268,,2,2,9,3700,0,1,3,,1,024,"RT 94","HONEY SPRINGS RD",5808.00,W,N,A,-,Y,SD,11,94,-,-,23.410,H,-,E,Y,2,0,2,2,A,-,01,23152,A,N,A,C,A,A,H,-,D,D,0,,,,,Y,Y,D,22,2,0,0,0,0,0,0,0,0,"- ","- ",36.678829999999998,-116.83992000000001,"SAN DIEGO",UNINCORPORATED,-116.8400013,32.678948699999999
6314751,2013,2014-05-28,9680,2013-12-29,0635,19418,,7,1,9,3700,0,2,4,,1,026,"BANCROFT DR","HELIX ST",528.00,S,N,A,-,N,,,,,,,,,,Y,4,0,2,2,A,-,08,22107,,N,B,C,A,A,H,-,B,D,0,,,,,Y,Y,A,01,0,0,2,0,0,0,0,0,0,"- ","- ",32.747929999999997,-117.00244000000001,"SAN DIEGO",UNINCORPORATED,-117.00235480000001,32.748019200000002
6314779,2013,2014-05-30,9680,2013-12-24,0110,17224,,2,3,9,3700,0,3,5,,2,001,"RIVERVIEW AV","LEMON CREST DR",575.00,S,N,A,-,N,,,,,,,,,,Y,3,0,6,1,A,-,01,23152,A,N,F,A,A,A,H,-,D,D,0,,,,,Y,Y,D,22,0,6,0,0,0,0,0,0,0,"- ","- ",32.848599999999998,-116.9357,"SAN DIEGO",UNINCORPORATED,-116.93533290000001,32.847844000000002
6314808,2013,2014-05-28,3700,2013-11-04,1830,SH7236,,1,5,5,3781,0,0,0,,0,518,"FANITA DR","PROSPECT AV",288.00,N,N,A,-,N,,,,,,,,,,Y,4,0,1,1,A,-,08,22107,,N,E,I,A,A,H,-,C,D,0,,,,,Y,Y,A,01,0,0,1,0,0,0,0,0,0,"- ","- ",,,"SAN DIEGO",SANTEE,-117.00073740000001,32.834613500000003
6314840,2013,2014-05-28,3700,2013-11-28,2333,SH7477,,4,5,5,3781,0,0,0,,0,515,"MISSION GORGE RD","RT 125",0.00,,Y,A,-,Y,SD,11,125,-,-,22.301,I,5,N,N,3,0,1,1,A,-,01,23152,A,N,E,I,A,A,H,-,C,A,0,,,,,Y,Y,A,01,0,1,0,0,0,0,0,0,0,"- ","- ",,,"SAN DIEGO",SANTEE,-117.0031018,32.8386748
6314852,2013,2014-05-28,3700,2013-11-28,1255,SH3098,,4,5,5,3781,0,0,0,,0,515,"MESA RD","GRAHAM TER",10.00,S,N,A,-,N,,,,,,,,,,Y,4,0,1,2,A,-,09,21800,B,F,H,G,A,A,H,-,A,D,0,,Y,,,Y,Y,L,04,0,0,1,0,0,0,1,0,0,"- ","- ",,,"SAN DIEGO",SANTEE,-117.0138213,32.834642899999999
6314911,2013,2014-05-29,9680,2013-12-19,1455,18356,,4,2,9,3700,0,2,4,,1,029,"CAMPO RD","HOLLYHOCK LN",528.00,E,N,B,C,N,,,,,,,,,,Y,2,0,1,2,A,-,08,22107,,N,C,G,A,B,H,-,A,D,0,,Y,,,Y,Y,A,07,1,0,0,0,0,0,1,0,0,"- ","- ",32.749409999999997,-116.99548,"SAN DIEGO",UNINCORPORATED,-116.99545860000001,32.749550599999999
6314918,2013,2014-05-29,9680,2013-12-25,0340,15733,,3,3,9,3700,0,3,5,,2,001,"BRADLEY AV","RT 67",40.00,W,N,A,-,Y,SD,11,67,-,R,1.247,R,4,S,Y,3,0,1,1,A,-,01,23152,A,M,E,I,A,A,H,-,C,A,1,,,,,Y,Y,A,01,0,1,0,0,0,0,0,0,0,"- ",FR,32.818989999999999,-116.96126,"SAN DIEGO",UNINCORPORATED,-116.9610618,32.822234799999997
6314947,2013,2014-05-29,9680,2013-12-22,0115,19822,,7,3,5,3708,0,1,1,,2,081,"RT 8","BALTIMORE DR",1360.00,W,N,A,-,Y,SD,11,8,-,-,10.520,H,-,W,Y,2,0,1,1,A,-,01,23152,A,N,E,I,A,A,H,-,C,D,1,,,,,Y,Y,A,01,1,0,0,0,0,0,0,0,0,"- ","- ",32.773879999999998,-117.03567,"SAN DIEGO","LA MESA",-117.03324739999999,32.7740948
6315848,2013,2014-05-30,9645,2013-12-13,1714,13033,,5,2,7,3711,0,1,1,,2,017,"RT 15","MIRAMAR WY",303.00,S,N,B,-,Y,SD,11,15,-,M,13.010,H,-,N,Y,4,0,1,4,A,-,03,22350,,M,C,C,A,A,H,-,D,D,1,,,,,Y,Y,A,01,0,0,1,0,0,0,0,0,0,"- ","- ",32.884700000000002,-117.11021,"SAN DIEGO","SAN DIEGO",-117.10687179999999,32.874214799999997
6315860,2013,2014-05-30,9645,2013-12-07,0430,018149,,6,3,7,3711,0,1,3,,2,023,"RT 805","AERO DR",170.00,S,N,A,-,Y,SD,11,163,-,-,6.848,R,2,N,Y,3,0,1,1,A,-,01,23152,A,N,E,I,A,A,H,-,D,D,1,,,,,Y,Y,A,01,0,1,0,0,0,0,0,0,0,FR,"- ",32.810299999999998,-117.15338,"SAN DIEGO","SAN DIEGO",-117.1541118,32.804804799999999
6316181,2014,2016-02-17,9645,2014-01-01,0325,15046,,3,3,7,3711,0,1,1,,2,021,"RT 15","ORANGE AV",100.00,S,N,A,-,Y,SD,11,15,-,M,4.890,H,-,N,Y,4,0,1,1,A,-,01,23152,A,N,-,-,A,A,H,-,C,D,1,,,,,Y,Y,D,22,0,0,1,0,0,0,0,0,0,"- ","- ",32.750660000000003,-117.10877000000001,"SAN DIEGO","SAN DIEGO",-117.10860253,32.753174809999997
6316389,2013,2014-05-27,3705,2013-12-01,2203,EX0322,,7,5,5,3705,0,0,0,,0,007,GREENFIELD,TUSCON,0.00,,Y,A,-,N,,,,,,,,,,Y,2,0,1,1,A,-,01,23152,A,N,E,I,A,A,H,-,C,D,0,,,,,Y,Y,D,22,1,0,0,0,0,0,0,0,0,"- ","- ",,,"SAN DIEGO","EL CAJON",-116.9271619,32.811254900000002
6316834,2013,2014-05-30,3711,2013-12-26,0202,6817,SANDI,4,5,7,3711,0,0,0,,0,451,"55TH ST","STREAMVIEW DR",150.00,S,N,A,-,N,,,,,,,,,,Y,4,0,1,2,A,-,08,22107,,N,B,E,A,A,H,-,D,D,0,,,,,Y,Y,-,"- ",0,0,1,0,0,0,0,0,0,"- ","- ",,,"SAN DIEGO","SAN DIEGO",-117.077237,32.742273900000001
6316846,2013,2014-05-30,3711,2013-12-24,0512,6774,SANDI,2,5,7,3711,0,0,0,,0,621,"LINDA VISTA RD","VIA LAS CUMBRES",124.00,E,N,A,-,N,,,,,,,,,,Y,3,0,1,1,A,-,03,22350,,N,D,I,A,A,H,-,D,D,0,,,,,Y,Y,-,"- ",0,1,0,0,0,0,0,0,0,"- ","- ",,,"SAN DIEGO","SAN DIEGO",-117.1802771,32.771835199999998
6316894,2013,2014-06-17,3710,2013-12-20,1845,OC1355,,5,5,6,3710,0,0,0,,0,022,COLLEGE,"VIA CUPENO",547.00,N,N,A,-,N,,,,,,,,,,N,3,0,1,2,A,-,11,21955,,N,G,B,D,A,H,-,C,D,0,Y,,,,Y,Y,N,60,0,1,0,0,1,0,0,0,0,"- ","- ",,,"SAN DIEGO",OCEANSIDE,-117.2925309,33.247998799999998
6316907,2013,2014-05-30,3711,2013-12-21,2258,5916,,6,5,7,3711,0,0,0,,0,121,"MISSION BL","LIDO CT",21.00,,N,A,-,N,,,,,,,,,,Y,3,0,1,5,A,-,08,22107,,N,B,E,A,A,H,-,D,D,0,,,,,Y,Y,A,01,0,1,0,0,0,0,0,0,0,"- ","- ",,,"SAN DIEGO","SAN DIEGO",-117.25253552,32.776714210000002
6316911,2013,2014-05-30,3711,2013-12-25,1755,6971,MC,3,5,7,3711,0,0,0,,0,813,"33RD ST","MYRTLE AV",24.00,W,N,A,-,Y,,,,,,,,,,N,3,0,1,2,A,-,12,22450,A,N,D,G,A,A,H,-,C,D,0,,Y,,,Y,Y,L,04,0,1,0,0,0,0,1,0,0,"- ","- ",,,"SAN DIEGO","SAN DIEGO",-117.12284267,32.741895159999999
6316996,2013,2014-05-30,9650,2013-12-02,1632,016490,,1,2,9,3700,0,3,5,,1,212,"LILAC RD","OLD CASTLE RD",720.00,S,N,A,-,N,,,,,,,,,,Y,2,0,1,1,A,-,01,23152,A,N,E,I,A,A,H,-,B,D,0,,,,,Y,Y,A,01,1,0,0,0,0,0,0,0,0,"- ","- ",33.255319999999998,-117.06645,"SAN DIEGO",UNINCORPORATED,-117.066489,33.255265000000001
6317149,2013,2014-05-30,9650,2013-12-08,1730,17743,,7,2,5,3701,0,1,1,,2,005,"RT 5","PALOMAR AIRPORT RD",3696.00,S,N,A,-,Y,SD,11,5,-,R,46.330,H,-,N,Y,4,0,1,3,A,-,01,23152,A,N,C,C,A,A,H,-,C,D,1,,,,,Y,Y,A,01,0,0,1,0,0,0,0,0,0,"- ","- ",33.112789999999997,-117.31581,"SAN DIEGO",CARLSBAD,-117.31674099999999,33.113653200000002
6317165,2013,2014-05-30,9650,2013-12-20,0200,19126,,5,3,5,3712,0,1,3,,2,019,"RT 78","SAN MARCOS  BL",528.00,E,N,A,-,Y,SD,11,78,-,-,12.280,H,-,W,Y,3,0,1,1,A,-,08,22107,,N,E,I,A,B,H,-,D,D,1,,,,,Y,Y,A,01,0,1,0,0,0,0,0,0,0,"- ","- ",33.13738,-117.17434,"SAN DIEGO","SAN MARCOS",-117.1720255,33.136767800000001
6317193,2013,2014-05-30,9650,2013-12-12,1830,14772,,4,2,9,3700,0,3,5,,2,006,"LIVE OAK PARK RD","ALVARADO ST",528.00,N,N,A,-,N,,,,,,,,,,Y,3,0,1,1,A,-,01,23152,A,N,E,I,A,A,H,-,D,D,0,,,,,Y,Y,A,01,0,1,0,0,0,0,0,0,0,"- ","- ",33.381270000000001,-117.20911,"SAN DIEGO",UNINCORPORATED,-117.20892259999999,33.380928599999997
6317197,2013,2014-05-29,9650,2013-12-08,0400,18675,,7,3,9,3700,0,3,5,,2,211,"LILAC RD","OLD CASTLE RD",3168.00,N,N,A,-,N,,,,,,,,,,Y,2,0,1,1,A,-,08,22107,,F,E,I,A,A,H,-,D,D,0,,,,,Y,Y,A,01,1,0,0,0,0,0,0,0,0,"- ","- ",33.263089999999998,-117.07559000000001,"SAN DIEGO",UNINCORPORATED,-117.0607029,33.250655600000002
6317215,2013,2014-05-30,3711,2013-12-12,1539,7053,,4,5,7,3711,0,0,0,,0,614,"EBERS ST","POINT LOMA BL",22.00,S,N,A,-,N,,,,,,,,,,N,4,0,1,2,A,-,11,21954,A,N,G,B,D,A,H,-,A,D,0,Y,,,,Y,Y,N,60,0,0,1,0,1,0,0,0,0,"- ","- ",,,"SAN DIEGO","SAN DIEGO",-117.2400517,32.750524800000001
6317271,2013,2014-05-30,3711,2013-12-14,1743,7021,,6,5,7,3711,0,0,0,,0,441,"S 45TH ST","S 45TH ST 900",21.00,N,N,A,-,N,,,,,,,,,,N,3,0,1,2,A,-,10,21954,B,N,G,B,E,A,H,-,C,D,0,Y,,,,Y,Y,-,"- ",0,1,0,0,1,0,0,0,0,"- ","- ",,,"SAN DIEGO","SAN DIEGO",,
6317375,2013,2014-04-17,3700,2013-10-19,2245,SH4791,,6,5,2,3704,0,0,0,,0,294,"CAMINO DEL MAR","11TH ST",0.00,,Y,A,-,N,,,,,,,,,,N,4,0,1,2,A,-,00,20002,A,M,C,C,A,A,H,-,C,D,0,,,,,Y,Y,A,01,0,0,1,0,0,0,0,0,0,"- ","- ",,,"SAN DIEGO","DEL MAR",-117.263822,32.955424899999997
6317379,2013,2014-04-17,3700,2013-10-11,1929,SH7718,,5,5,5,3782,0,0,0,,0,210,"LA VETA AV","EL PORTAL ST",17.00,N,N,A,-,N,,,,,,,,,,Y,4,0,1,1,C,-,18,,,N,E,I,A,A,H,-,D,D,0,,,,,Y,Y,-,"- ",0,0,1,0,0,0,0,0,0,"- ","- ",,,"SAN DIEGO",ENCINITAS,-117.29915,33.056438800000002
6317387,2013,2014-04-17,3700,2013-10-06,2018,SH3108,,7,5,5,3782,0,0,0,,0,206,"LEUCADIA BL","GARDEN VIEW RD",1200.00,W,N,A,-,N,,,,,,,,,,Y,2,0,2,1,A,-,01,23152,A,N,E,I,A,A,H,-,C,D,0,,,,,Y,Y,A,01,1,0,1,0,0,0,0,0,0,"- ","- ",,,"SAN DIEGO",ENCINITAS,-117.2715862,33.068694499999999
6317395,2013,2014-04-17,3700,2013-10-02,1345,SH3306,,3,5,5,3782,0,0,0,,0,222,"ENCINITAS BL","VIA CANTABRIA",60.00,W,N,A,-,N,,,,,,,,,,Y,4,0,1,4,A,-,01,23152,A,M,C,C,A,A,H,-,A,A,0,,,,,Y,Y,-,"- ",0,0,1,0,0,0,0,0,0,"- ","- ",,,"SAN DIEGO",ENCINITAS,-117.26708290000001,33.046100799999998
6317886,2013,2014-05-29,9680,2013-12-06,2225,019822,,5,3,9,3700,0,3,5,,2,002,"E CHASE AV","RT 54",1584.00,E,N,A,-,Y,,,,,,,,,,Y,2,0,2,2,A,-,05,21651,A,N,A,C,A,A,H,-,C,D,0,,,,,Y,Y,A,01,1,1,0,0,0,0,0,0,0,"- ","- ",32.766309999999997,-116.9238,"SAN DIEGO",UNINCORPORATED,,
6317888,2013,2014-05-29,9680,2013-12-08,1811,019836,,7,2,9,3700,0,3,5,,2,002,"LYONS VALLEY RD","JAMUL DR",1584.00,N,N,A,-,N,,,,,,,,,,N,4,0,1,2,A,-,01,23152,A,N,B,C,A,A,H,-,D,D,0,,,,,Y,Y,A,01,0,0,1,0,0,0,0,0,0,"- ","- ",32.729179999999999,-116.86441000000001,"SAN DIEGO",UNINCORPORATED,-116.8656268,32.728057499999998
6318343,2013,2014-05-23,9650,2013-12-31,2305,15276,,2,3,9,3700,0,1,1,,2,003,"RT 5","COOK ST",2640.00,N,N,E,-,Y,SD,11,5,-,R,58.870,H,-,S,Y,3,0,2,2,A,-,01,23152,A,N,C,C,A,A,H,-,D,D,1,,,,,Y,Y,A,01,0,1,1,0,0,0,0,0,0,"- ","- ",33.259749999999997,-117.42744999999999,"SAN DIEGO",UNINCORPORATED,-117.4303003,33.262700600000002
6318643,2013,2014-05-22,9650,2013-12-27,1547,014772,,5,2,5,3701,0,1,1,,2,005,"RT 5","TAMARACK AV",2112.00,S,N,A,-,Y,SD,11,5,-,R,48.780,H,-,N,Y,2,0,3,2,A,-,01,23152,A,N,E,I,A,A,H,-,A,D,1,,,,,Y,Y,A,01,1,1,1,0,0,0,0,0,0,"- ","- ",33.145330000000001,-117.3334,"SAN DIEGO",CARLSBAD,-117.33345869999999,33.1450344
6318644,2013,2014-05-22,3711,2013-12-29,2043,6553,,7,5,7,3711,0,0,0,,0,813,"WIGHTMAN ST","ALABAMA ST",83.00,E,N,A,-,N,,,,,,,,,,N,4,0,1,2,A,-,09,21801,A,N,D,C,A,A,H,-,C,D,0,,,,,Y,Y,A,01,0,0,1,0,0,0,0,0,0,"- ","- ",,,"SAN DIEGO","SAN DIEGO",-117.1419729,32.747417200000001
6318699,2013,2014-05-22,3711,2013-12-16,2151,5340,,1,5,7,3711,0,0,0,,0,441,"IMPERIAL AV","REDWORKS DR",0.00,,Y,A,-,N,,,,,,,,,,Y,3,0,2,2,A,-,12,21453,A,N,D,C,A,A,H,-,C,A,0,,,,,Y,Y,A,01,0,1,1,0,0,0,0,0,0,"- ","- ",,,"SAN DIEGO","SAN DIEGO",-117.10164964000001,32.704112649999999
6318703,2013,2014-05-22,3711,2013-12-24,2331,5051,,2,5,7,3711,0,0,0,,0,837,"GATEWAY DR","CRENSHAW ST",90.00,W,N,A,-,N,,,,,,,,,,Y,2,0,2,4,A,-,08,22107,,N,C,E,A,A,H,-,C,D,0,,,,,Y,Y,A,01,1,0,1,0,0,0,0,0,0,"- ","- ",,,"SAN DIEGO","SAN DIEGO",-117.1082818,32.7250947
6318707,2013,2014-05-22,3711,2013-12-28,0216,5393,,6,5,7,3711,0,0,0,,0,122,"MISSOURI ST","DAWES ST",121.00,W,N,B,-,N,,,,,,,,,,N,3,0,1,2,A,-,21,22106,,F,G,B,E,A,H,-,C,D,0,Y,,,,Y,Y,-,"- ",0,1,0,0,1,0,0,0,0,"- ","- ",,,"SAN DIEGO","SAN DIEGO",-117.2515418,32.801401400000003
6319140,2013,2014-06-04,9650,2013-12-06,0140,18675,,5,3,9,3700,0,1,3,,1,028,"RT 76","PANKEY RD",4752.00,E,N,A,-,Y,SD,11,76,-,-,18.770,H,-,E,Y,2,0,1,1,A,-,01,23152,A,N,E,I,A,A,H,-,D,D,0,,,,,Y,Y,A,07,1,0,0,0,0,0,0,0,0,"- ","- ",33.34102,-117.13686,"SAN DIEGO",UNINCORPORATED,-117.1314485,33.3435986
6319196,2013,2014-06-04,9650,2013-12-13,0235,15738,,5,3,6,3710,0,1,1,,2,005,"RT 5","MISSION AV",120.00,S,N,A,-,Y,SD,11,5,-,R,53.045,R,2,S,Y,3,0,1,1,A,-,01,23152,A,N,E,I,A,A,H,-,D,D,1,,,,,Y,Y,A,07,0,1,0,0,0,0,0,0,0,"- ","- ",33.199710000000003,-117.37192,"SAN DIEGO",OCEANSIDE,-117.36822189999999,33.197184800000002
6319807,2013,2014-04-24,3705,2013-10-27,0129,EC0332,,7,5,5,3705,0,0,0,,0,008,AVOCADO,"HORIZON HILLS",10.00,S,N,E,-,N,,,,,,,,,,Y,3,0,1,1,A,-,01,23152,A,N,E,I,A,B,H,-,C,D,0,,,,,Y,Y,A,01,0,1,0,0,0,0,0,0,0,"- ","- ",,,"SAN DIEGO","EL CAJON",-116.95816050000001,32.770207399999997
6320000,2013,2014-06-02,3711,2013-12-15,0102,6822,SD,7,5,7,3711,0,0,0,,0,821,"EL CAJON BL","72ND ST",200.00,W,N,B,-,Y,,,,,,,,,,Y,3,0,1,3,A,-,08,22107,,N,C,E,A,A,H,-,C,D,0,,,,,Y,Y,-,"- ",0,1,0,0,0,0,0,0,0,"- ","- ",,,"SAN DIEGO","SAN DIEGO",-117.04333990000001,32.768816999999999
6320025,2013,2014-05-30,3711,2013-12-15,1443,6032,,7,5,7,3711,0,0,0,,0,122,"GARNET AV","INGRAHAM ST",75.00,E,N,A,-,N,,,,,,,,,,Y,4,0,2,2,A,-,03,22350,,N,C,C,A,A,H,-,A,A,0,,,,,Y,Y,-,"- ",0,0,2,0,0,0,0,0,0,"- ","- ",,,"SAN DIEGO","SAN DIEGO",-117.2406362,32.799845500000004
6320045,2013,2014-05-30,3711,2013-12-18,1640,5923,,3,5,7,3711,0,0,0,,0,613,"SEA COLONY CT","VOLTAIRE ST",18.00,N,N,A,-,N,,,,,,,,,,Y,3,0,3,2,A,-,04,21703,,N,C,C,A,A,H,-,A,D,0,,,,,Y,Y,-,"- ",0,1,2,0,0,0,0,0,0,"- ","- ",,,"SAN DIEGO","SAN DIEGO",-117.2321314,32.7420768
6320062,2013,2014-06-27,3711,2013-12-18,2223,6849,,3,5,7,3711,0,0,0,,0,325,"WINDING CREEK DR","BELL BLUFF AV",0.00,,Y,A,-,N,,,,,,,,,,N,3,0,1,1,-,-,"- ",,,N,-,A,A,A,H,-,C,D,0,,Y,,,Y,Y,-,"- ",0,1,0,0,0,0,1,0,0,"- ","- ",,,"SAN DIEGO","SAN DIEGO",-117.052572,32.813844899999999
6320923,2013,2014-05-21,9680,2013-11-25,2330,17928,,1,3,9,3700,0,3,5,,2,009,"ASHLEY RD","8TH ST",161.00,S,N,A,-,N,,,,,,,,,,N,4,0,1,1,A,-,01,23152,A,N,F,A,A,A,H,-,D,D,0,,,,,Y,Y,A,01,0,0,1,0,0,0,0,0,0,"- ","- ",33.033560000000001,-116.85789,"SAN DIEGO",UNINCORPORATED,-116.85784889999999,33.0335641
6320936,2013,2014-05-21,3710,2013-11-11,1835,OC1397,,1,5,6,3710,0,0,0,,0,009,"COAST HWY",VISTA,250.00,S,N,A,-,N,,,,,,,,,,N,3,0,2,2,A,-,11,21954,A,N,G,B,D,A,H,-,C,D,0,Y,,Y,,Y,Y,N,60,0,2,0,0,1,0,0,0,1,"- ","- ",,,"SAN DIEGO",OCEANSIDE,-117.359092,33.171525299999999
6321165,2013,2014-05-29,9680,2013-12-08,1050,18356,,7,1,9,3700,0,1,3,,2,027,"RT 94","PANORAMA DR",380.00,S,N,A,-,Y,SD,11,125,-,-,13.730,H,-,N,Y,3,0,1,1,A,-,01,23152,A,N,E,I,A,A,H,-,A,A,1,,,,,Y,Y,A,01,0,1,0,0,0,0,0,0,0,TO,"- ",32.755220000000001,-117.00897999999999,"SAN DIEGO",UNINCORPORATED,-117.0076923,32.756717899999998
6321187,2013,2014-05-28,9680,2013-12-04,0302,16598,,3,3,9,3700,0,3,5,,2,001,"BROAD OAKS RD","HAWLEY RD",400.00,W,N,A,B,N,,,,,,,,,,Y,3,0,2,1,A,-,01,23152,A,N,E,I,A,B,H,-,D,D,0,,,,,Y,Y,A,01,0,2,0,0,0,0,0,0,0,"- ","- ",32.873739999999998,-116.83333,"SAN DIEGO",UNINCORPORATED,-116.8330067,32.873830599999998
6321576,2013,2014-05-29,3710,2013-12-30,1715,OC0828,,1,5,6,3710,0,0,0,,0,008,"SOUTH COAST HWY",EUCALYPTUS,0.00,,Y,A,-,N,,,,,,,,,,Y,3,0,1,3,A,-,09,21804,A,N,D,C,A,A,H,-,C,A,0,,,,,Y,Y,D,22,0,1,0,0,0,0,0,0,0,"- ","- ",,,"SAN DIEGO",OCEANSIDE,-117.37060200000001,33.185194899999999
6321745,2012,2014-01-13,9650,2012-10-07,1500,016381,,7,2,9,3700,0,3,5,,1,160,"WEST LILAC RD","RT 395",320.00,W,N,A,-,N,,,,,,,,,,Y,3,0,2,1,A,-,01,23152,A,N,E,I,A,A,H,-,A,D,0,,,,,Y,Y,A,07,0,2,0,0,0,0,0,0,0,"- ","- ",33.301099999999998,-117.1551,"SAN DIEGO",UNINCORPORATED,-117.15448318,33.301230220000001
6321999,2013,2014-06-03,3700,2013-12-14,0547,SH0742,,6,5,4,3720,0,0,0,,0,602,"VISTA AV","NORTH AV",0.00,,Y,A,-,N,,,,,,,,,,Y,3,0,1,1,A,-,01,23152,A,N,E,I,A,A,H,-,C,D,0,,,,,Y,Y,A,01,0,1,0,0,0,0,0,0,0,"- ","- ",,,"SAN DIEGO","LEMON GROVE",-117.0415019,32.744324800000001
6322673,2013,2014-05-23,3711,2013-12-31,2213,7068,MIDCI,2,5,7,3711,0,0,0,,0,826,"ALTADENA AV","EL CAJON BL",126.00,N,N,A,-,N,,,,,,,,,,N,3,0,1,1,A,-,03,22350,,N,H,-,A,A,A,-,C,D,0,,Y,,,Y,Y,L,04,0,1,0,0,0,0,1,0,0,"- ","- ",,,"SAN DIEGO","SAN DIEGO",-117.08576499999999,32.757329900000002
6322740,2013,2014-05-23,9645,2013-12-08,0039,014625,,7,3,7,3711,0,1,1,,2,015,"RT 805","BALBOA AV",50.00,S,N,B,-,Y,SD,11,805,-,-,21.730,R,2,N,Y,2,0,1,1,A,-,01,23152,A,N,E,I,A,A,H,-,C,D,1,,,,,Y,Y,A,01,1,0,0,0,0,0,0,0,0,"- ","- ",32.821550000000002,-117.16106000000001,"SAN DIEGO","SAN DIEGO",-117.1634092,32.823672199999997
6323602,2013,2014-04-30,3700,2013-11-11,0709,SH2784,,1,5,5,3782,0,0,0,,0,223,"NORTH EL CAMINO REAL","VIA MONTORO",631.00,N,N,A,-,Y,,,,,,,,,,N,2,0,1,2,C,-,18,,,N,G,B,E,A,H,-,A,D,0,Y,,,,Y,Y,-,"- ",1,0,0,0,1,0,0,0,0,"- ","- ",,,"SAN DIEGO",ENCINITAS,-117.2619093,33.054546199999997
6324305,2013,2014-04-22,3700,2013-09-15,0912,SH2497,,7,5,5,3712,0,0,0,,0,357,"TWIN OAKS VALLEY RD","RT 78",0.00,,Y,A,-,Y,SD,11,78,-,-,13.039,R,4,E,Y,3,0,1,1,A,-,01,23152,A,M,H,I,A,A,H,-,C,A,0,,,Y,,Y,Y,C,02,0,1,0,0,0,0,0,0,1,"- ",EO,,,"SAN DIEGO","SAN MARCOS",-117.1599519,33.137354799999997
6324306,2013,2014-04-22,3711,2013-09-03,0356,6044,3711,2,5,7,3711,0,0,0,,0,124,"NAUTILUS ST","NAUTILUS ST 1200",0.00,,N,A,-,N,,,,,,,,,,Y,3,0,1,1,A,-,08,22107,,N,E,I,A,A,H,-,C,A,0,,,,,Y,Y,-,"- ",0,1,0,0,0,0,0,0,0,"- ","- ",,,"SAN DIEGO","SAN DIEGO",-117.26666093,32.83133634
6324377,2013,2014-05-22,9645,2013-12-01,2000,13784,,7,2,6,3702,0,1,1,,2,009,"RT 805","BONITA RD",73.00,N,N,A,-,Y,SD,11,805,-,-,8.035,R,2,S,Y,3,0,1,2,A,-,01,23152,A,M,E,I,A,A,H,-,C,A,1,,,,,Y,Y,A,01,0,1,0,0,0,0,0,0,0,"- ","- ",32.648490000000002,-117.06309,"SAN DIEGO","CHULA VISTA",-117.0663318,32.650244800000003
6326628,2013,2014-05-19,3700,2013-11-08,0040,SH7152,,5,5,5,3712,0,0,0,,0,359,"WEST SAN MARCOS BL","VIA VERA CRUZ",130.00,S,N,A,-,Y,,,,,,,,,,N,4,0,1,2,A,-,01,23152,A,N,C,E,A,A,H,-,C,D,0,,,,,Y,Y,A,01,0,0,1,0,0,0,0,0,0,"- ","- ",,,"SAN DIEGO","SAN MARCOS",-117.1884259,33.1347284