CASE_ID,ACCIDENT_YEAR,PROC_DATE,JURIS,COLLISION_DATE,COLLISION_TIME,OFFICER_ID,REPORTING_DISTRICT,DAY_OF_WEEK,CHP_SHIFT,POPULATION,CNTY_CITY_LOC,SPECIAL_COND,BEAT_TYPE,CHP_BEAT_TYPE,CITY_DIVISION_LAPD,CHP_BEAT_CLASS,BEAT_NUMBER,PRIMARY_RD,SECONDARY_RD,DISTANCE,DIRECTION,INTERSECTION,WEATHER_1,WEATHER_2,STATE_HWY_IND,CALTRANS_COUNTY,CALTRANS_DISTRICT,STATE_ROUTE,ROUTE_SUFFIX,POSTMILE_PREFIX,POSTMILE,LOCATION_TYPE,RAMP_INTERSECTION,SIDE_OF_HWY,TOW_AWAY,COLLISION_SEVERITY,NUMBER_KILLED,NUMBER_INJURED,PARTY_COUNT,PRIMARY_COLL_FACTOR,PCF_CODE_OF_VIOL,PCF_VIOL_CATEGORY,PCF_VIOLATION,PCF_VIOL_SUBSECTION,HIT_AND_RUN,TYPE_OF_COLLISION,MVIW,PED_ACTION,ROAD_SURFACE,ROAD_COND_1,ROAD_COND_2,LIGHTING,CONTROL_DEVICE,CHP_ROAD_TYPE,PEDESTRIAN_ACCIDENT,BICYCLE_ACCIDENT,MOTORCYCLE_ACCIDENT,TRUCK_ACCIDENT,NOT_PRIVATE_PROPERTY,ALCOHOL_INVOLVED,STWD_VEHTYPE_AT_FAULT,CHP_VEHTYPE_AT_FAULT,COUNT_SEVERE_INJ,COUNT_VISIBLE_INJ,COUNT_COMPLAINT_PAIN,COUNT_PED_KILLED,COUNT_PED_INJURED,COUNT_BICYCLIST_KILLED,COUNT_BICYCLIST_INJURED,COUNT_MC_KILLED,COUNT_MC_INJURED,PRIMARY_RAMP,SECONDARY_RAMP,LATITUDE,LONGITUDE,COUNTY,CITY,POINT_X,POINT_Y
6472664,2014,2014-07-10,3710,2014-04-18,2338,OC1351,,5,5,6,3710,0,0,0,,0,016,"LOS ARBOLITOS","PEACH TREE",162.00,S,N,A,-,N,,,,,,,,,,Y,4,0,1,2,A,-,08,22103,,N,B,C,A,A,H,-,C,D,0,,,Y,,Y,Y,D,22,0,0,1,0,0,0,0,0,1,"- ","- ",,,"SAN DIEGO",OCEANSIDE,-117.33760384999999,33.232536449999998
6473613,2014,2016-03-28,9645,2014-04-18,2052,014625,,5,2,7,3711,0,1,1,,2,013,"RT 805","MURRAY RIDGE RD",1584.00,S,N,A,-,Y,SD,11,805,-,-,18.550,H,-,S,Y,2,0,1,2,A,-,01,23152,A,N,B,C,A,A,H,-,C,D,1,,,,,Y,Y,A,01,1,0,0,0,0,0,0,0,0,"- ","- ",32.782490000000003,-117.1413,"SAN DIEGO","SAN DIEGO",-117.14097537000001,32.782621749999997
6476148,2014,2016-03-26,9680,2014-05-03,2358,020020,,6,3,9,3700,0,1,3,,2,016,"RT 67","BRADLEY AV",0.00,,N,A,-,Y,SD,11,67,-,R,1.100,H,-,N,Y,3,0,1,1,A,-,01,23152,A,N,E,I,A,A,H,-,D,D,1,,,,,Y,Y,D,22,0,1,0,0,0,0,0,0,0,"- ","- ",32.81908,-116.96022000000001,"SAN DIEGO",UNINCORPORATED,-116.96048786999999,32.818880780000001
6476580,2014,2014-07-11,9645,2014-04-19,1955,17678,,6,2,9,3700,0,3,5,,2,018,"GROVE ST","LINCOLN CT",440.00,W,N,A,-,N,,,,,,,,,,Y,3,0,1,4,A,-,01,23152,A,N,C,C,A,A,H,-,C,D,0,,,,,Y,Y,A,01,0,1,0,0,0,0,0,0,0,"- ","- ",32.665210000000002,-117.08207,"SAN DIEGO",UNINCORPORATED,-117.08252,32.664610000000003
6476979,2014,2014-07-11,3711,2014-04-28,0320,AMATO,SANDI,1,5,7,3711,0,0,0,,0,627,WASHINGTON,"FRONT ST",36.00,E,N,A,-,N,,,,,,,,,,N,3,0,1,2,D,-,00,,,M,G,B,-,A,H,-,C,-,0,Y,,,,Y,Y,-,"- ",0,1,0,0,1,0,0,0,0,"- ","- ",,,"SAN DIEGO","SAN DIEGO",-117.1648833,32.74983108
6477049,2014,2014-07-11,9680,2014-04-24,2125,020249,,4,2,9,3700,0,3,5,,2,009,"D ST","6TH ST",95.00,W,N,A,-,N,,,,,,,,,,N,3,0,1,1,A,-,01,21200,5,N,F,A,A,A,H,-,D,D,0,,Y,,,Y,Y,L,04,0,1,0,0,0,0,1,0,0,"- ","- ",33.042769999999997,-116.86490999999999,"SAN DIEGO",UNINCORPORATED,-117.55910715,33.423281969999998
6477460,2014,2014-07-24,9680,2014-04-26,0200,19936,,6,3,9,3700,0,3,5,,2,002,BROADWAY,"FAIRWAY DR",235.00,W,N,C,-,N,,,,,,,,,,Y,2,0,1,1,A,-,01,23152,A,N,F,A,A,B,H,-,C,A,0,,,Y,,Y,Y,C,02,1,0,0,0,0,0,0,0,1,"- ","- ",32.750790000000002,-117.01318999999999,"SAN DIEGO",UNINCORPORATED,-117.01315741000001,32.750812150000002
6479684,2014,2016-03-30,9650,2014-04-14,0225,19126,,1,3,9,3700,0,1,3,,2,065,"RT 76","GIRD RD",1056.00,E,N,A,-,Y,SD,11,76,-,-,14.900,H,-,W,Y,2,0,1,2,A,-,03,22350,,N,D,C,A,A,H,-,D,D,0,,,Y,,Y,Y,C,02,1,0,0,0,0,0,0,0,1,"- ","- ",33.314459999999997,-117.19121,"SAN DIEGO",UNINCORPORATED,-117.19191087,33.31467876
6479840,2014,2014-07-24,3711,2014-05-03,0051,5985,,6,5,7,3711,0,0,0,,0,511,"MAIN ST","UNA ST",166.00,W,N,A,-,N,,,,,,,,,,Y,4,0,1,3,A,-,08,22107,,N,C,E,A,A,H,-,C,D,0,,,,,Y,Y,A,01,0,0,1,0,0,0,0,0,0,"- ","- ",,,"SAN DIEGO","SAN DIEGO",-117.11744640000001,32.686937700000001
6479962,2014,2014-07-24,3711,2014-05-03,2227,5916,,6,5,7,3711,0,0,0,,0,122,"GARNET AV","HAINES ST",116.00,W,N,A,-,N,,,,,,,,,,N,3,0,1,2,A,-,11,21954,A,N,G,B,D,A,H,-,C,D,0,Y,,,,Y,Y,N,60,0,1,0,0,1,0,0,0,0,"- ","- ",,,"SAN DIEGO","SAN DIEGO",-117.24307097000001,32.799300260000003
6480184,2014,2014-07-24,3711,2014-04-26,2328,5259,,6,5,7,3711,0,0,0,,0,324,"LAKE CAYUGA DR","LAKE KATHLEEN",314.00,W,N,A,-,N,,,,,,,,,,Y,3,0,1,1,A,-,08,22107,,N,A,I,A,A,H,-,C,D,0,,,Y,,Y,Y,C,06,0,1,0,0,0,0,0,0,1,"- ","- ",,,"SAN DIEGO","SAN DIEGO",-117.02393361,32.799343229999998
6480187,2014,2014-07-24,3711,2014-04-13,0157,5985,,7,5,7,3711,0,0,0,,0,528,"KETTNER BL","HAWTHORN ST",33.00,S,N,A,-,N,,,,,,,,,,N,2,0,1,2,A,-,11,21955,,F,G,B,D,A,H,-,C,D,0,Y,,,,Y,Y,N,60,1,0,0,0,1,0,0,0,0,"- ","- ",,,"SAN DIEGO","SAN DIEGO",-117.17024347,32.726055039999999
6480190,2014,2014-07-23,3711,2014-04-25,1948,5198,,5,5,7,3711,0,0,0,,0,243,"MIRAMAR RD","CAMINO RUIZ",1036.00,W,N,B,-,N,,,,,,,,,,Y,3,0,1,2,A,-,09,21804,A,N,D,C,A,A,H,-,D,D,0,,,,,Y,Y,A,01,0,1,0,0,0,0,0,0,0,"- ","- ",,,"SAN DIEGO","SAN DIEGO",-117.13697456,32.893121170000001
6480241,2014,2014-07-31,3711,2014-04-27,0022,5916,,7,5,7,3711,0,0,0,,0,123,"EAST MISSION BAY DR","FIESTA ISLAND ENT",2112.00,N,N,B,-,N,,,,,,,,,,Y,3,0,1,2,A,-,08,22107,,N,C,E,A,A,H,-,C,D,0,,,,,Y,Y,D,22,0,1,0,0,0,0,0,0,0,"- ","- ",,,"SAN DIEGO","SAN DIEGO",-117.20846979,32.77405444
6480242,2014,2014-07-31,3711,2014-04-01,2305,5972,,2,5,7,3711,0,0,0,,0,122,"GARNET AV","FOG ST",326.00,E,N,B,-,N,,,,,,,,,,Y,2,0,3,2,A,-,04,21703,,N,C,C,A,A,H,-,C,D,0,,,,,Y,Y,D,22,1,0,2,0,0,0,0,0,0,"- ","- ",,,"SAN DIEGO","SAN DIEGO",-117.22532001,32.803843100000002
6480250,2014,2014-07-30,3711,2014-04-16,0130,7086,,3,5,7,3711,0,0,0,,0,121,"MISSION BL","MISSION BL 4100",0.00,E,N,A,-,N,,,,,,,,,,N,3,0,1,1,A,-,08,22107,,N,H,J,A,A,H,-,C,D,0,,Y,,,Y,Y,L,04,0,1,0,0,0,0,1,0,0,"- ","- ",,,"SAN DIEGO","SAN DIEGO",,
6481693,2014,2016-02-06,9645,2014-05-01,1655,16864,,4,2,7,3711,0,1,1,,2,007,"RT 5","NOBEL DR",1584.00,S,N,A,-,Y,SD,11,5,-,R,27.860,H,-,S,Y,4,0,1,2,A,-,03,22350,,N,C,C,A,A,H,-,A,D,1,,,,,Y,Y,A,01,0,0,1,0,0,0,0,0,0,"- ","- ",32.863900000000001,-117.23027999999999,"SAN DIEGO","SAN DIEGO",-117.23016057,32.863837220000001
6481705,2014,2016-03-26,9645,2014-04-29,1620,16864,,2,2,7,3711,0,1,1,,2,021,"RT 15","OCEAN VIEW BL",20.00,N,N,A,-,Y,SD,11,15,-,R,0.666,R,3,S,Y,3,0,1,1,A,-,01,23152,A,M,F,A,A,A,H,-,A,A,1,,,,,Y,Y,D,22,0,1,0,0,0,0,0,0,0,FR,"- ",,,"SAN DIEGO","SAN DIEGO",-117.12079889,32.702158760000003
6481709,2014,2016-03-26,9645,2014-05-02,1535,019054,,5,2,7,3711,0,1,1,,2,010,"RT 8","RT 5",110.00,W,N,A,-,Y,SD,11,8,-,L,2.340,H,-,E,Y,3,0,1,3,A,-,01,23152,A,N,B,C,A,A,H,-,A,D,1,,,Y,,Y,Y,C,02,0,1,0,0,0,0,0,0,1,"- ","- ",32.759129999999999,-117.2041,"SAN DIEGO","SAN DIEGO",-117.20466512,32.759127319999997
6482106,2014,2014-07-31,3711,2014-05-12,2357,3792,3711,1,5,7,3711,0,0,0,,0,436,"BENSON AV","WELLING WY",110.00,W,N,A,-,N,,,,,,,,,,Y,4,0,1,1,A,-,08,22107,,N,A,I,A,A,H,-,C,D,0,,,,,Y,Y,D,22,0,0,1,0,0,0,0,0,0,"- ","- ",,,"SAN DIEGO","SAN DIEGO",-117.04647623,32.704612169999997
6482835,2014,2016-03-28,9645,2014-04-29,2358,016138,,2,3,7,3711,0,1,3,,2,025,"RT 163","KEARNY VILLA RD",169.00,W,N,A,-,Y,SD,11,163,-,R,10.504,R,2,N,Y,2,0,1,1,A,-,01,23152,A,N,F,A,A,A,H,-,D,D,1,,,,,Y,Y,A,01,1,0,0,0,0,0,0,0,0,"- ","- ",32.854210000000002,-117.11977,"SAN DIEGO","SAN DIEGO",-117.12349952,32.852134229999997
6482839,2014,2016-03-28,9645,2014-04-26,0100,018871,,6,3,7,3711,0,1,3,,2,023,"RT 163","WASHINGTON ST",460.00,N,N,B,C,Y,SD,11,163,-,-,2.840,H,-,N,Y,4,0,1,1,A,-,01,23152,A,N,E,I,A,B,H,-,D,D,1,,,,,Y,Y,A,01,0,0,1,0,0,0,0,0,0,"- ","- ",32.751640000000002,-117.15577,"SAN DIEGO","SAN DIEGO",-117.1558459,32.751722770000001
6483029,2014,2014-07-17,9645,2014-04-12,0345,018871,,6,3,7,3711,0,1,A,,2,750,"OTAY MESA RD","CALIENTE AV",783.00,W,N,A,-,N,,,,,,,,,,Y,3,0,1,1,A,-,01,23152,A,N,E,I,A,A,H,-,D,D,0,,,,,Y,Y,A,01,0,1,0,0,0,0,0,0,0,"- ","- ",32.568980000000003,-117.01721999999999,"SAN DIEGO","SAN DIEGO",-117.01673242,32.568356100000003
6485601,2014,2016-03-28,9645,2014-05-09,2350,17139,,5,3,7,3711,0,1,1,,2,015,"RT 805","MIRA MESA BL",200.00,S,N,A,-,Y,SD,11,805,-,-,27.030,H,-,S,Y,3,0,1,1,A,-,01,23152,A,N,E,I,A,A,H,-,C,D,1,,,,,Y,Y,D,22,0,1,0,0,0,0,0,0,0,"- ","- ",32.890610000000002,-117.2069,"SAN DIEGO","SAN DIEGO",-117.20572837,32.889994680000001
6485637,2014,2016-03-26,9645,2014-04-27,1955,17678,,7,2,6,3702,0,1,1,,2,009,"RT 805","BONITA RD",300.00,N,N,A,-,Y,SD,11,805,-,-,7.870,H,-,N,Y,4,0,2,2,A,-,08,22107,,N,C,C,A,A,H,-,D,D,1,,,,,Y,Y,D,22,0,0,2,0,0,0,0,0,0,"- ","- ",32.648670000000003,-117.06182,"SAN DIEGO","CHULA VISTA",-117.06211407000001,32.648749760000001
6486040,2014,2014-07-23,3711,2014-05-09,1550,6978,SANDI,5,5,7,3711,0,0,0,,0,122,"GRAND AV","MORRELL ST",26.00,E,N,A,-,N,,,,,,,,,,Y,4,0,2,2,A,-,03,22350,,N,C,C,A,A,H,-,A,A,0,,,,,Y,Y,-,,0,0,2,0,0,0,0,0,0,"- ","- ",,,"SAN DIEGO","SAN DIEGO",-117.23284912,32.799570189999997
6486085,2014,2016-03-28,9645,2014-05-02,1914,019344,,5,2,5,3709,0,1,1,,2,001,"RT 5","MILE OF CARS WY",1200.00,N,N,A,-,Y,SD,11,5,-,R,10.260,H,-,S,Y,3,0,2,3,A,-,01,23152,A,F,C,C,A,A,H,-,A,D,1,,,,,Y,Y,A,01,0,1,1,0,0,0,0,0,0,"- ","- ",32.66254,-117.10917000000001,"SAN DIEGO","NATIONAL CITY",-117.10931006,32.662793059999998
6486097,2014,2016-03-28,9645,2014-05-08,0200,020515,,4,3,7,3711,0,1,3,,2,023,"RT 163","WASHINGTON ST",0.00,N,N,A,-,Y,SD,11,163,-,-,2.830,H,-,N,Y,3,0,1,1,A,-,01,23152,A,N,E,I,A,A,H,-,D,D,1,,,,,Y,Y,A,01,0,1,0,0,0,0,0,0,0,"- ","- ",32.7515,-117.15579,"SAN DIEGO","SAN DIEGO",-117.15574005000001,32.751599149999997
6486105,2014,2016-02-06,9645,2014-05-08,0130,019712,,4,3,7,3711,0,1,1,,2,007,"RT 5","CARMEL MOUNTAIN RD",400.00,S,N,A,-,Y,SD,11,5,-,R,31.730,H,-,S,Y,2,0,1,1,A,-,01,23152,A,N,E,I,A,A,H,-,E,D,1,,,,,Y,Y,A,01,1,0,0,0,0,0,0,0,0,"- ","- ",32.917740000000002,-117.23452,"SAN DIEGO","SAN DIEGO",-117.2335788,32.916970859999999
6487345,2014,2014-07-15,3706,2014-04-17,0147,ES0275,,4,5,6,3706,0,0,0,,0,054,"GRAND AV","OHIO AV",298.00,W,N,B,-,N,,,,,,,,,,Y,2,0,1,2,D,-,00,,,N,C,E,A,A,H,-,C,D,0,,,Y,,Y,Y,-,"- ",1,0,0,0,0,0,0,0,1,"- ","- ",,,"SAN DIEGO",ESCONDIDO,-117.06437212,33.127559949999998
6487349,2014,2014-07-15,3706,2014-04-27,0130,0345,ESPD,7,5,6,3706,0,0,0,,0,042,"VALLEY PKWY",BROADWAY,0.00,,Y,B,-,N,,,,,,,,,,Y,3,0,3,2,A,-,01,23153,A,N,D,C,A,A,H,-,C,A,0,,,,,Y,Y,A,01,0,3,0,0,0,0,0,0,0,"- ","- ",,,"SAN DIEGO",ESCONDIDO,-117.08195001999999,33.122670040000003
6488626,2014,2014-07-23,3710,2014-05-07,0128,OC1277,,3,5,6,3710,0,0,0,,0,011,MISSION,"SAN DIEGO",165.00,W,N,C,-,N,,,,,,,,,,Y,4,0,1,1,A,-,01,23152,A,N,E,I,A,B,H,-,C,D,0,,,,,Y,Y,-,,0,0,1,0,0,0,0,0,0,"- ","- ",,,"SAN DIEGO",OCEANSIDE,-117.36952957,33.20154522
6488628,2014,2014-07-23,3710,2014-05-01,0151,OC1177,,4,5,6,3710,0,0,0,,0,001,PACIFIC,HARBOR,0.00,,Y,A,-,N,,,,,,,,,,Y,3,0,1,1,A,-,01,23152,A,N,E,I,A,A,H,-,C,A,0,,,,,Y,Y,A,01,0,1,0,0,0,0,0,0,0,"- ","- ",,,"SAN DIEGO",OCEANSIDE,-117.30049009,33.21737006
6491478,2014,2014-07-29,3711,2014-05-15,1939,4823,SANDI,4,5,7,3711,0,0,0,,0,446,"IMPERIAL AV","47TH ST",0.00,,Y,A,-,N,,,,,,,,,,Y,3,0,2,2,A,-,12,21453,A,N,D,C,A,A,H,-,B,A,0,,,,,Y,Y,A,01,0,1,1,0,0,0,0,0,0,"- ","- ",,,"SAN DIEGO","SAN DIEGO",-117.09370011999999,32.704150040000002
6491482,2014,2014-07-29,3711,2014-05-18,1554,5046,,7,5,7,3711,0,0,0,,0,518,"28TH ST","BEECH ST",111.00,N,N,A,-,N,,,,,,,,,,N,3,0,1,2,A,-,08,22107,,N,B,E,A,A,H,-,A,D,0,,Y,,,Y,Y,L,04,0,1,0,0,0,0,1,0,0,"- ","- ",,,"SAN DIEGO","SAN DIEGO",-117.13389415,32.721654020000003
6491498,2014,2014-07-29,3711,2014-05-17,0202,6971,MC1,6,5,7,3711,0,0,0,,0,821,"EL CAJON BL","62ND ST",30.00,E,N,A,-,N,,,,,,,,,,N,4,0,1,2,A,-,11,21456,B,N,G,B,D,A,H,-,C,A,0,Y,,,,Y,Y,N,60,0,0,1,0,1,0,0,0,0,"- ","- ",,,"SAN DIEGO","SAN DIEGO",-117.06451808,32.762984279999998
6491583,2014,2014-07-30,3711,2014-05-14,2245,6968,,3,5,7,3711,0,0,0,,0,625,"OLD TOWN AV","MOORE ST",10.00,S,N,A,-,N,,,,,,,,,,N,4,0,1,1,A,-,03,22350,,N,H,A,A,A,A,-,C,A,0,,Y,,,Y,Y,L,04,0,0,1,0,0,0,1,0,0,"- ","- ",,,"SAN DIEGO","SAN DIEGO",-117.19327104,32.748104240000004
6491602,2014,2014-07-08,3700,2014-03-06,2057,SH2340,,4,5,4,3780,0,0,0,,0,416,"SCRIPPS POWAY PKWY","COMMUNITY RD",132.00,E,N,A,-,N,,,,,,,,,,Y,4,0,1,2,A,-,01,23152,A,N,C,C,A,A,H,-,C,A,0,,,,,Y,Y,A,01,0,0,1,0,0,0,0,0,0,"- ","- ",,,"SAN DIEGO",POWAY,-117.04560650000001,32.939024969999998
6491860,2014,2014-07-15,3711,2014-04-30,1630,5555,,3,5,7,3711,0,0,0,,0,431,"EUCLID AV","LISE AV",15.00,N,N,A,-,N,,,,,,,,,,N,4,0,1,2,A,-,12,22450,A,M,D,J,A,A,H,-,A,D,0,,,,,Y,Y,-,99,0,0,1,0,0,0,0,0,0,"- ","- ",,,"SAN DIEGO","SAN DIEGO",-117.08503899999999,32.713811079999999
6491870,2014,2016-02-06,9645,2014-04-05,0252,017133,,6,3,7,3711,0,1,1,,2,001,"RT 5","MAIN ST",1100.00,N,N,C,-,Y,SD,11,5,-,R,11.930,H,-,S,N,2,0,1,2,A,-,11,21954,A,F,G,B,D,B,H,-,C,D,1,Y,,,,Y,Y,N,60,1,0,0,0,1,0,0,0,0,"- ","- ",32.686819999999997,-117.11342,"SAN DIEGO","SAN DIEGO",-117.11288287000001,32.68587471
6491876,2014,2014-07-22,3711,2014-04-26,1630,6892,,6,5,7,3711,0,0,0,,0,064,"SUNSET CLIFFS BL","VOLTAIRE ST",80.00,N,N,B,-,N,,,,,,,,,,Y,4,0,1,6,A,-,04,21703,,N,C,C,A,A,H,-,A,A,0,,,,,Y,Y,-,,0,0,1,0,0,0,0,0,0,"- ","- ",,,"SAN DIEGO","SAN DIEGO",-117.24299464000001,32.750085499999997
6492248,2014,2014-07-28,9650,2014-05-11,0050,18875,,7,3,9,3700,0,3,5,,2,006,"OLD HWY 395","VIA ALTAMIRA",1393.00,N,N,A,-,N,,,,,,,,,,Y,3,0,1,2,A,-,09,21804,A,N,D,C,A,A,H,-,C,D,0,,,,,Y,Y,D,22,0,1,0,0,0,0,0,0,0,"- ","- ",33.204000000000001,-117.93899999999999,"SAN DIEGO",UNINCORPORATED,-117.16062001,33.334466190000001
6493565,2014,2016-03-28,9650,2014-05-18,1415,18321,,7,2,6,3706,0,1,3,,2,019,"RT 78","NORDAHL RD",15.00,E,N,A,-,Y,SD,11,78,-,R,15.647,R,1,W,Y,4,0,1,2,A,-,01,23152,A,N,C,C,A,A,H,-,A,D,1,,,,,Y,Y,D,22,0,0,1,0,0,0,0,0,0,WF,"- ",33.13241,-117.12066,"SAN DIEGO",ESCONDIDO,-117.11896609999999,33.131141560000003
6493747,2014,2014-07-28,3700,2014-05-25,1614,SH7146,,7,5,5,3712,0,0,0,,0,359,"WEST SAN MARCOS BL","SOUTH RANCHO SANTA FE RD",101.00,E,N,A,-,N,,,,,,,,,,Y,4,0,2,2,A,-,01,23152,A,N,D,D,A,A,H,-,A,A,0,,,,,Y,Y,D,22,0,0,2,0,0,0,0,0,0,"- ","- ",,,"SAN DIEGO","SAN MARCOS",-117.208122,33.131293919999997
6493766,2013,2014-06-02,3700,2013-12-04,0048,SH2497,,3,5,5,3712,0,0,0,,0,357,"NORTH TWIN OAKS VALLEY DR","RICHMAR AV",188.00,S,N,A,-,N,,,,,,,,,,Y,4,0,1,1,A,-,01,23152,A,N,E,I,A,A,H,-,C,D,0,,,,,Y,Y,A,01,0,0,1,0,0,0,0,0,0,"- ","- ",,,"SAN DIEGO","SAN MARCOS",-117.16268030000001,33.143599700000003
6493869,2014,2014-07-28,3710,2014-05-17,1816,OC1387,,6,5,6,3710,0,0,0,,0,036,MELROSE,"WILLOWBROOK DR",0.00,,Y,A,-,N,,,,,,,,,,N,3,0,5,2,A,-,09,21801,A,N,D,C,A,A,H,-,A,D,0,,,,Y,Y,Y,F,26,0,2,3,0,0,0,0,0,0,"- ","- ",,,"SAN DIEGO",OCEANSIDE,-117.26181011,33.235120039999998
6493875,2014,2014-07-31,3711,2014-05-20,2209,5051,,2,5,7,3711,0,0,0,,0,615,"SCOTT ST","JARVIS ST",25.00,N,N,B,-,N,,,,,,,,,,Y,4,0,1,5,A,-,08,22107,,N,C,E,A,A,H,-,C,D,0,,,,,Y,Y,A,01,0,0,1,0,0,0,0,0,0,"- ","- ",,,"SAN DIEGO","SAN DIEGO",-117.22578047,32.726824200000003
6493936,2014,2016-03-26,3711,2014-05-27,1742,5916,,2,5,7,3711,0,0,0,,0,115,"GENESEE AV","RT 52",0.00,,Y,A,-,Y,SD,11,52,-,-,2.013,R,4,W,Y,3,0,1,2,A,-,09,21801,A,N,D,C,A,A,H,-,A,D,0,,,,,Y,Y,D,23,0,1,0,0,0,0,0,0,0,"- ",WO,,,"SAN DIEGO","SAN DIEGO",-117.20779459000001,32.846475239999997
6494277,2014,2014-08-01,3711,2014-05-25,0813,5600,,7,5,7,3711,0,0,0,,0,313,"CONVOY ST","RONSON RD",18.00,N,N,A,-,N,,,,,,,,,,Y,3,0,1,2,A,-,08,22107,,N,E,I,A,A,H,-,A,A,0,,,,,Y,Y,A,07,0,1,0,0,0,0,0,0,0,"- ","- ",,,"SAN DIEGO","SAN DIEGO",-117.1532571,32.829099249999999
6495141,2014,2016-03-26,9650,2014-05-13,1550,012835,,2,2,9,3700,0,1,1,,2,001,"RT 5","SAN ONOFRE INSPECTION FACILITY",5280.00,S,N,A,-,Y,SD,11,5,-,R,66.360,H,-,S,Y,3,0,1,1,A,-,01,23152,A,N,E,I,A,A,H,-,A,D,1,,,,,Y,Y,D,22,0,1,0,0,0,0,0,0,0,"- ","- ",33.34158,-117.51000999999999,"SAN DIEGO",UNINCORPORATED,-117.51273105,33.343423909999999
6495153,2014,2016-03-30,9650,2014-05-27,0220,019308,,2,3,9,3700,0,1,3,,1,028,"RT 76","RICE CANYON RD",7392.00,E,N,A,-,Y,SD,11,76,-,-,20.790,H,-,E,Y,2,0,2,2,A,-,01,23152,A,N,A,C,A,A,H,-,D,D,0,,,,,Y,Y,A,01,1,1,0,0,0,0,0,0,0,"- ","- ",33.35033,-117.11329000000001,"SAN DIEGO",UNINCORPORATED,-117.11400587,33.350403989999997
6495158,2014,2016-02-17,9650,2014-05-21,2230,017994,,3,3,9,3700,0,1,1,,2,021,"RT 15","DEER SPRINGS RD",100.00,N,N,A,-,Y,SD,11,15,-,R,36.660,H,-,N,Y,3,0,1,2,A,-,01,23152,A,N,C,C,A,A,H,-,C,D,1,,,,Y,Y,Y,A,01,0,1,0,0,0,0,0,0,0,"- ","- ",33.198569999999997,-117.12613,"SAN DIEGO",UNINCORPORATED,-117.12577743,33.197683169999998
6495199,2014,2016-04-08,9650,2014-05-29,1835,014886,,4,2,6,3710,0,1,1,,2,005,"RT 5","RT 78",30.00,S,N,A,-,Y,SD,11,5,-,R,51.210,H,-,S,Y,2,0,1,2,A,-,01,23152,A,N,C,C,A,A,H,-,B,D,1,,,,,Y,Y,A,07,1,0,0,0,0,0,0,0,0,"- ","- ",33.176380000000002,-117.35102999999999,"SAN DIEGO",OCEANSIDE,-117.35150351999999,33.17705969
6495382,2014,2014-08-01,3711,2014-05-26,1735,4759,,1,5,7,3711,0,0,0,,0,123,"SUNSET CLIFFS BL","QUIVIRA ACCESS RD",0.00,,Y,A,-,N,,,,,,,,,,N,3,0,1,2,A,-,05,21650,1,N,D,G,A,-,H,-,A,-,0,,Y,,,Y,Y,L,04,0,1,0,0,0,0,1,0,0,"- ","- ",,,"SAN DIEGO","SAN DIEGO",,
6495475,2014,2014-07-25,3711,2014-05-03,2259,5916,,6,5,7,3711,0,0,0,,0,122,"DIAMOND ST","GRESHAM ST",105.00,E,N,A,-,N,,,,,,,,,,Y,3,0,1,8,A,-,08,22107,,N,B,E,A,A,H,-,D,D,0,,,,,Y,Y,A,01,0,1,0,0,0,0,0,0,0,"- ","- ",,,"SAN DIEGO","SAN DIEGO",-117.24505119,32.80180507
6495482,2014,2014-08-01,3711,2014-05-27,2104,5051,,2,5,7,3711,0,0,0,,0,614,"BACON ST","MUIR AV",59.00,S,N,B,-,N,,,,,,,,,,N,3,0,1,2,A,-,11,21954,A,N,G,B,D,A,H,-,D,D,0,Y,,,,Y,Y,N,60,0,1,0,0,1,0,0,0,0,"- ","- ",,,"SAN DIEGO","SAN DIEGO",-117.24724263,32.751249350000002
6495589,2014,2016-03-26,9680,2014-05-30,2330,020049,,5,3,5,3708,0,1,1,,2,081,"RT 8","SEVERIN DR",528.00,E,N,A,-,Y,SD,11,8,-,-,12.750,H,-,E,N,4,0,1,2,A,-,07,21658,A,M,B,C,A,A,H,-,C,D,1,,,,,Y,Y,A,01,0,0,1,0,0,0,0,0,0,"- ","- ",32.778880000000001,-116.99202,"SAN DIEGO","LA MESA",-116.99549569,32.779129689999998
6495867,2014,2014-08-13,3711,2014-06-09,2026,5916,,1,5,7,3711,0,0,0,,0,111,"CULLEN ST","ASHFORD ST",151.00,E,N,B,-,N,,,,,,,,,,Y,4,0,1,2,A,-,08,22107,,N,B,E,A,A,H,-,D,D,0,,,,,Y,Y,A,01,0,0,1,0,0,0,0,0,0,"- ","- ",,,"SAN DIEGO","SAN DIEGO",-117.15924131,32.803280379999997
6497072,2014,2014-08-04,3706,2014-05-17,1612,0473,ESPD,6,5,6,3706,0,0,0,,0,052,"VALLEY BL","GRAND AV",163.00,S,N,A,-,N,,,,,,,,,,N,3,0,1,2,A,-,01,23152,A,N,A,D,A,A,H,-,A,D,0,,,,,Y,Y,A,01,0,1,0,0,0,0,0,0,0,"- ","- ",,,"SAN DIEGO",ESCONDIDO,-117.07650968,33.123645240000002
6497362,2014,2014-07-21,3705,2014-04-03,1430,EC0085,,4,5,5,3705,0,0,0,,0,008,MAGNOLIA,WASHINGTON,53.00,N,N,A,-,N,,,,,,,,,,Y,2,0,3,3,A,-,01,23153,A,N,C,C,A,A,H,-,A,A,0,,,,,Y,Y,D,22,2,0,1,0,0,0,0,0,0,"- ","- ",,,"SAN DIEGO","EL CAJON",-116.9623,32.787805149999997