CASE_ID,ACCIDENT_YEAR,PROC_DATE,JURIS,COLLISION_DATE,COLLISION_TIME,OFFICER_ID,REPORTING_DISTRICT,DAY_OF_WEEK,CHP_SHIFT,POPULATION,CNTY_CITY_LOC,SPECIAL_COND,BEAT_TYPE,CHP_BEAT_TYPE,CITY_DIVISION_LAPD,CHP_BEAT_CLASS,BEAT_NUMBER,PRIMARY_RD,SECONDARY_RD,DISTANCE,DIRECTION,INTERSECTION,WEATHER_1,WEATHER_2,STATE_HWY_IND,CALTRANS_COUNTY,CALTRANS_DISTRICT,STATE_ROUTE,ROUTE_SUFFIX,POSTMILE_PREFIX,POSTMILE,LOCATION_TYPE,RAMP_INTERSECTION,SIDE_OF_HWY,TOW_AWAY,COLLISION_SEVERITY,NUMBER_KILLED,NUMBER_INJURED,PARTY_COUNT,PRIMARY_COLL_FACTOR,PCF_CODE_OF_VIOL,PCF_VIOL_CATEGORY,PCF_VIOLATION,PCF_VIOL_SUBSECTION,HIT_AND_RUN,TYPE_OF_COLLISION,MVIW,PED_ACTION,ROAD_SURFACE,ROAD_COND_1,ROAD_COND_2,LIGHTING,CONTROL_DEVICE,CHP_ROAD_TYPE,PEDESTRIAN_ACCIDENT,BICYCLE_ACCIDENT,MOTORCYCLE_ACCIDENT,TRUCK_ACCIDENT,NOT_PRIVATE_PROPERTY,ALCOHOL_INVOLVED,STWD_VEHTYPE_AT_FAULT,CHP_VEHTYPE_AT_FAULT,COUNT_SEVERE_INJ,COUNT_VISIBLE_INJ,COUNT_COMPLAINT_PAIN,COUNT_PED_KILLED,COUNT_PED_INJURED,COUNT_BICYCLIST_KILLED,COUNT_BICYCLIST_INJURED,COUNT_MC_KILLED,COUNT_MC_INJURED,PRIMARY_RAMP,SECONDARY_RAMP,LATITUDE,LONGITUDE,COUNTY,CITY,POINT_X,POINT_Y
6550346,2014,2014-08-22,3700,2014-07-02,2200,SH1847,,3,5,5,3713,0,0,0,,0,314,"UNIVERSITY DR","SYCAMORE AV",0.00,,Y,A,-,N,,,,,,,,,,N,3,0,1,2,D,-,00,,,F,G,B,B,A,H,-,C,A,0,Y,,,,Y,Y,-,"- ",0,1,0,0,1,0,0,0,0,"- ","- ",,,"SAN DIEGO",VISTA,-117.21282001,33.169750100000002
6550354,2014,2014-08-12,3700,2014-06-15,1640,SH0535,,7,5,5,3713,0,0,0,,0,303,"FOOTHILL DR","EAST VISTA WY",105.00,E,N,A,-,N,,,,,,,,,,Y,2,0,1,2,A,-,01,23152,A,N,D,C,A,A,H,-,A,D,0,,,Y,,Y,Y,C,02,1,0,0,0,0,0,0,0,1,"- ","- ",,,"SAN DIEGO",VISTA,-117.22588872,33.217261329999999
6550450,2014,2014-09-02,3700,2014-07-08,1655,SH1847,,2,5,5,3713,0,0,0,,0,311,"WEST VISTA WY","VISTA VILLAGE DR",25.00,W,N,A,-,N,,,,,,,,,,Y,4,0,1,4,A,-,08,22107,,F,A,C,A,A,H,-,A,A,0,,,,,Y,Y,A,01,0,0,1,0,0,0,0,0,0,"- ","- ",,,"SAN DIEGO",VISTA,-117.24890474,33.197562750000003
6550825,2014,2016-05-21,9645,2014-07-04,2140,020066,,5,2,7,3711,0,1,1,,2,005,"RT 5","WASHINGTON ST",1285.00,N,N,A,-,Y,SD,11,5,-,R,18.560,H,-,N,Y,3,0,1,1,A,-,01,23152,A,N,F,I,A,A,H,-,D,D,1,,,,,Y,Y,A,07,0,1,0,0,0,0,0,0,0,"- ","- ",32.744840000000003,-117.18754,"SAN DIEGO","SAN DIEGO",-117.18626532,32.744355830000003
6551724,2014,2015-04-21,3700,2014-12-20,0107,SH7146,,6,5,5,3712,0,0,0,,0,351,"WEST MISSION RD","NORTH PACIFIC ST",0.00,,Y,A,-,N,,,,,,,,,,Y,1,1,0,1,A,-,01,23152,A,N,E,I,A,A,H,-,C,A,0,,,Y,,Y,Y,C,02,0,0,0,0,0,0,0,1,0,"- ","- ",,,"SAN DIEGO","SAN MARCOS",-117.19285010999999,33.150810020000002
6552819,2014,2016-03-28,9680,2014-06-29,0355,19946,,7,3,9,3700,0,1,3,,1,040,"RT 94","OTAY LAKES RD",12672.00,E,N,A,-,Y,SD,11,94,-,-,27.070,H,-,E,Y,3,0,1,1,A,-,01,23152,A,N,E,I,A,A,H,-,D,D,0,,,,,Y,Y,A,01,0,1,0,0,0,0,0,0,0,"- ","- ",32.65296,-116.79076000000001,"SAN DIEGO",UNINCORPORATED,-116.79388088,32.654377619999998
6552843,2014,2014-08-11,3706,2014-06-26,0556,ES0374,,4,5,6,3706,0,0,0,,0,044,"N ROSE ST","N ROSE ST 1018",0.00,,N,A,-,N,,,,,,,,,,Y,3,0,1,1,A,-,01,23152,A,N,E,I,A,A,H,-,B,B,0,,,,,Y,Y,A,07,0,1,0,0,0,0,0,0,0,"- ","- ",,,"SAN DIEGO",ESCONDIDO,-117.06635892,33.143731899999999
6553273,2014,2014-08-21,9680,2014-07-05,1912,019418,,6,2,9,3700,0,2,4,,1,026,"JAMACHA RD","PRESIOCA ST",0.00,,Y,A,-,N,,,,,,,,,,Y,3,0,2,2,A,-,01,23152,A,F,D,C,A,A,H,-,A,A,0,,,,,Y,Y,A,01,0,2,0,0,0,0,0,0,0,"- ","- ",32.715000000000003,-117.00132000000001,"SAN DIEGO",UNINCORPORATED,-117.00149012,32.714860039999998
6553277,2014,2014-08-21,9680,2014-07-03,0410,019946,,4,3,9,3700,0,3,5,,2,004,"LAWSON VALLEY RD","SKYLINE TRUCK TRL",7920.00,E,N,A,-,N,,,,,,,,,,Y,3,0,1,1,A,-,"- ",,,N,E,I,A,A,H,-,D,D,0,,,,,Y,Y,A,07,0,1,0,0,0,0,0,0,0,"- ","- ",32.742939999999997,-116.81065,"SAN DIEGO",UNINCORPORATED,-116.81023964000001,32.74286025
6553854,2014,2014-08-20,3711,2014-07-09,2124,HB5372,,3,5,7,3711,0,0,0,,0,503,"HARBOR ISLAND DR","NORTH HARBOR DR",157.00,S,N,A,-,N,,,,,,,,,,N,3,0,1,2,A,-,09,21803,A,F,D,G,A,A,H,-,C,A,0,,Y,,,Y,Y,A,01,0,1,0,0,0,0,1,0,0,"- ","- ",,,"SAN DIEGO","SAN DIEGO",-117.19523232,32.728861479999999
6556777,2014,2014-08-14,3705,2014-06-03,1715,EC0282,,2,5,5,3705,0,0,0,,0,007,MOLLISON,"VALLEY VILLAGE",340.00,N,N,A,-,N,,,,,,,,,,N,4,0,1,2,A,-,05,21650,1,N,D,G,A,A,H,-,A,D,0,,Y,,,Y,Y,L,04,0,0,1,0,0,0,1,0,0,"- ","- ",,,"SAN DIEGO","EL CAJON",-116.95098609,32.81044112
6557252,2014,2016-03-26,9645,2014-06-29,0127,020165,,7,3,7,3711,0,1,3,,2,023,"RT 163","RT 8",35.00,E,N,A,-,Y,SD,11,163,-,-,3.643,R,2,N,Y,3,0,1,1,A,-,01,23152,A,N,E,I,A,A,H,-,C,D,1,,,,,Y,Y,A,07,0,1,0,0,0,0,0,0,0,TO,"- ",32.761629999999997,-117.16303000000001,"SAN DIEGO","SAN DIEGO",-117.16332246,32.761992569999997
6558540,2014,2014-08-14,3702,2014-06-10,2144,CV0736,,2,5,6,3702,0,0,0,,0,014,"H ST","SECOND AV",0.00,,Y,A,-,N,,,,,,,,,,Y,3,0,2,2,A,-,12,21453,A,F,D,C,A,A,H,-,C,A,0,,,,,Y,Y,A,07,0,1,1,0,0,0,0,0,0,"- ","- ",,,"SAN DIEGO","CHULA VISTA",-117.07312001,32.635560069999997
6558577,2014,2014-08-13,3702,2014-06-27,2045,CV1037,,5,5,6,3702,0,0,0,,0,032,"OLYMPIC PKWY","EASTLAKE PKWY",123.00,W,N,A,-,N,,,,,,,,,,Y,3,0,3,3,A,-,01,23152,A,M,C,C,A,A,H,-,C,A,0,,,,,Y,Y,A,01,0,1,2,0,0,0,0,0,0,"- ","- ",,,"SAN DIEGO","CHULA VISTA",-116.96505098,32.627887690000001
6558773,2014,2014-08-21,9650,2014-07-04,2220,020422,,5,3,9,3700,0,2,4,,1,027,"VALLEY CENTER RD","COLE GRADE RD",1320.00,E,N,A,-,N,,,,,,,,,,Y,3,0,1,1,A,-,01,23152,A,N,E,I,A,A,H,-,C,D,0,,,,,Y,Y,A,01,0,1,0,0,0,0,0,0,0,"- ","- ",33.231319999999997,-117.02115999999999,"SAN DIEGO",UNINCORPORATED,-117.02000327,33.231153939999999
6559284,2014,2014-08-29,3711,2014-07-11,0036,4576,,5,5,7,3711,0,0,0,,0,443,"40TH ST","NORDICA AV",95.00,S,N,B,-,N,,,,,,,,,,Y,2,0,2,2,A,-,05,21460,A,N,A,E,A,A,H,-,C,D,0,,,,,Y,Y,A,01,1,1,0,0,0,0,0,0,0,"- ","- ",,,"SAN DIEGO","SAN DIEGO",-117.10777,32.685519769999999
6559319,2014,2014-08-29,3706,2014-07-04,2120,0459,"SAN D",5,5,6,3706,0,0,0,,0,054,"ROSE ST",KENDRA,201.00,S,N,A,-,N,,,,,,,,,,Y,3,0,1,2,A,-,01,23152,A,N,C,E,A,A,H,-,C,D,0,,,,,Y,Y,A,07,0,1,0,0,0,0,0,0,0,"- ","- ",,,"SAN DIEGO",ESCONDIDO,-117.05110073,33.12534496
6559327,2014,2016-01-05,3706,2014-07-03,0046,ES0446,,4,5,6,3706,0,0,0,,0,046,"E MISSION AV","PITMAN ST",25.00,E,N,A,-,N,,,,,,,,,,Y,4,0,2,3,A,-,01,23152,A,N,D,C,A,A,H,-,C,D,0,,,,,Y,Y,A,01,0,0,2,0,0,0,0,0,0,"- ","- ",,,"SAN DIEGO",ESCONDIDO,-117.05231413,33.147979800000002
6559639,2014,2014-08-04,3705,2014-04-10,2123,EC0328,,4,5,5,3705,0,0,0,,0,006,"WEST MAIN ST",MARSHALL,0.00,,Y,A,-,N,,,,,,,,,,N,4,0,1,2,A,-,11,21954,A,N,G,B,D,A,H,-,C,A,0,Y,,,,Y,Y,N,60,0,0,1,0,1,0,0,0,0,"- ","- ",,,"SAN DIEGO","EL CAJON",-116.97554006999999,32.794970020000001
6560081,2014,2014-08-26,3711,2014-07-05,0058,7150,,6,5,7,3711,0,0,0,,0,122,"HAINES ST","PACIFIC BEACH DR",162.00,N,N,A,-,N,,,,,,,,,,N,3,0,1,2,A,-,08,22107,,N,C,E,A,A,H,-,C,D,0,,Y,,,Y,Y,L,04,0,1,0,0,0,0,1,0,0,"- ","- ",,,"SAN DIEGO","SAN DIEGO",-117.24105708,32.794000650000001
6560129,2014,2014-08-26,3711,2014-07-07,2036,4759,,1,5,7,3711,0,0,0,,0,122,"MISSION BL","PACIFIC BEACH DR",17.00,N,N,B,-,N,,,,,,,,,,,3,0,1,2,A,-,06,21951,,N,D,B,B,A,H,-,A,D,0,Y,,,,Y,Y,-,,0,1,0,0,1,0,0,0,0,"- ","- ",,,"SAN DIEGO","SAN DIEGO",-117.25378361,32.790985130000003
6560137,2014,2014-08-26,3711,2014-07-05,1154,7147,,6,5,7,3711,0,0,0,,0,447,"FEDERAL BL","47TH ST",66.00,E,N,A,-,N,,,,,,,,,,Y,4,0,1,2,A,-,03,22350,,N,H,E,A,A,H,-,A,D,0,,,,,Y,Y,-,,0,0,1,0,0,0,0,0,0,"- ","- ",,,"SAN DIEGO","SAN DIEGO",-117.09332612999999,32.721449999999997
6560152,2014,2014-08-25,3711,2014-07-07,2100,6877,,1,5,7,3711,0,0,0,,0,722,"CORONADO AV","SATURN BL",135.00,E,N,A,-,N,,,,,,,,,,Y,4,0,1,2,A,-,03,22350,,N,C,C,A,A,H,-,C,A,0,,,,,Y,Y,-,,0,0,1,0,0,0,0,0,0,"- ","- ",,,"SAN DIEGO","SAN DIEGO",-117.09229326000001,32.576500000000003
6560153,2014,2014-08-25,3711,2014-07-07,2128,7133,,1,5,7,3711,0,0,0,,0,511,"LOGAN AV","S EVANS ST",360.00,W,N,A,-,N,,,,,,,,,,Y,4,0,1,2,A,-,08,22107,,M,A,C,A,A,H,-,C,A,0,,,,,Y,Y,A,07,0,0,1,0,0,0,0,0,0,"- ","- ",,,"SAN DIEGO","SAN DIEGO",-117.14188951,32.699807730000003
6560174,2014,2014-08-26,3711,2014-07-05,2052,6459,,6,5,7,3711,0,0,0,,0,122,"FANUEL ST","EMERALD ST",0.00,,Y,A,-,N,,,,,,,,,,Y,4,0,1,2,A,-,12,22450,A,N,D,C,A,A,H,-,C,A,0,,,,,Y,Y,-,,0,0,1,0,0,0,0,0,0,"- ","- ",,,"SAN DIEGO","SAN DIEGO",-117.24692013000001,32.80040005
6560175,2014,2014-08-21,3711,2014-07-03,2224,4835,,4,5,7,3711,0,0,0,,0,935,"EL CAMINO REAL","VIA DE LA VALLE",755.00,S,N,A,-,N,,,,,,,,,,,3,0,2,2,A,-,05,21460,A,N,B,C,A,A,H,-,D,D,0,,,,,Y,Y,-,,0,1,1,0,0,0,0,0,0,"- ","- ",,,"SAN DIEGO","SAN DIEGO",-117.23045999999999,32.980651729999998
6560180,2014,2014-08-21,3711,2014-07-05,2030,5395,,6,5,7,3711,0,0,0,,0,627,"UNIVERSITY AV","UNIVERSITY AV 800",0.00,,N,A,-,N,,,,,,,,,,Y,4,0,2,2,A,-,03,22350,,N,C,C,A,A,H,-,C,A,0,,,,,Y,Y,-,,0,0,2,0,0,0,0,0,0,"- ","- ",,,"SAN DIEGO","SAN DIEGO",-117.15723127,32.748386330000002
6560189,2014,2014-08-21,3711,2014-07-05,0015,4821,,6,5,7,3711,0,0,0,,0,123,"MISSION BAY DR","RT 8",1584.00,N,N,A,-,N,,,,,,,,,,Y,4,0,3,2,A,-,03,22350,,N,C,C,A,A,H,-,C,D,0,,,,,Y,Y,A,01,0,0,3,0,0,0,0,0,0,"- ","- ",,,"SAN DIEGO","SAN DIEGO",-117.22756031,32.759740190000002
6563512,2014,2016-05-24,9680,2014-07-04,1830,018672,,5,2,9,3700,0,1,3,,1,052,"RT 78","RT 79",1584.00,E,N,A,-,Y,SD,11,78,-,-,51.410,H,-,W,Y,3,0,1,1,A,-,01,23152,A,N,E,I,A,A,H,-,A,D,0,,,,,Y,Y,D,22,0,1,0,0,0,0,0,0,0,"- ","- ",33.1096,-116.69944,"SAN DIEGO",UNINCORPORATED,-116.66921684,33.109320830000001
6564172,2014,2014-08-19,3711,2014-07-24,2226,5340,,4,5,7,3711,0,0,0,,0,521,"11TH AV",BROADWAY,0.00,,Y,A,-,N,,,,,,,,,,N,3,0,1,2,A,-,10,21950,A,M,G,B,B,A,H,-,C,A,0,Y,,,,Y,Y,D,22,0,1,0,0,1,0,0,0,0,"- ","- ",,,"SAN DIEGO","SAN DIEGO",-117.15473013,32.715740029999999
6564384,2014,2014-08-25,3711,2014-07-06,0300,7129,,7,5,7,3711,0,0,0,,0,615,"CANON ST","POINT LOMA AV",120.00,S,N,A,-,N,,,,,,,,,,Y,4,0,1,1,A,-,08,22107,,N,E,A,A,A,H,-,D,D,0,,,,,Y,Y,-,,0,0,1,0,0,0,0,0,0,"- ","- ",,,"SAN DIEGO","SAN DIEGO",-117.24078057,32.727873029999998
6564400,2014,2014-08-29,3711,2014-07-03,0710,6560,,4,5,7,3711,0,0,0,,0,627,"7TH AV","UNIVERSITY AV",0.00,,Y,A,-,N,,,,,,,,,,Y,3,0,2,2,A,-,09,21801,A,N,A,C,A,A,H,-,A,A,0,,,,,Y,Y,-,"- ",0,1,1,0,0,0,0,0,0,"- ","- ",,,"SAN DIEGO","SAN DIEGO",-117.15837009000001,32.748380079999997
6564401,2014,2014-08-22,3711,2014-07-05,0011,5051,,6,5,7,3711,0,0,0,,0,613,"NIMITZ BL","VOLTAIRE ST",144.00,N,N,A,-,N,,,,,,,,,,Y,3,0,5,4,A,-,05,21651,A,N,D,C,A,A,H,-,D,D,0,,,,,Y,Y,A,07,0,2,3,0,0,0,0,0,0,"- ","- ",,,"SAN DIEGO","SAN DIEGO",-117.23266390000001,32.742656109999999
6564409,2014,2014-08-22,3711,2014-07-04,2215,4495,,5,5,7,3711,0,0,0,,0,529,"LAUREL ST","1ST AV",28.00,W,N,A,-,N,,,,,,,,,,Y,3,0,1,3,A,-,08,22107,,N,C,E,A,A,H,-,C,D,0,,,,,Y,Y,A,01,0,1,0,0,0,0,0,0,0,"- ","- ",,,"SAN DIEGO","SAN DIEGO",-117.16395,32.731360000000002
6564434,2014,2014-08-22,3711,2014-07-06,0005,5393,,7,5,7,3711,0,0,0,,0,813,"30TH ST","DWIGHT ST",0.00,,Y,A,-,N,,,,,,,,,,Y,3,0,2,3,A,-,08,22107,,N,B,E,A,A,H,-,C,D,0,,,,,Y,Y,A,01,0,1,1,0,0,0,0,0,0,"- ","- ",,,"SAN DIEGO","SAN DIEGO",-117.1300801,32.74423006
6564437,2014,2016-01-05,3711,2014-07-10,2035,5393,,4,5,7,3711,0,0,0,,0,311,"PHYLLIS PL","RT 805",275.00,W,N,A,-,N,,,,,,,,,,Y,4,0,1,1,A,-,08,22107,,N,E,I,A,A,H,-,D,D,0,,,Y,,Y,Y,C,02,0,0,1,0,0,0,0,0,1,"- ",WO,,,"SAN DIEGO","SAN DIEGO",-117.14662939,32.784292000000001
6565199,2014,2014-08-15,3711,2014-06-26,2113,4576,,4,5,7,3711,0,0,0,,0,841,"UNIVERSITY AV","COLLEGE AV",88.00,E,N,B,-,N,,,,,,,,,,N,2,0,1,2,A,-,11,21954,A,N,G,B,D,A,H,-,C,A,0,Y,,,,Y,Y,N,60,1,0,0,0,1,0,0,0,0,"- ","- ",,,"SAN DIEGO","SAN DIEGO",-117.0642115,32.752941360000001
6566420,2014,2016-05-21,9645,2014-07-06,0320,20515,,7,3,7,3711,0,1,3,,2,006,"RT 94","RT 15",1320.00,W,N,A,-,Y,SD,11,94,-,-,2.912,R,2,E,Y,3,0,2,1,A,-,01,23152,A,N,E,I,A,A,H,-,D,D,1,,,,,Y,Y,A,07,0,2,0,0,0,0,0,0,0,TO,"- ",32.71564,-117.12056,"SAN DIEGO","SAN DIEGO",-117.12223210000001,32.7156363
6566432,2014,2014-08-27,3705,2014-07-01,1451,EC0301,,2,5,5,3705,0,0,0,,0,007,NARANCA,"N 1ST",180.00,E,N,A,-,N,,,,,,,,,,Y,3,0,1,3,A,-,01,23152,A,N,B,E,E,A,H,-,A,D,0,Y,,,,Y,Y,A,01,0,1,0,0,1,0,0,0,0,"- ","- ",,,"SAN DIEGO","EL CAJON",-116.94401630999999,32.803907369999997
6566439,2014,2014-08-27,3711,2014-07-11,2030,6798,SD,5,5,7,3711,0,0,0,,0,443,"OSBORN ST","COTTONWOOD ST",7.00,N,N,A,-,N,,,,,,,,,,N,3,0,1,2,A,-,11,21950,B,N,G,B,E,A,H,-,C,A,0,Y,,,,Y,Y,N,60,0,1,0,0,1,0,0,0,0,"- ","- ",,,"SAN DIEGO","SAN DIEGO",-117.10986985,32.684799169999998
6566773,2014,2016-01-05,9680,2014-07-02,2148,019555,,3,2,9,3700,0,3,5,,2,002,"APPLE ST","CAPISTRANO AV",211.00,W,N,A,-,N,,,,,,,,,,Y,3,0,1,2,A,-,01,23152,A,N,A,E,A,A,H,-,D,D,0,,,,,Y,Y,A,07,0,1,0,0,0,0,0,0,0,"- ","- ",32.714860000000002,-116.99112,"SAN DIEGO",UNINCORPORATED,-116.99107358000001,32.714829999999999
6566789,2014,2014-08-26,9680,2014-07-10,0141,019555,,4,3,9,3700,0,3,5,,2,002,"CAMPO RD","SPRING ST",228.00,E,N,A,-,N,,,,,,,,,,Y,4,0,1,1,A,-,03,22350,,N,E,I,A,A,H,-,C,A,0,,,Y,,Y,Y,C,02,0,0,1,0,0,0,0,0,1,"- ","- ",32.752560000000003,-117.00942000000001,"SAN DIEGO",UNINCORPORATED,-117.00971518999999,32.75267419
6567011,2014,2016-05-28,9680,2014-07-14,2230,020020,,1,3,5,3705,0,1,1,,2,083,"RT 8","LAKE JENNINGS PARK RD",189.00,E,N,A,-,Y,SD,11,8,-,R,21.880,H,-,E,Y,4,0,1,1,A,-,01,23152,A,N,E,I,A,A,H,-,D,D,1,,,,,Y,Y,A,01,0,0,1,0,0,0,0,0,0,"- ","- ",32.84449,-116.88091,"SAN DIEGO","EL CAJON",-116.88080614,32.844620800000001
6567097,2014,2014-08-27,3706,2014-07-09,1935,ES0318,ESPD,3,5,6,3706,0,0,0,,0,051,"FELICITA AV","CENTRE CITY PKWY",173.00,W,N,A,-,N,,,,,,,,,,N,3,0,1,2,A,-,05,21650,1,N,D,G,A,A,H,-,B,D,0,,Y,,,Y,Y,L,04,0,1,0,0,0,0,1,0,0,"- ","- ",,,"SAN DIEGO",ESCONDIDO,-117.07615145,33.10309436
6567133,2014,2016-03-30,3710,2014-06-21,1001,OC1387,,6,5,6,3710,0,0,0,,0,033,"RT 76","N SANTA FE",0.00,,Y,A,-,Y,SD,11,76,-,R,6.730,H,-,W,N,4,0,1,2,A,-,12,21453,A,N,D,C,A,A,H,-,C,A,0,,,,,Y,Y,D,22,0,0,1,0,0,0,0,0,0,"- ","- ",,,"SAN DIEGO",OCEANSIDE,-117.28147246,33.24620883
6567177,2014,2014-08-01,9680,2014-06-29,1825,19490,,7,2,9,3700,0,2,4,,1,026,"JAMACHA RD","SWEETWATER LN",2.00,W,N,A,-,N,,,,,,,,,,Y,4,0,1,2,C,-,18,,,N,D,C,A,A,H,-,A,A,0,,,,,Y,Y,-,"- ",0,0,1,0,0,0,0,0,0,"- ","- ",32.714919999999999,-117.00632,"SAN DIEGO",UNINCORPORATED,-117.00568647999999,32.714820000000003
6567178,2014,2014-08-01,3706,2014-06-25,2107,0393,ESCON,3,5,6,3706,0,0,0,,0,042,"WAVERLY PL","WASHINGTON AV",0.00,,Y,A,-,N,,,,,,,,,,Y,3,0,1,2,A,-,01,23152,A,F,H,A,A,A,H,-,C,A,0,,Y,,,Y,Y,A,01,0,1,0,0,0,0,1,0,0,"- ","- ",,,"SAN DIEGO",ESCONDIDO,-117.08265000999999,33.127350120000003
6567181,2014,2014-08-01,9680,2014-06-26,1855,16622,,4,2,9,3700,0,3,5,,2,001,"SUMNER  AV","ORO ST",417.00,W,N,A,-,N,,,,,,,,,,Y,3,0,1,2,A,-,09,21804,A,F,H,G,A,A,H,-,A,D,0,,Y,,,Y,Y,L,04,0,1,0,0,0,0,1,0,0,"- ","- ",32.80986,-116.94114,"SAN DIEGO",UNINCORPORATED,-116.94151230999999,32.809720009999999
6567477,2014,2014-07-26,3701,2014-06-11,0020,13087,,3,5,5,3701,0,0,0,,0,,"PIO PICO DR","BUENA VISTA WY",8.00,N,N,A,-,N,,,,,,,,,,Y,2,0,5,1,A,-,01,23152,A,N,E,I,A,A,H,-,C,D,0,,,,,Y,Y,A,07,1,3,1,0,0,0,0,0,0,"- ","- ",33.168950000000002,-117.34453000000001,"SAN DIEGO",CARLSBAD,-117.34444211,33.168861849999999
6567946,2014,2014-08-05,3711,2014-06-22,0347,7102,SANDI,7,5,7,3711,0,0,0,,0,435,"MALLARD ST","SWANN ST",5.00,N,Y,B,-,N,,,,,,,,,,Y,3,0,1,2,A,-,08,22107,,N,C,E,A,A,H,-,C,D,0,,,,,Y,Y,-,,0,1,0,0,0,0,0,0,0,"- ","- ",,,"SAN DIEGO","SAN DIEGO",-117.06055000000001,32.729509999999998
6567980,2014,2014-08-25,3711,2014-07-09,1649,6415,,3,5,7,3711,0,0,0,,0,315,"MISSION CENTER RD","FRIARS RD",20.00,N,N,A,-,N,,,,,,,,,,N,3,0,1,1,A,-,05,21650,1,N,E,G,A,A,H,-,A,A,0,,Y,,,Y,Y,L,04,0,1,0,0,0,0,1,0,0,"- ","- ",,,"SAN DIEGO","SAN DIEGO",-117.15385503,32.774694629999999
6568605,2014,2014-08-07,3701,2014-06-22,1640,5444,41,7,5,5,3701,0,0,0,,0,003,"PARK DR","KELLY DR",0.00,,Y,A,-,N,,,,,,,,,,N,2,0,1,1,A,-,05,21202,A,N,E,G,A,A,D,-,A,D,0,,Y,,,Y,Y,L,04,1,0,0,0,0,0,1,0,0,"- ","- ",,,"SAN DIEGO",CARLSBAD,-117.31071003,33.146430080000002
6568870,2014,2014-08-26,3706,2014-07-13,0202,ES0454,,7,5,6,3706,0,0,0,,0,045,"OAK VIEW WY","KAUANA LOA DR",123.00,N,N,A,-,N,,,,,,,,,,Y,4,0,1,2,A,-,01,23152,A,M,A,E,A,A,H,-,C,D,0,,,,,Y,Y,D,22,0,0,1,0,0,0,0,0,0,"- ","- ",,,"SAN DIEGO",ESCONDIDO,-117.12384265,33.112906809999998
6568909,2014,2014-09-23,3711,2014-07-14,2050,6560,SD,1,5,7,3711,0,0,0,,0,624,"NORMAL AV","PARK BL",367.00,S,N,A,-,N,,,,,,,,,,Y,3,0,1,2,A,-,11,21950,B,N,G,B,D,A,H,-,C,D,0,Y,,,,Y,Y,N,60,0,1,0,0,1,0,0,0,0,"- ","- ",,,"SAN DIEGO","SAN DIEGO",-117.1469331,32.754161400000001
6569172,2014,2016-05-20,9645,2014-07-12,1625,019054,,6,2,6,3702,0,1,1,,2,009,"RT 805","TELEGRAPH CANYON RD",400.00,S,N,A,-,Y,SD,11,805,-,-,5.980,H,-,S,Y,4,0,2,2,A,-,01,23152,A,N,E,I,A,A,H,-,A,D,1,,,,,Y,Y,A,01,0,0,2,0,0,0,0,0,0,"- ","- ",32.62041,-117.04042,"SAN DIEGO","CHULA VISTA",-117.04328181,32.62755293
6569424,2014,2016-05-21,9645,2014-07-13,0124,19393,,7,3,7,3711,0,1,1,,2,005,"RT 5","RT 52",914.00,S,N,A,-,Y,SD,11,5,-,R,25.780,H,-,S,Y,3,0,1,1,A,-,03,22350,,N,F,A,A,A,H,-,E,A,1,,,Y,,Y,Y,C,02,0,1,0,0,0,0,0,0,1,"- ","- ",32.835990000000002,-117.23424,"SAN DIEGO","SAN DIEGO",-117.23368274000001,32.835155950000001
6569518,2014,2016-05-25,9650,2014-07-10,2232,019765,,4,3,9,3700,0,1,1,,2,021,"RT 15","DEER SPRINGS RD",1400.00,S,N,A,-,Y,SD,11,15,-,R,36.370,H,-,N,Y,3,0,2,2,A,-,01,23152,A,F,B,C,A,A,H,-,C,D,1,,,,,Y,Y,D,22,0,1,1,0,0,0,0,0,0,"- ","- ",33.193010000000001,-117.12296000000001,"SAN DIEGO",UNINCORPORATED,-117.12358739,33.193949099999998
6570810,2014,2014-08-28,3711,2014-07-18,2145,4821,,5,5,7,3711,0,0,0,,0,934,"DEL MAR HEIGHTS RD","LANSDALE DR",0.00,,Y,A,-,N,,,,,,,,,,Y,4,0,4,2,A,-,03,22350,,N,C,C,A,A,H,-,C,A,0,,,,,Y,Y,A,07,0,0,4,0,0,0,0,0,0,"- ","- ",,,"SAN DIEGO","SAN DIEGO",-117.22096007,32.956040059999999
6570815,2014,2014-08-28,3711,2014-07-13,0215,4495,,7,5,7,3711,0,0,0,,0,524,"G ST","4TH AV",0.00,,Y,A,-,N,,,,,,,,,,N,4,0,2,3,A,-,10,21950,A,N,G,B,B,A,H,-,C,A,0,Y,,,,Y,Y,A,01,0,0,2,0,2,0,0,0,0,"- ","- ",,,"SAN DIEGO","SAN DIEGO",-117.16105999,32.712570069999998
6570825,2014,2014-08-28,3711,2014-07-06,2152,4495,,7,5,7,3711,0,0,0,,0,312,"CLAIREMONT MESA BL","SANTO RD",381.00,W,N,A,-,N,,,,,,,,,,Y,2,0,1,2,A,-,09,21804,B,N,D,C,A,A,H,-,C,D,0,,,Y,,Y,Y,C,02,1,0,0,0,0,0,0,0,1,"- ","- ",,,"SAN DIEGO","SAN DIEGO",-117.10464528,32.82967283
6570835,2014,2014-08-28,3711,2014-07-18,0255,7027,,5,5,7,3711,0,0,0,,0,315,"CAMINO DEL RIO S","AUTO CIR",177.00,E,N,A,-,N,,,,,,,,,,Y,3,0,1,1,A,-,08,22107,,M,B,I,A,A,H,-,D,D,0,,,Y,,Y,Y,C,06,0,1,0,0,0,0,0,0,1,"- ","- ",,,"SAN DIEGO","SAN DIEGO",-117.15373192,32.764507379999998