CASE_ID,ACCIDENT_YEAR,PROC_DATE,JURIS,COLLISION_DATE,COLLISION_TIME,OFFICER_ID,REPORTING_DISTRICT,DAY_OF_WEEK,CHP_SHIFT,POPULATION,CNTY_CITY_LOC,SPECIAL_COND,BEAT_TYPE,CHP_BEAT_TYPE,CITY_DIVISION_LAPD,CHP_BEAT_CLASS,BEAT_NUMBER,PRIMARY_RD,SECONDARY_RD,DISTANCE,DIRECTION,INTERSECTION,WEATHER_1,WEATHER_2,STATE_HWY_IND,CALTRANS_COUNTY,CALTRANS_DISTRICT,STATE_ROUTE,ROUTE_SUFFIX,POSTMILE_PREFIX,POSTMILE,LOCATION_TYPE,RAMP_INTERSECTION,SIDE_OF_HWY,TOW_AWAY,COLLISION_SEVERITY,NUMBER_KILLED,NUMBER_INJURED,PARTY_COUNT,PRIMARY_COLL_FACTOR,PCF_CODE_OF_VIOL,PCF_VIOL_CATEGORY,PCF_VIOLATION,PCF_VIOL_SUBSECTION,HIT_AND_RUN,TYPE_OF_COLLISION,MVIW,PED_ACTION,ROAD_SURFACE,ROAD_COND_1,ROAD_COND_2,LIGHTING,CONTROL_DEVICE,CHP_ROAD_TYPE,PEDESTRIAN_ACCIDENT,BICYCLE_ACCIDENT,MOTORCYCLE_ACCIDENT,TRUCK_ACCIDENT,NOT_PRIVATE_PROPERTY,ALCOHOL_INVOLVED,STWD_VEHTYPE_AT_FAULT,CHP_VEHTYPE_AT_FAULT,COUNT_SEVERE_INJ,COUNT_VISIBLE_INJ,COUNT_COMPLAINT_PAIN,COUNT_PED_KILLED,COUNT_PED_INJURED,COUNT_BICYCLIST_KILLED,COUNT_BICYCLIST_INJURED,COUNT_MC_KILLED,COUNT_MC_INJURED,PRIMARY_RAMP,SECONDARY_RAMP,LATITUDE,LONGITUDE,COUNTY,CITY,POINT_X,POINT_Y
6570841,2014,2014-08-28,3711,2014-07-18,2044,5051,,5,5,7,3711,0,0,0,,0,622,"LINDA VISTA RD","VIA LAS CUMBRES",0.00,,Y,A,-,N,,,,,,,,,,Y,4,0,3,3,A,-,03,22350,,N,C,C,A,A,H,-,C,A,0,,,,,Y,Y,A,01,0,0,3,0,0,0,0,0,0,"- ","- ",,,"SAN DIEGO","SAN DIEGO",-117.18050999,32.772030110000003
6570845,2014,2014-08-28,3711,2014-07-17,0026,6817,SANDI,4,5,7,3711,0,0,0,,0,116,"MORENA BL","BALBOA AV",330.00,S,N,A,-,N,,,,,,,,,,Y,3,0,1,1,A,-,03,22350,,N,F,I,A,A,H,-,C,D,0,,,,,Y,Y,-,,0,1,0,0,0,0,0,0,0,"- ","- ",,,"SAN DIEGO","SAN DIEGO",-117.21328,32.806486380000003
6570867,2014,2016-01-05,3711,2014-07-20,0250,7058,,7,5,7,3711,0,0,0,,0,725,"WESTPORT VIEW DR","CRYSTALAIRE DR",195.00,E,N,A,-,N,,,,,,,,,,N,4,0,1,2,A,-,11,21954,A,N,B,B,E,A,-,-,C,D,0,Y,,,,Y,Y,N,60,0,0,1,0,1,0,0,0,0,"- ","- ",,,"SAN DIEGO","SAN DIEGO",-117.02009081999999,32.577997140000001
6570878,2014,2014-08-28,3711,2014-07-20,0235,5556,,7,5,7,3711,0,0,0,,0,313,"MURRAY CANYON RD","AERO DR",2640.00,N,N,B,-,N,,,,,,,,,,Y,3,0,1,1,A,-,03,22350,,N,E,I,A,-,H,-,C,A,0,,,,,Y,Y,-,,0,1,0,0,0,0,0,0,0,"- ","- ",,,"SAN DIEGO","SAN DIEGO",-117.11689711,32.81648569
6571260,2014,2014-08-27,9650,2014-07-06,1720,017905,,7,2,9,3700,0,3,5,,2,211,"WILLOW LN","JESMOND DR",128.00,N,N,A,-,N,,,,,,,,,,Y,3,0,3,1,A,-,01,23152,A,N,E,I,A,A,H,-,A,D,0,,,,,Y,Y,M,96,0,3,0,0,0,0,0,0,0,"- ","- ",,,"SAN DIEGO",UNINCORPORATED,-117.11019938,33.179835429999997
6571261,2014,2014-09-03,9650,2014-07-05,2255,18336,,6,3,9,3700,0,3,5,,2,170,"CASSOU RD","TWIN OAKS VALLEY RD",4752.00,W,N,A,-,N,,,,,,,,,,Y,3,0,1,1,A,-,01,23152,A,N,E,I,A,A,H,-,D,D,0,,,,,Y,Y,A,01,0,1,0,0,0,0,0,0,0,"- ","- ",33.180840000000003,-117.17312,"SAN DIEGO",UNINCORPORATED,-117.17238620000001,33.179320820000001
6571262,2014,2014-08-27,9650,2014-07-09,2340,019126,,3,3,9,3700,0,3,5,,1,212,"ANTHONY RD","LILAC RD",2640.00,N,N,A,-,N,,,,,,,,,,Y,3,0,1,1,A,-,01,23152,A,M,F,A,A,A,H,-,D,D,0,,,Y,,Y,Y,C,02,0,1,0,0,0,0,0,0,1,"- ","- ",33.245710000000003,-117.05222000000001,"SAN DIEGO",UNINCORPORATED,-117.05236076,33.245546619999999
6571263,2014,2014-08-27,9650,2014-07-12,2000,016026,,6,2,5,3713,0,3,5,,2,171,"SUNSET DR","MELROSE WY",830.00,W,N,A,-,N,,,,,,,,,,Y,3,0,1,1,A,-,01,23152,A,N,E,I,A,A,H,-,B,D,0,,,,,Y,Y,A,01,0,1,0,0,0,0,0,0,0,"- ","- ",33.182209999999998,-117.26925,"SAN DIEGO",VISTA,-117.25626321,33.178390319999998
6571552,2014,2014-08-08,3700,2014-06-07,2006,SH7366,,6,5,4,3707,0,0,0,,0,706,"DAISY AV","2ND ST",73.00,W,N,A,-,N,,,,,,,,,,N,3,0,1,2,A,-,10,21952,,N,G,B,F,A,H,-,B,D,0,Y,,,,Y,Y,D,22,0,1,0,0,1,0,0,0,0,"- ","- ",,,"SAN DIEGO","IMPERIAL BEACH",-117.12980618,32.581701090000003
6571553,2014,2014-08-08,3700,2014-06-07,2334,SH7366,,6,5,4,3707,0,0,0,,0,710,"IMPERIAL BEACH BL","13TH ST",90.00,W,N,A,-,N,,,,,,,,,,Y,4,0,1,4,A,-,01,23152,A,N,C,C,A,A,H,-,C,A,0,,,,,Y,Y,A,01,0,0,1,0,0,0,0,0,0,"- ","- ",,,"SAN DIEGO","IMPERIAL BEACH",-117.10599116,32.576529999999998
6571628,2014,2014-09-03,9650,2014-07-17,1600,016490,,4,2,9,3700,0,3,5,,1,212,"OLD CASTLE RD","PAMOOSA LN",2112.00,E,N,A,-,N,,,,,,,,,,Y,3,0,1,1,A,-,01,23152,A,N,E,I,A,A,H,-,A,D,0,,,,,Y,Y,D,22,0,1,0,0,0,0,0,0,0,"- ","- ",33.255960000000002,-117.11051999999999,"SAN DIEGO",UNINCORPORATED,-117.11126969999999,33.256236450000003
6571656,2014,2016-05-25,9650,2014-07-19,0500,019308,,6,3,9,3700,0,1,1,,2,021,"RT 15","GOPHER CANYON RD",8448.00,S,N,A,-,Y,SD,11,15,-,R,39.280,H,-,S,Y,3,0,1,1,A,-,01,23152,A,N,F,A,A,A,H,-,D,D,1,,,,,Y,Y,D,22,0,1,0,0,0,0,0,0,0,"- ","- ",33.228960000000001,-117.14548000000001,"SAN DIEGO",UNINCORPORATED,-117.14688787999999,33.231378239999998
6571660,2014,2016-05-16,9650,2014-07-22,0040,018675,,2,3,9,3700,0,1,1,,2,022,"RT 15","EAST MISSION RD",3168.00,N,N,A,-,Y,SD,11,15,-,R,51.190,H,-,S,Y,4,0,2,2,A,-,01,23152,A,F,C,C,A,A,H,-,C,D,1,,,,,Y,Y,D,22,0,0,2,0,0,0,0,0,0,"- ","- ",33.396920000000001,-117.17212000000001,"SAN DIEGO",UNINCORPORATED,-117.17275703999999,33.395949559999998
6572633,2014,2014-08-08,3705,2014-05-23,2352,EC0309,,5,5,5,3705,0,0,0,,0,010,"MAIN ST",AVOCADO,28.00,E,N,B,-,N,,,,,,,,,,N,4,0,1,2,A,-,11,21954,A,N,G,B,D,A,H,-,C,A,0,Y,,,,Y,Y,N,60,0,0,1,0,1,0,0,0,0,"- ","- ",,,"SAN DIEGO","EL CAJON",-116.95726921000001,32.79495
6573530,2014,2014-09-04,9680,2014-07-13,0025,19946,,7,3,9,3700,0,2,4,,1,026,"CONCEPCION AV","JAMACHA BL",0.00,,Y,A,-,N,,,,,,,,,,Y,3,0,2,2,A,-,01,23152,A,F,D,C,A,A,H,-,C,A,0,,,,,Y,Y,A,01,0,1,1,0,0,0,0,0,0,"- ","- ",32.707889999999999,-116.99995,"SAN DIEGO",UNINCORPORATED,-117.00001013000001,32.70791002
6573564,2014,2016-05-24,9645,2014-07-18,1140,019497,SANDI,5,1,7,3711,0,1,1,,2,003,"RT 5","28TH ST",1478.00,S,N,A,-,Y,SD,11,5,-,R,13.060,H,-,N,Y,3,0,1,1,A,-,08,22107,,N,F,A,A,A,H,-,A,D,1,,,Y,,Y,Y,C,02,0,1,0,0,0,0,0,0,1,"- ","- ",32.69265,-117.12895,"SAN DIEGO","SAN DIEGO",-117.12838067,32.694593310000002
6573599,2014,2016-01-05,9680,2014-07-17,0418,019936,,4,3,9,3700,0,3,5,,2,002,"AVOCADO BL","CALLE VERDE",296.00,S,N,A,-,N,,,,,,,,,,Y,2,0,1,1,A,-,01,23152,A,N,F,A,A,A,H,-,C,D,0,,,Y,,Y,Y,C,02,1,0,0,0,0,0,0,0,1,"- ","- ",32.74729,-116.96234,"SAN DIEGO",UNINCORPORATED,-116.96211541,32.74749783
6574781,2014,2016-05-21,9645,2014-07-17,0335,019010,,4,3,7,3711,0,1,1,,2,021,"RT 15","OCEANVIEW BL",200.00,N,N,A,-,Y,SD,11,15,-,R,0.077,R,2,S,Y,3,0,1,1,A,-,01,23152,A,N,E,I,A,A,H,-,C,D,1,,,,,Y,Y,D,22,0,1,0,0,0,0,0,0,0,"- ","- ",,,"SAN DIEGO","SAN DIEGO",-117.12143527000001,32.693713709999997
6576121,2014,2014-08-14,3710,2014-07-31,1401,OC1095,,4,5,6,3710,0,0,0,,0,013,"EL CAMINO REAL",VISTA,47.00,N,N,A,-,N,,,,,,,,,,Y,4,0,1,2,A,-,01,23152,A,F,A,C,A,A,H,-,A,A,0,,,,,Y,Y,D,22,0,0,1,0,0,0,0,0,0,"- ","- ",,,"SAN DIEGO",OCEANSIDE,-117.32710389,33.183315579999999
6576567,2014,2016-01-05,9680,2014-07-15,2028,018672,,2,2,9,3700,0,3,5,,2,005,"OLD JULIAN HWY","RT 78",11616.00,W,N,A,-,N,,,,,,,,,,N,4,0,1,1,A,-,08,22107,,N,E,I,A,A,H,-,D,D,0,,,,,Y,Y,A,07,0,0,1,0,0,0,0,0,0,"- ","- ",33.054740000000002,-116.77907999999999,"SAN DIEGO",UNINCORPORATED,-116.77048000000001,33.057980000000001
6576577,2014,2016-01-05,9680,2014-07-18,0105,013686,,5,3,9,3700,0,3,5,,2,003,"JAPATUL VALLEY RD","RT 8",7920.00,S,N,A,-,N,,,,,,,,,,Y,3,0,1,1,A,-,01,23152,A,N,E,I,A,A,H,-,D,D,0,,,,,Y,Y,A,01,0,1,0,0,0,0,0,0,0,"- ","- ",32.807389999999998,-116.63591,"SAN DIEGO",UNINCORPORATED,-116.635902,32.807794999999999
6576587,2014,2016-05-21,9680,2014-07-20,0205,019936,,7,3,4,3720,0,1,3,,2,027,"RT 94","MASSACHUSETTS AV",2112.00,W,N,A,-,Y,SD,11,94,-,-,7.920,H,-,E,Y,3,0,3,1,A,-,01,23152,A,N,F,A,A,A,H,-,C,D,1,,,,,Y,Y,A,07,0,2,1,0,0,0,0,0,0,"- ","- ",32.742959999999997,-117.04904000000001,"SAN DIEGO","LEMON GROVE",-117.04844937999999,32.74340445
6576764,2014,2014-08-15,3700,2014-07-25,2255,SH2619,,5,5,5,3712,0,0,0,,0,354,"NORDAHL RD","MONTIEL RD",153.00,N,N,A,-,N,,,,,,,,,,N,3,0,1,2,A,-,11,21955,,N,G,B,D,A,H,-,C,D,0,Y,,,,Y,Y,N,60,0,1,0,0,1,0,0,0,0,"- ","- ",,,"SAN DIEGO","SAN MARCOS",-117.12038067,33.133957549999998
6576834,2014,2014-08-14,3710,2014-07-16,1854,OC1406,,3,5,6,3710,0,0,0,,0,008,MINNESOTA,GARFIELD,0.00,,Y,A,-,N,,,,,,,,,,N,3,0,1,2,A,-,11,21954,A,N,G,B,D,A,H,-,A,D,0,Y,,,,Y,Y,N,60,0,1,0,0,1,0,0,0,0,"- ","- ",,,"SAN DIEGO",OCEANSIDE,-117.36897005,33.192520020000003
6577381,2014,2016-05-24,9650,2014-07-19,1937,16490,,6,2,9,3700,0,1,3,,1,028,"RT 76","ADAMS DR",8976.00,W,N,A,-,Y,SD,11,76,-,-,26.230,H,-,W,Y,4,0,1,1,A,-,01,23152,A,N,E,I,A,A,H,-,B,D,0,,,,,Y,Y,D,22,0,0,1,0,0,0,0,0,0,"- ","- ",33.355580000000003,-117.03434,"SAN DIEGO",UNINCORPORATED,-117.03333268,33.355473500000002
6577382,2014,2015-01-08,9650,2014-07-25,2115,18386,,5,2,9,3700,0,3,5,,2,191,"HARMONY GROVE RD","COUNTRY CLUB RD",5280.00,S,N,A,-,N,,,,,,,,,,Y,4,0,1,1,A,-,08,22107,,N,E,I,A,A,H,-,D,D,0,,,,,Y,Y,D,22,0,0,1,0,0,0,0,0,0,"- ","- ",33.09816,-117.13809000000001,"SAN DIEGO",UNINCORPORATED,-117.12088249,33.108274940000001
6577753,2014,2016-05-24,3703,2014-07-26,0004,1041,,6,5,3,3703,0,0,0,,0,002,"ORANGE AV","C AV",57.00,S,N,B,-,Y,SD,11,75,-,-,18.810,H,-,S,N,2,0,1,2,A,-,01,23153,A,F,G,B,E,A,H,-,C,D,0,Y,,,,Y,Y,A,07,1,0,0,0,1,0,0,0,0,"- ","- ",,,"SAN DIEGO",CORONADO,-117.17919962000001,32.68428531
6577789,2014,2014-08-28,9650,2014-07-21,1647,015503,,1,2,9,3700,0,3,5,,2,230,"DEL DIOS HWY","CALLE AMBIENTE",6336.00,E,N,A,-,N,,,,,,,,,,Y,2,0,1,1,A,-,01,23152,A,N,E,I,A,A,H,-,A,D,0,,,,,Y,Y,A,07,1,0,0,0,0,0,0,0,0,"- ","- ",33.041249999999998,-117.13844,"SAN DIEGO",UNINCORPORATED,-117.13947013000001,33.041159540000002
6577793,2014,2014-08-28,9650,2014-07-20,1500,019227,,7,2,9,3700,0,3,5,,2,211,"OLD CASTLE RD","LILAC RD",3168.00,W,N,A,-,N,,,,,,,,,,Y,3,0,1,1,A,-,01,23152,A,N,F,A,A,A,H,-,A,D,0,,,Y,,Y,Y,C,02,0,1,0,0,0,0,0,0,1,"- ","- ",33.256239999999998,-117.07822,"SAN DIEGO",UNINCORPORATED,-117.07746444999999,33.256483979999999
6577797,2014,2016-05-21,9650,2014-07-18,2115,018296,,5,2,5,3713,0,1,3,,2,017,"RT 78","MAR VISTA DR",1320.00,W,N,B,-,Y,SD,11,78,-,-,7.460,H,-,W,Y,4,0,2,2,A,-,01,23152,A,F,B,C,A,A,H,-,C,D,1,,,,,Y,Y,A,01,0,0,2,0,0,0,0,0,0,"- ","- ",33.182220000000001,-117.23086000000001,"SAN DIEGO",VISTA,-117.23252318,33.184526769999998
6577801,2014,2016-01-05,9650,2014-07-22,1715,015531,,2,2,9,3700,0,3,5,,2,170,"SOUTH SANTA FE AV","POINSETTIA AV",1056.00,E,N,A,-,N,,,,,,,,,,Y,4,0,1,2,A,-,01,23152,A,N,D,C,A,A,H,-,A,D,0,,,,,Y,Y,A,07,0,0,1,0,0,0,0,0,0,"- ","- ",33.904699999999998,-117.1219,"SAN DIEGO",UNINCORPORATED,-117.20539856000001,33.163143509999998
6577990,2014,2014-08-19,3700,2014-06-20,1615,SH7366,,5,5,4,3707,0,0,0,,0,703,"PALM AV","5TH ST",27.00,E,N,A,-,N,,,,,,,,,,Y,3,0,2,1,A,-,08,22107,,N,E,J,A,A,H,-,A,D,0,,,,,Y,Y,A,01,0,2,0,0,0,0,0,0,0,"- ","- ",,,"SAN DIEGO","IMPERIAL BEACH",-117.12228476999999,32.583921650000001
6579036,2014,2014-08-15,3700,2014-06-15,0530,SH2552,,7,5,4,3780,0,0,0,,0,410,"TWIN PEAKS RD","WOODCREEK RD",1000.00,W,N,A,-,N,,,,,,,,,,Y,3,0,2,1,A,-,01,23152,A,N,E,I,A,A,H,-,B,D,0,,,,,Y,Y,A,08,0,2,0,0,0,0,0,0,0,"- ","- ",,,"SAN DIEGO",POWAY,-117.04878161000001,32.977498490000002
6579636,2014,2014-08-08,3700,2014-04-13,0129,SH7148,,7,5,4,3720,0,0,0,,0,603,"KEMPF ST",BROADWAY,91.00,S,N,A,-,N,,,,,,,,,,N,3,0,1,2,A,-,11,21954,A,N,G,B,D,A,H,-,A,A,0,Y,,,,Y,Y,N,60,0,1,0,0,1,0,0,0,0,"- ","- ",,,"SAN DIEGO","LEMON GROVE",-117.02632378,32.74259078
6580605,2014,2016-01-05,3711,2014-07-20,2229,3792,3711,7,5,7,3711,0,0,0,,0,516,"MARKET ST","RT 15",303.00,W,N,A,-,N,,,,,,,,,,Y,2,0,2,1,A,-,08,22107,,N,E,I,A,A,H,-,C,D,0,,,,,Y,Y,A,01,1,0,1,0,0,0,0,0,0,"- ","- ",,,"SAN DIEGO","SAN DIEGO",-117.12000964000001,32.711620250000003
6580608,2014,2014-09-02,3711,2014-07-20,0826,7095,,7,5,7,3711,0,0,0,,0,723,"25TH ST","25TH ST 1100",0.00,,N,B,-,N,,,,,,,,,,Y,4,0,1,2,A,-,01,23152,A,N,B,C,A,A,H,-,A,D,0,,,,,Y,Y,-,,0,0,1,0,0,0,0,0,0,"- ","- ",,,"SAN DIEGO","SAN DIEGO",-117.07974493,32.576413479999999
6580615,2014,2016-01-05,3711,2014-07-11,2243,5072,,5,5,7,3711,0,0,0,,0,123,"INGRAHAM ST","RT 8",1584.00,N,N,A,-,N,,,,,,,,,,N,4,0,2,5,A,-,03,22350,,N,C,C,A,A,H,-,C,D,0,,,,,Y,Y,A,01,0,0,2,0,0,0,0,0,0,"- ","- ",,,"SAN DIEGO","SAN DIEGO",-117.22749442,32.759693599999999
6580624,2014,2014-09-02,3711,2014-07-25,2342,6768,,5,5,7,3711,0,0,0,,0,831,"POLK AV","45TH ST",100.00,E,N,A,-,N,,,,,,,,,,N,4,0,1,2,A,-,21,22106,,N,G,B,E,A,H,-,C,D,0,Y,,,,Y,Y,A,01,0,0,1,0,1,0,0,0,0,"- ","- ",,,"SAN DIEGO","SAN DIEGO",-117.09731587,32.751387049999998
6580638,2014,2014-09-02,3711,2014-07-26,2213,3792,3711,6,5,7,3711,0,0,0,,0,324,"GOLFCREST DR","NAVAJO RD",287.00,S,N,A,-,N,,,,,,,,,,N,4,0,2,2,A,-,03,22350,,M,C,C,A,A,H,-,C,D,0,,,,,Y,Y,A,07,0,0,2,0,0,0,0,0,0,"- ","- ",,,"SAN DIEGO","SAN DIEGO",-117.03836011999999,32.803395389999999
6580685,2014,2014-09-03,3711,2014-07-24,1718,5983,,4,5,7,3711,0,0,0,,0,831,"UNIVERSITY AV","45TH ST",0.00,,Y,A,-,N,,,,,,,,,,N,4,0,1,2,A,-,10,21950,A,N,G,B,D,A,H,-,A,D,0,Y,,,,Y,Y,A,01,0,0,1,0,1,0,0,0,0,"- ","- ",,,"SAN DIEGO","SAN DIEGO",-117.0976501,32.749610050000001
6580707,2014,2014-09-02,3711,2014-07-13,1838,5710,,7,5,7,3711,0,0,0,,0,437,"PARADISE VALLEY RD","PLAZA BL",40.00,E,N,A,-,N,,,,,,,,,,N,4,0,1,2,A,-,12,21453,A,N,C,C,A,A,H,-,A,A,0,,,,,Y,Y,-,,0,0,1,0,0,0,0,0,0,"- ","- ",,,"SAN DIEGO","SAN DIEGO",-117.07072657000001,32.68611585
6580848,2014,2014-08-23,3705,2014-06-07,0206,EC0341,,6,5,5,3705,0,0,0,,0,009,"E LEXINGTON","S ANZA",0.00,,N,A,-,N,,,,,,,,,,Y,3,0,1,4,A,-,08,22107,,N,C,E,A,A,H,-,D,D,0,,,,,Y,Y,A,01,0,1,0,0,0,0,0,0,0,"- ","- ",,,"SAN DIEGO","EL CAJON",-116.94818007000001,32.792840030000001
6580951,2014,2015-09-24,3705,2014-05-24,2019,EC0329,,6,5,5,3705,0,0,0,,0,007,"NORTH MOLLISON",PEACH,88.00,S,N,A,-,N,,,,,,,,,,N,2,0,1,2,A,-,11,21954,A,N,G,B,D,A,H,-,D,D,0,Y,,,,Y,Y,N,60,1,0,0,0,1,0,0,0,0,"- ","- ",,,"SAN DIEGO","EL CAJON",-116.95098,32.806339000000001
6581081,2014,2014-09-02,3711,2014-07-22,0835,7063,,2,5,7,3711,0,0,0,,0,324,"LAKE ARAL AV","LAKE MURRAY BL",0.00,,Y,A,-,N,,,,,,,,,,Y,4,0,1,2,A,-,12,22450,A,M,D,C,A,-,A,H,A,A,0,,,,,Y,Y,-,,0,0,1,0,0,0,0,0,0,"- ","- ",,,"SAN DIEGO","SAN DIEGO",-117.01594013,32.796260009999997
6581459,2014,2014-08-20,3701,2014-07-24,2247,S453,3,4,5,5,3701,0,0,0,,0,002,"OAK AV","HARDING ST",3.00,E,N,-,-,N,,,,,,,,,,N,4,0,2,2,A,-,03,22350,,F,C,C,A,A,H,-,C,D,0,,,,,Y,Y,D,22,0,0,2,0,0,0,0,0,0,"- ","- ",33.161009999999997,-117.34394,"SAN DIEGO",CARLSBAD,-117.34368187,33.160854559999997
6581485,2014,2014-08-15,9680,2014-07-19,0235,20049,,6,3,9,3700,0,2,4,,1,012,"MAPLEVIEW ST","MAIN ST",5.00,E,N,A,-,N,,,,,,,,,,N,3,0,3,3,A,-,01,23152,A,N,A,D,A,A,H,-,C,A,0,,,,,Y,Y,A,07,0,1,2,0,0,0,0,0,0,"- ","- ",32.862990000000003,-116.92211,"SAN DIEGO",UNINCORPORATED,-116.922144,32.862991000000001
6581489,2014,2014-08-15,9680,2014-07-23,0015,17928,,3,3,9,3700,0,3,5,,2,005,"BLACK CANYON RD","SUTHERLAND DAM RD",1584.00,N,N,A,-,N,,,,,,,,,,Y,4,0,1,1,A,-,01,23152,A,N,F,A,A,A,H,-,D,D,0,,,,,Y,Y,D,22,0,0,1,0,0,0,0,0,0,"- ","- ",33.126730000000002,-116.8017,"SAN DIEGO",UNINCORPORATED,-116.8017,33.126730000000002
6582027,2014,2014-09-16,3711,2014-08-26,1824,5916,,2,5,7,3711,0,0,0,,0,114,"CLAIREMONT MESA BL","ROLFE RD",250.00,E,N,A,-,N,,,,,,,,,,Y,3,0,1,3,A,-,08,22107,,N,C,E,A,A,H,-,A,D,0,,,,,Y,Y,A,07,0,1,0,0,0,0,0,0,0,"- ","- ",,,"SAN DIEGO","SAN DIEGO",-117.2019992,32.828886349999998
6582360,2014,2016-05-21,3711,2014-07-25,0157,6976,SANDI,5,5,7,3711,0,0,0,,0,931,"MIRAMAR RD","RT 805",0.00,,Y,A,-,Y,SD,11,805,-,-,25.757,R,4,S,Y,4,0,1,2,A,-,03,22350,,M,C,C,A,A,H,-,C,A,0,,,,,Y,Y,-,,0,0,1,0,0,0,0,0,0,"- ",SO,,,"SAN DIEGO","SAN DIEGO",-117.19802085000001,32.872864540000002
6582364,2014,2014-08-18,3711,2014-07-25,1751,6759,,5,5,7,3711,0,0,0,,0,442,"DIVISION ST","OSBORN ST",6.00,W,N,A,-,N,,,,,,,,,,Y,4,0,1,2,A,-,12,22450,A,N,D,C,A,A,H,-,A,A,0,,,,,Y,Y,-,,0,0,1,0,0,0,0,0,0,"- ","- ",,,"SAN DIEGO","SAN DIEGO",-117.10964828,32.68272442
6582442,2014,2014-08-18,3700,2014-07-25,2119,SH0817,,5,5,5,3713,0,0,0,,0,306,"ANZA AV","PORTOLA ST",200.00,N,N,A,-,N,,,,,,,,,,Y,3,0,1,1,A,-,08,22107,,M,E,I,A,A,H,-,C,D,0,,,,,Y,Y,A,01,0,1,0,0,0,0,0,0,0,"- ","- ",,,"SAN DIEGO",VISTA,-117.23229348,33.214516789999998
6582478,2014,2014-08-18,3700,2014-07-01,0113,SH1847,,2,5,5,3713,0,0,0,,0,308,"WEST VISTA WY","NORTH EMERALD DR",0.00,,Y,A,-,N,,,,,,,,,,Y,3,0,1,1,A,-,01,23152,A,N,E,I,A,A,H,-,C,A,0,,,,,Y,Y,A,01,0,1,0,0,0,0,0,0,0,"- ","- ",,,"SAN DIEGO",VISTA,-117.27956005,33.189180049999997
6582970,2014,2014-08-29,9680,2014-07-26,1420,019407,,6,2,9,3700,0,3,5,,2,003,"ARNOLD WY","SOUTH GRADE RD",1056.00,E,N,A,-,N,,,,,,,,,,Y,3,0,1,1,A,-,01,23152,A,N,E,I,A,A,H,-,A,D,0,,,,,Y,Y,D,22,0,1,0,0,0,0,0,0,0,"- ","- ",32.836840000000002,-116.79507,"SAN DIEGO",UNINCORPORATED,-116.80266872,32.840480169999999
6582974,2014,2014-08-22,9680,2014-07-22,1550,016622,,2,2,9,3700,0,2,4,,1,014,"WINTER GARDENS BL","SHORT ST",45.00,N,N,A,-,N,,,,,,,,,,Y,2,0,4,2,A,-,09,21804,A,N,D,C,A,A,H,-,A,D,0,,,,,Y,Y,D,22,2,1,1,0,0,0,0,0,0,"- ","- ",32.826430000000002,-116.93351,"SAN DIEGO",UNINCORPORATED,-116.93351,32.826553240000003
6583509,2014,2014-08-27,9680,2014-07-21,2257,019384,,1,3,9,3700,0,3,5,,2,002,"APPLE ST","SAN MIGUEL  AV",63.00,W,N,A,-,N,,,,,,,,,,Y,4,0,2,3,A,-,01,23152,A,N,C,E,A,A,H,-,C,D,0,,,,,Y,Y,A,07,0,0,2,0,0,0,0,0,0,"- ","- ",32.714779999999998,-116.99207,"SAN DIEGO",UNINCORPORATED,-116.99154397,32.714836239999997
6583513,2014,2014-08-18,9680,2014-07-28,1745,016622,,1,2,9,3700,0,2,4,,1,018,"LOS COCHES RD","ORA BELLE LN",53.00,S,N,A,-,N,,,,,,,,,,Y,2,0,1,1,A,-,01,23152,A,N,E,I,A,A,H,-,A,D,0,,,Y,,Y,Y,C,02,1,0,0,0,0,0,0,0,1,"- ","- ",32.827930000000002,-116.90442,"SAN DIEGO",UNINCORPORATED,-116.90423604999999,32.827876279999998
6584564,2014,2014-09-08,9680,2014-08-01,2350,019936,,5,3,9,3700,0,3,5,,2,002,"HELIX ST","HARNESS ST",0.00,,Y,A,-,N,,,,,,,,,,Y,3,0,1,3,A,-,01,23152,A,N,D,C,A,A,H,-,C,A,0,,,,,Y,Y,A,01,0,1,0,0,0,0,0,0,0,"- ","- ",32.719000000000001,-117.0094,"SAN DIEGO",UNINCORPORATED,-117.00959003,32.718980070000001
6584670,2014,2015-09-24,3700,2014-06-30,2058,SH2292,,1,5,3,3783,0,0,0,,0,273,"RT 101","LOMAS SANTA FE DR",228.00,N,N,A,-,N,,,,,,,,,,Y,4,0,1,3,A,-,01,23152,A,N,C,C,A,A,H,-,C,A,0,,,,,Y,Y,A,07,0,0,1,0,0,0,0,0,0,"- ","- ",,,"SAN DIEGO","SOLANA BEACH",-117.27184076,32.99251151
6584728,2014,2014-08-26,3700,2014-06-18,2135,SH1706,,3,5,5,3782,0,0,0,,0,210,"NORTH COAST HWY","CADMUS ST",181.00,S,N,A,-,N,,,,,,,,,,Y,3,0,1,5,A,-,01,23152,A,M,B,E,A,A,H,-,C,D,0,,,,,Y,Y,D,22,0,1,0,0,0,0,0,0,0,"- ","- ",,,"SAN DIEGO",ENCINITAS,-117.300558,33.060217000000002
6585747,2014,2014-08-18,3711,2014-07-26,1730,4654,,6,5,7,3711,0,0,0,,0,323,"MADRA AV","NORMAN LN",220.00,W,N,B,-,N,,,,,,,,,,Y,3,0,2,2,A,-,08,22107,,N,B,C,A,A,H,-,A,D,0,,,,,Y,Y,-,,0,1,1,0,0,0,0,0,0,"- ","- ",,,"SAN DIEGO","SAN DIEGO",-117.05707008,32.786623069999997