CASE_ID,ACCIDENT_YEAR,PROC_DATE,JURIS,COLLISION_DATE,COLLISION_TIME,OFFICER_ID,REPORTING_DISTRICT,DAY_OF_WEEK,CHP_SHIFT,POPULATION,CNTY_CITY_LOC,SPECIAL_COND,BEAT_TYPE,CHP_BEAT_TYPE,CITY_DIVISION_LAPD,CHP_BEAT_CLASS,BEAT_NUMBER,PRIMARY_RD,SECONDARY_RD,DISTANCE,DIRECTION,INTERSECTION,WEATHER_1,WEATHER_2,STATE_HWY_IND,CALTRANS_COUNTY,CALTRANS_DISTRICT,STATE_ROUTE,ROUTE_SUFFIX,POSTMILE_PREFIX,POSTMILE,LOCATION_TYPE,RAMP_INTERSECTION,SIDE_OF_HWY,TOW_AWAY,COLLISION_SEVERITY,NUMBER_KILLED,NUMBER_INJURED,PARTY_COUNT,PRIMARY_COLL_FACTOR,PCF_CODE_OF_VIOL,PCF_VIOL_CATEGORY,PCF_VIOLATION,PCF_VIOL_SUBSECTION,HIT_AND_RUN,TYPE_OF_COLLISION,MVIW,PED_ACTION,ROAD_SURFACE,ROAD_COND_1,ROAD_COND_2,LIGHTING,CONTROL_DEVICE,CHP_ROAD_TYPE,PEDESTRIAN_ACCIDENT,BICYCLE_ACCIDENT,MOTORCYCLE_ACCIDENT,TRUCK_ACCIDENT,NOT_PRIVATE_PROPERTY,ALCOHOL_INVOLVED,STWD_VEHTYPE_AT_FAULT,CHP_VEHTYPE_AT_FAULT,COUNT_SEVERE_INJ,COUNT_VISIBLE_INJ,COUNT_COMPLAINT_PAIN,COUNT_PED_KILLED,COUNT_PED_INJURED,COUNT_BICYCLIST_KILLED,COUNT_BICYCLIST_INJURED,COUNT_MC_KILLED,COUNT_MC_INJURED,PRIMARY_RAMP,SECONDARY_RAMP,LATITUDE,LONGITUDE,COUNTY,CITY,POINT_X,POINT_Y
6585795,2014,2016-05-16,9645,2014-07-19,2015,018950,,6,2,7,3711,0,1,3,,2,023,"RT 163","AERO DR",1307.00,S,N,A,-,Y,SD,11,163,-,-,6.920,H,-,S,Y,3,0,1,2,A,-,01,23152,A,N,E,I,A,A,H,-,D,D,1,,,,,Y,Y,A,01,0,1,0,0,0,0,0,0,0,"- ","- ",32.812199999999997,-117.15177,"SAN DIEGO","SAN DIEGO",-117.1535734,32.80714064
6585799,2014,2016-01-05,9645,2014-07-23,0015,019344,,3,3,9,3700,0,3,5,,2,018,"RIDGEWAY DR","GWYNNE AV",230.00,E,N,A,-,N,,,,,,,,,,Y,3,0,2,2,A,-,01,23152,A,N,C,C,A,A,H,-,C,D,0,,,,,Y,Y,A,07,0,2,0,0,0,0,0,0,0,"- ","- ",32.66751,-117.07335999999999,"SAN DIEGO",UNINCORPORATED,-117.07307415,32.667601089999998
6585819,2014,2014-08-19,3711,2014-07-29,2206,6203,,2,5,7,3711,0,0,0,,0,838,"EL CAJON BL","37TH ST",0.00,,Y,A,-,N,,,,,,,,,,Y,4,0,4,2,A,-,12,21453,A,N,D,C,A,A,H,-,C,A,0,,,,,Y,Y,A,01,0,0,4,0,0,0,0,0,0,"- ","- ",,,"SAN DIEGO","SAN DIEGO",-117.11365001,32.755270009999997
6585820,2014,2016-05-24,9645,2014-07-26,0000,019712,,6,3,7,3711,0,1,1,,2,005,"RT 5","WASHINGTON AV",584.00,S,N,B,-,Y,SD,11,5,-,R,18.170,H,-,N,Y,4,0,1,2,A,-,01,23152,A,N,C,C,A,A,H,-,C,D,1,,,,,Y,Y,A,01,0,0,1,0,0,0,0,0,0,"- ","- ",32.74212,-117.18116000000001,"SAN DIEGO","SAN DIEGO",-117.18042632,32.741537170000001
6585835,2014,2016-02-10,9645,2014-07-20,2104,18678,,7,2,7,3711,0,1,3,,2,014,"RT 52","RT 163",731.00,W,N,A,-,Y,SD,11,52,-,-,6.460,H,-,E,Y,3,0,1,1,A,-,01,23152,A,N,E,I,A,A,H,-,C,D,1,,,,,Y,Y,A,01,0,1,0,0,0,0,0,0,0,"- ","- ",32.841149999999999,-117.13697000000001,"SAN DIEGO","SAN DIEGO",-117.13603669,32.840757779999997
6585895,2014,2016-05-21,9650,2014-07-27,0248,018296,,7,3,5,3713,0,1,3,,2,017,"RT 78","MAR VISTA DR",875.00,E,N,A,-,Y,SD,11,78,-,-,7.910,H,-,W,Y,3,0,1,1,A,-,01,23152,A,N,E,I,A,A,H,-,C,D,1,,,,,Y,Y,A,01,0,1,0,0,0,0,0,0,0,"- ","- ",33.178660000000001,-117.22845,"SAN DIEGO",VISTA,-117.22849716,33.178615180000001
6585917,2014,2016-05-21,9650,2014-07-26,2118,18296,,6,2,5,3712,0,1,3,,2,019,"RT 78","NORDAHL RD",50.00,W,N,A,-,Y,SD,11,78,-,-,15.344,R,1,E,Y,4,0,1,2,A,-,01,23152,A,N,C,C,A,A,H,-,C,D,1,,,,,Y,Y,A,01,0,0,1,0,0,0,0,0,0,TO,"- ",33.131959999999999,-117.12226,"SAN DIEGO","SAN MARCOS",-117.12371288,33.133022689999997
6587480,2014,2016-05-24,3711,2014-08-04,0138,5669,,1,5,7,3711,0,0,0,,0,614,"SUNSET CLIFFS BL","RT 8",0.00,,Y,A,-,Y,SD,11,8,-,T,0.540,I,5,W,Y,4,0,1,1,A,-,03,22350,,N,E,I,A,A,H,-,C,A,0,,,,,Y,Y,-,,0,0,1,0,0,0,0,0,0,"- ","- ",,,"SAN DIEGO","SAN DIEGO",-117.23342382,32.756137930000001
6587519,2014,2014-09-04,3711,2014-08-02,2001,6000,,6,5,7,3711,0,0,0,,0,311,"LINDA VISTA RD","AERO DR",153.00,S,N,B,-,N,,,,,,,,,,Y,3,0,1,1,A,-,03,22350,,N,F,A,A,A,H,-,D,D,0,,,Y,,Y,Y,C,02,0,1,0,0,0,0,0,0,1,"- ","- ",,,"SAN DIEGO","SAN DIEGO",-117.15358159,32.810766630000003
6587859,2014,2014-09-04,3701,2014-08-08,1709,5433,110,5,5,5,3701,0,0,0,,0,008,"LA COSTA AV","RANCHO SANTA FE RD",91.00,W,N,A,-,N,,,,,,,,,,Y,4,0,2,4,A,-,01,23152,F,N,C,C,A,A,H,-,A,D,0,,,,,Y,Y,A,07,0,0,2,0,0,0,0,0,0,"- ","- ",,,"SAN DIEGO",CARLSBAD,-117.23719663999999,33.081750460000002
6588128,2014,2014-09-04,3701,2014-08-08,0023,5444,2,5,5,5,3701,0,0,0,,0,001,"CARLSBAD BL","STATE ST",0.00,,Y,A,-,N,,,,,,,,,,Y,4,0,1,1,A,-,01,23152,A,N,A,I,A,A,H,-,C,D,0,,,,,Y,Y,A,01,0,0,1,0,0,0,0,0,0,"- ","- ",33.165460000000003,-117.35433,"SAN DIEGO",CARLSBAD,-117.35435475,33.165769500000003
6589694,2014,2014-09-04,3711,2014-08-07,2310,6846,,4,5,7,3711,0,0,0,,0,315,"FRIARS RD","NORTHSIDE DR",125.00,E,N,A,-,N,,,,,,,,,,Y,4,0,2,2,A,-,04,21703,,N,C,C,A,A,H,-,C,D,0,,,,,Y,Y,A,01,0,0,2,0,0,0,0,0,0,"- ","- ",,,"SAN DIEGO","SAN DIEGO",-117.12757128,32.784311889999998
6589714,2014,2014-09-08,3711,2014-08-10,0530,7152,SANDI,7,5,7,3711,0,0,0,,0,437,"S BRIARWOOD","GOODE ST",12.00,N,N,A,-,N,,,,,,,,,,Y,4,0,1,2,A,-,04,21703,,N,C,C,A,A,H,-,B,A,0,,,,,Y,Y,-,,0,0,1,0,0,0,0,0,0,"- ","- ",,,"SAN DIEGO","SAN DIEGO",-117.03349179,32.684108899999998
6589721,2014,2014-09-04,3711,2014-08-01,1916,5972,,5,5,7,3711,0,0,0,,0,121,"BAYSIDE WALK","DEVON CT",0.00,,Y,A,-,N,,,,,,,,,,N,2,0,1,1,A,-,08,22107,,N,E,I,A,A,H,-,B,D,0,,Y,,,Y,Y,L,04,1,0,0,0,0,0,1,0,0,"- ","- ",,,"SAN DIEGO","SAN DIEGO",-117.25003009,32.766190109999997
6589724,2014,2016-01-05,3711,2014-08-07,0334,6950,,4,5,7,3711,0,0,0,,0,115,"LA JOLLA VILLAGE DR","EXECUTIVE WY",42.00,E,N,A,-,N,,,,,,,,,,Y,4,0,1,3,A,-,03,22350,,N,C,C,A,A,H,-,C,A,0,,,,,Y,Y,-,,0,0,1,0,0,0,0,0,0,"- ","- ",,,"SAN DIEGO","SAN DIEGO",-117.20956643,32.873843119999997
6589736,2014,2014-09-05,3711,2014-08-11,2219,6487,SD,1,5,7,3711,0,0,0,,0,834,"WIGHTMAN ST","41ST ST",10.00,W,N,A,-,N,,,,,,,,,,N,3,0,1,2,A,-,10,21950,A,M,G,B,B,A,H,-,C,A,0,Y,,,,Y,Y,-,,0,1,0,0,1,0,0,0,0,"- ","- ",,,"SAN DIEGO","SAN DIEGO",-117.10698241,32.747789470000001
6589773,2014,2014-09-15,3711,2014-08-08,2146,5051,,5,5,7,3711,0,0,0,,0,613,"WEST POINT LOMA BL","NIMITZ BL",263.00,W,N,B,-,N,,,,,,,,,,Y,3,0,1,2,A,-,11,21954,A,N,G,B,D,A,H,-,D,D,0,Y,,,,Y,Y,N,60,0,1,0,0,1,0,0,0,0,"- ","- ",,,"SAN DIEGO","SAN DIEGO",-117.23693315,32.751023549999999
6589781,2014,2014-09-15,3711,2014-08-11,0230,4806,,1,5,7,3711,0,0,0,,0,122,"CASS ST","GRAND AV",105.00,N,N,A,-,N,,,,,,,,,,N,4,0,1,2,A,-,08,22107,,N,D,C,A,A,H,-,C,D,0,,,,,Y,Y,-,,0,0,1,0,0,0,0,0,0,"- ","- ",,,"SAN DIEGO","SAN DIEGO",-117.25135229999999,32.795806900000002
6590345,2014,2014-09-09,3711,2014-08-06,1426,5985,,3,5,7,3711,0,0,0,,0,836,"MAPLE ST","FAIRMONT AV",60.00,E,N,A,-,N,,,,,,,,,,Y,4,0,1,3,A,-,08,22107,,N,E,I,A,A,H,-,A,A,0,,,,,Y,Y,A,07,0,0,1,0,0,0,0,0,0,"- ","- ",,,"SAN DIEGO","SAN DIEGO",-117.10086579,32.73335179
6591606,2014,2014-09-05,3705,2014-08-10,2342,EC0302,,7,5,5,3705,0,0,0,,0,010,"E MAIN",MAGNOLIA,20.00,E,N,A,-,N,,,,,,,,,,Y,4,0,2,2,A,-,01,23153,A,N,C,C,A,A,H,-,C,A,0,,,,,Y,Y,D,22,0,0,2,0,0,0,0,0,0,"- ","- ",,,"SAN DIEGO","EL CAJON",-116.96228515,32.79495
6592107,2014,2014-09-02,3705,2014-07-27,2241,EC0281,,7,5,5,3705,0,0,0,,0,007,"E MAIN","SYDNEY TER",0.00,,Y,A,-,N,,,,,,,,,,Y,4,0,1,1,A,-,01,23152,B,N,E,I,A,A,H,-,C,D,0,,,,,Y,Y,A,01,0,0,1,0,0,0,0,0,0,"- ","- ",,,"SAN DIEGO","EL CAJON",-116.91496008,32.817820089999998
6592111,2014,2014-09-02,3705,2014-07-28,2129,EC0353,,1,5,5,3705,0,0,0,,0,009,JAMACHA,DOROTHY,110.00,S,N,A,-,N,,,,,,,,,,Y,3,0,1,6,A,-,01,23152,B,N,B,E,A,A,H,-,C,D,0,,,,,Y,Y,A,01,0,1,0,0,0,0,0,0,0,"- ","- ",,,"SAN DIEGO","EL CAJON",-116.93256692,32.79161774
6592140,2014,2014-09-02,9680,2014-07-19,0025,017928,,6,3,9,3700,0,3,5,,2,009,"FEATHERSTONE CANYON RD","WILDCAT CANYON RD",528.00,E,N,A,-,N,,,,,,,,,,N,3,0,1,1,A,-,01,23152,A,N,F,A,A,A,H,-,D,D,0,,,,,Y,Y,A,07,0,1,0,0,0,0,0,0,0,"- ","- ",32.95288,-116.83963,"SAN DIEGO",UNINCORPORATED,-116.83963,32.95288
6592228,2014,2016-05-21,9650,2014-07-31,0015,019308,,4,3,6,3706,0,1,3,,2,019,"RT 78","NORTH CENTRE CITY PKWY",300.00,E,N,A,-,Y,SD,11,78,-,R,17.360,H,-,E,Y,4,0,1,2,A,-,01,23152,A,N,C,C,A,A,H,-,D,D,1,,,,,Y,Y,A,07,0,0,1,0,0,0,0,0,0,"- ","- ",33.131030000000003,-117.09144000000001,"SAN DIEGO",ESCONDIDO,-117.09147994999999,33.131026849999998
6592265,2014,2016-05-21,9645,2014-07-26,0300,019496,,6,3,7,3711,0,1,1,,2,005,"RT 5","SEA WORLD DR",200.00,S,N,A,-,Y,SD,11,5,-,R,20.670,H,-,N,Y,3,0,1,1,A,-,08,22107,,M,E,I,A,A,H,-,D,D,1,,,,,Y,Y,A,01,0,1,0,0,0,0,0,0,0,"- ","- ",32.768000000000001,-117.205,"SAN DIEGO","SAN DIEGO",-117.20596189,32.767834950000001
6592277,2014,2016-05-24,9645,2014-07-17,2110,019322,,4,2,7,3711,0,1,1,,2,010,"RT 8","WEST MISSION BAY DR",500.00,E,N,A,-,Y,SD,11,8,-,L,1.370,H,-,E,Y,4,0,2,2,A,-,01,23152,A,N,C,C,A,A,H,-,D,D,1,,,Y,,Y,Y,C,02,0,0,2,0,0,0,0,0,2,"- ","- ",32.756790000000002,-117.22031,"SAN DIEGO","SAN DIEGO",-117.22097324000001,32.756937129999997
6592317,2014,2016-05-16,9645,2014-07-17,0118,016409,,4,3,7,3711,0,1,3,,2,023,"RT 163","RT 805",1056.00,S,N,A,-,Y,SD,11,163,-,-,6.760,H,-,N,Y,4,0,2,2,A,-,01,23152,A,N,B,C,A,A,H,-,C,D,1,,,,,Y,Y,A,07,0,0,2,0,0,0,0,0,0,"- ","- ",32.805860000000003,-117.15354000000001,"SAN DIEGO","SAN DIEGO",-117.1541288,32.804904860000001
6592340,2014,2016-05-21,9680,2014-07-27,1548,019729,,7,2,9,3700,0,1,3,,1,090,"RT 67","MUSSEY GRADE RD",0.00,,Y,A,-,Y,SD,11,67,-,R,20.873,I,5,N,Y,2,0,1,1,A,-,01,23152,A,N,F,A,A,A,H,-,A,D,0,,,,,Y,Y,A,07,1,0,0,0,0,0,0,0,0,"- ","- ",33.008890000000001,-116.91473999999999,"SAN DIEGO",UNINCORPORATED,-116.91500181000001,33.008946000000002
6592344,2014,2016-05-28,9680,2014-07-27,1355,019490,,7,1,5,3705,0,1,1,,2,082,"RT 8","2ND ST",0.00,,Y,B,-,Y,SD,11,8,-,-,17.221,R,1,E,Y,4,0,1,2,A,-,01,23152,A,N,G,B,B,A,H,-,A,A,1,Y,,,,Y,Y,A,01,0,0,1,0,1,0,0,0,0,"- ","- ",32.802619999999997,-116.93591000000001,"SAN DIEGO","EL CAJON",-116.93801747000001,32.802944650000001
6592416,2014,2016-05-21,9650,2014-08-03,1700,016026,,7,2,5,3713,0,1,3,,2,017,"RT 78","MAR VISTA DR",865.00,W,N,B,-,Y,SD,11,78,-,-,7.550,H,-,E,Y,3,0,2,2,A,-,01,23152,A,N,C,C,A,A,H,-,A,D,1,,,,,Y,Y,A,01,0,1,1,0,0,0,0,0,0,"- ","- ",33.182780000000001,-117.23164,"SAN DIEGO",VISTA,-117.2319766,33.183298540000003
6592489,2014,2014-09-08,9680,2014-08-02,1655,017928,,6,2,9,3700,0,3,5,,2,009,"VISTA RAMONA RD","ARENA WY",0.00,W,N,B,C,N,,,,,,,,,,Y,3,0,1,1,A,-,01,23152,A,N,E,I,A,B,H,-,A,D,0,,,,,Y,Y,A,01,0,1,0,0,0,0,0,0,0,"- ","- ",33.02722,-116.82035999999999,"SAN DIEGO",UNINCORPORATED,-116.81886012,33.026540070000003
6592616,2014,2016-05-20,9645,2014-08-03,0215,019257,,7,3,7,3711,0,1,1,,2,015,"RT 805","RT 5",307.00,N,N,A,-,Y,SD,11,805,-,-,28.550,H,-,S,Y,2,0,1,1,A,-,01,23152,A,N,E,I,A,A,H,-,D,D,1,,,,,Y,Y,A,07,1,0,0,0,0,0,0,0,0,"- ","- ",32.904000000000003,-117.2243,"SAN DIEGO","SAN DIEGO",-117.2243127,32.904664769999997
6592679,2014,2016-05-20,9680,2014-08-01,2155,015766,,5,2,9,3700,0,1,1,,2,086,"RT 8","MCCAIN VALLEY RD",8976.00,E,N,B,-,Y,SD,11,8,-,R,69.430,H,-,E,Y,2,0,1,1,A,-,01,23152,A,N,E,I,A,A,H,-,D,A,1,,,,,Y,Y,A,07,1,0,0,0,0,0,0,0,0,"- ","- ",32.660730000000001,-116.23260000000001,"SAN DIEGO",UNINCORPORATED,-116.23253939,32.660795520000001
6592687,2014,2016-05-25,9645,2014-08-03,0137,019445,,7,3,7,3711,0,1,1,,2,010,"RT 8","QUALCOMM WY",1095.00,W,N,B,-,Y,SD,11,8,-,-,3.759,R,2,E,Y,3,0,1,1,A,-,01,23152,A,N,E,I,A,B,H,-,C,D,1,,,,,Y,Y,A,01,0,1,0,0,0,0,0,0,0,TO,"- ",32.768720000000002,-117.14269,"SAN DIEGO","SAN DIEGO",-117.14207292,32.769003320000003
6592734,2014,2014-09-05,9650,2014-08-02,0645,15906,,6,1,9,3700,0,3,5,,2,006,"PALOMAR DR","ALTA VISTA DR",1584.00,S,N,B,-,N,,,,,,,,,,Y,3,0,2,1,A,-,01,23152,A,N,E,I,A,A,H,-,A,D,0,,,,,Y,Y,D,22,0,2,0,0,0,0,0,0,0,"- ","- ",33.325609999999998,-117.22599,"SAN DIEGO",UNINCORPORATED,-117.22581709000001,33.325249720000002
6592939,2014,2014-09-02,9650,2014-07-27,0410,019308,,7,3,9,3700,0,2,4,,1,027,"VALLEY CENTER RD","LILAC RD",2112.00,S,N,A,-,N,,,,,,,,,,Y,3,0,1,2,A,-,01,23152,A,F,C,C,A,A,H,-,C,D,0,,,,,Y,Y,A,01,0,1,0,0,0,0,0,0,0,"- ","- ",33.217750000000002,-117.03344,"SAN DIEGO",UNINCORPORATED,-117.03352919,33.217437990000001
6592951,2014,2016-05-24,9650,2014-07-31,0030,015868,,4,3,9,3700,0,1,3,,1,028,"RT 76","PALA MISSION RD",0.00,,Y,A,-,Y,SD,11,76,-,-,23.010,I,5,E,Y,3,0,2,2,A,-,01,23152,A,F,D,C,A,A,H,-,C,A,0,,,,,Y,Y,A,01,0,2,0,0,0,0,0,0,0,"- ","- ",33.364319999999999,-117.08544999999999,"SAN DIEGO",UNINCORPORATED,-117.08533634,33.364467050000002
6592995,2014,2016-05-24,9645,2014-08-09,2130,019344,,6,2,7,3711,0,1,1,,2,017,"RT 15","SCRIPPS POWAY PKWY",10.00,S,N,A,-,Y,SD,11,15,-,M,17.118,R,1,N,Y,3,0,2,2,A,-,01,23152,A,F,C,C,A,A,H,-,C,A,1,,,,,Y,Y,A,01,0,1,1,0,0,0,0,0,0,"- ","- ",32.936430000000001,-117.11071,"SAN DIEGO","SAN DIEGO",-117.11193364,32.933955439999998
6593032,2014,2014-09-04,9650,2014-08-03,2150,019549,,7,2,9,3700,0,3,5,,2,213,"OLD CASTLE RD","PAMOOSA LN",2640.00,E,N,B,-,N,,,,,,,,,,Y,4,0,1,1,A,-,01,23152,A,N,E,I,A,A,H,-,D,D,0,,,,,Y,Y,A,01,0,0,1,0,0,0,0,0,0,"- ","- ",33.253100000000003,-117.11620000000001,"SAN DIEGO",UNINCORPORATED,-117.11042343,33.255240960000002
6593529,2014,2015-09-24,3700,2014-06-20,2357,SH7713,,5,5,3,3783,0,0,0,,0,273,"10TH AV","PLAZA ST",0.00,,Y,A,-,N,,,,,,,,,,Y,4,0,1,2,A,-,01,23152,A,N,C,C,A,A,H,-,C,A,0,,,,,Y,Y,-,,0,0,1,0,0,0,0,0,0,"- ","- ",,,"SAN DIEGO","SOLANA BEACH",,
6593533,2014,2014-09-03,3700,2014-06-30,1556,SH1706,,1,5,5,3782,0,0,0,,0,210,"NORTH COAST HWY","NORTH CT",0.00,,Y,B,-,N,,,,,,,,,,Y,3,0,1,2,A,-,09,21802,A,N,D,C,A,A,H,-,A,D,0,,,Y,,Y,Y,A,01,0,1,0,0,0,0,0,0,1,"- ","- ",,,"SAN DIEGO",ENCINITAS,-117.29920799999999,33.058115999999998
6593545,2014,2014-09-03,3700,2014-06-15,2017,SH1706,,7,5,5,3782,0,0,0,,0,223,"EL CAMINIO REAL","VIA MOLENA",275.00,S,N,A,-,N,,,,,,,,,,N,3,0,1,2,A,-,"- ",,,N,G,B,D,A,H,-,C,D,0,Y,,,,Y,Y,N,60,0,1,0,0,1,0,0,0,0,"- ","- ",,,"SAN DIEGO",ENCINITAS,-117.25974831000001,33.048009870000001
6594427,2014,2016-05-24,9645,2014-08-14,0353,15664,,4,3,7,3711,0,1,1,,2,019,"RT 15","TED WILLIAMS PKWY",230.00,N,N,A,-,Y,SD,11,15,-,M,19.510,H,-,N,Y,4,0,1,2,A,-,01,23152,A,N,C,C,A,A,H,-,C,D,1,,,,,Y,Y,A,01,0,0,1,0,0,0,0,0,0,"- ","- ",32.96528,-117.09462000000001,"SAN DIEGO","SAN DIEGO",-117.09481859,32.965233380000001
6595490,2014,2014-09-08,3711,2014-08-07,1852,4759,,4,5,7,3711,0,0,0,,0,121,"WEST MISSION BAY DR","MISSION BL",255.00,E,N,B,-,N,,,,,,,,,,N,4,0,2,4,A,-,"- ",,,N,C,C,A,A,H,-,A,D,0,,,,,Y,Y,-,,0,0,2,0,0,0,0,0,0,"- ","- ",,,"SAN DIEGO","SAN DIEGO",-117.25030337,32.772055909999999
6595518,2014,2014-09-08,3711,2014-08-07,1600,6994,,4,5,7,3711,0,0,0,,0,442,"BOSTON AV","40TH ST",6.00,E,N,A,-,N,,,,,,,,,,N,4,0,1,2,A,-,09,21802,A,N,D,G,A,A,H,-,A,D,0,,Y,,,Y,Y,-,,0,0,1,0,0,0,1,0,0,"- ","- ",,,"SAN DIEGO","SAN DIEGO",-117.10811056999999,32.693930299999998
6595530,2014,2014-08-29,3709,2014-07-22,2124,461,SB,2,5,5,3709,0,0,0,,0,021,"PALM AV","1ST ST",44.00,S,N,A,-,N,,,,,,,,,,Y,4,0,1,4,A,-,01,23152,A,N,C,E,A,A,H,-,C,D,0,,,,,Y,Y,-,,0,0,1,0,0,0,0,0,0,"- ","- ",,,"SAN DIEGO","NATIONAL CITY",-117.09325007,32.686384060000002
6595711,2014,2016-05-25,3711,2014-07-19,0350,018652,,6,5,7,3711,0,0,0,,0,010,"RT 8","PRESIDIO PK",355.00,E,N,A,-,Y,SD,11,8,-,-,1.049,R,2,W,Y,3,0,1,1,A,-,01,23152,A,M,E,I,A,A,H,-,C,A,0,,,,,Y,Y,A,01,0,1,0,0,0,0,0,0,0,"- ","- ",32.760399999999997,-117.18735,"SAN DIEGO","SAN DIEGO",-117.18767111,32.759789789999999
6595719,2014,2016-05-16,9645,2014-07-27,0335,017139,,7,3,7,3711,0,1,3,,2,002,"RT 905","LA MEDIA RD",1076.00,W,N,A,-,Y,SD,11,905,-,R,9.508,R,3,E,Y,3,0,1,1,A,-,01,23152,A,N,E,I,A,A,H,-,C,D,1,,,,,Y,Y,A,01,0,1,0,0,0,0,0,0,0,"- ","- ",32.567950000000003,-116.96729000000001,"SAN DIEGO","SAN DIEGO",-116.96771563999999,32.564066179999998
6595806,2014,2014-09-05,3709,2014-08-10,0121,415,,7,5,5,3709,0,0,0,,0,023,"L AV","EAST 30TH ST",80.00,N,N,A,-,N,,,,,,,,,,Y,3,0,1,3,A,-,01,23152,A,M,C,E,A,A,H,-,C,D,0,,,,,Y,Y,A,01,0,1,0,0,0,0,0,0,0,"- ","- ",,,"SAN DIEGO","NATIONAL CITY",-117.08734696,32.660479240000001
6596160,2014,2014-09-10,3710,2014-08-15,2241,OC1394,,5,5,6,3710,0,0,0,,0,016,MISSION,FIRESIDE,15.00,W,N,A,-,N,,,,,,,,,,N,4,0,2,3,A,-,01,23152,A,N,C,C,A,A,H,-,C,A,0,,,,,Y,Y,A,01,0,0,2,0,0,0,0,0,0,"- ","- ",,,"SAN DIEGO",OCEANSIDE,-117.33550742,33.22237355
6596411,2014,2014-09-17,3703,2014-08-08,0211,1118,,5,5,3,3703,0,0,0,,0,003,"POMONA AV","MARIA PL",57.00,S,N,A,-,N,,,,,,,,,,N,3,0,1,2,A,-,01,23152,A,M,C,E,A,A,H,-,C,D,0,,,,,Y,Y,A,07,0,1,0,0,0,0,0,0,0,"- ","- ",,,"SAN DIEGO",CORONADO,-117.17302017,32.685468829999998
6597200,2014,2016-05-16,9680,2014-07-31,2150,013686,,4,2,5,3705,0,1,3,,2,028,"RT 125","GROSSMONT COLLEGE DR",528.00,S,N,A,-,Y,SD,11,125,-,-,19.863,R,2,N,Y,3,0,1,1,A,-,01,23152,A,N,E,I,A,A,H,-,C,D,1,,,,,Y,Y,A,01,0,1,0,0,0,0,0,0,0,"- ","- ",32.80959,-117.00469,"SAN DIEGO","EL CAJON",-117.00535656,32.804253860000003
6598324,2014,2016-01-05,3711,2014-08-15,2155,6513,,5,5,7,3711,0,0,0,,0,235,"SAN PASQUAL RD","RANCHO VILLA RD",7181.00,W,N,A,-,N,,,,,,,,,,Y,3,0,1,1,A,-,08,22107,,N,F,I,A,A,H,-,D,D,0,,,,,Y,Y,D,22,0,1,0,0,0,0,0,0,0,"- ","- ",,,"SAN DIEGO","SAN DIEGO",,
6598347,2014,2014-09-05,3711,2014-08-19,0907,6830,,2,5,7,3711,0,0,0,,0,111,"CLAIREMONT MESA BL","CLAREMONT MESA BL 4200",6.00,S,N,A,-,N,,,,,,,,,,Y,4,0,1,4,A,-,01,23152,A,N,B,E,A,A,H,-,A,D,0,,,,,Y,Y,-,,0,0,1,0,0,0,0,0,0,"- ","- ",,,"SAN DIEGO","SAN DIEGO",,
6599849,2014,2016-05-28,9680,2014-08-11,0600,015972,,1,1,9,3700,0,1,1,,2,085,"RT 8","RT 79",2640.00,W,N,A,-,Y,SD,11,8,-,R,37.420,H,-,E,Y,3,0,2,1,A,-,08,22107,,N,F,A,A,A,H,-,A,D,1,,,,,Y,Y,A,07,0,1,1,0,0,0,0,0,0,"- ","- ",32.832439999999998,-116.63082,"SAN DIEGO",UNINCORPORATED,-116.63044323,32.832313280000001
6599898,2014,2016-05-24,9680,2014-08-07,0200,019946,,4,3,9,3700,0,3,5,,2,003,"RT 79","LOS TERRINITOS RD",528.00,N,N,A,-,Y,SD,11,79,-,L,0.690,H,-,N,Y,3,0,1,1,A,-,01,23152,A,N,E,I,A,A,H,-,D,D,0,,,,,Y,Y,A,01,0,1,0,0,0,0,0,0,0,"- ","- ",32.835410000000003,-116.2085,"SAN DIEGO",UNINCORPORATED,-116.62088888,32.835431219999997
6600117,2014,2014-09-29,3710,2014-08-30,2016,OC1401,,6,5,6,3710,0,0,0,,0,006,"NORTH COAST HWY","MISSION AV",65.00,S,N,A,-,N,,,,,,,,,,Y,4,0,2,3,A,-,01,23152,A,N,C,C,A,A,H,-,C,A,0,,,,,Y,Y,A,01,0,0,2,0,0,0,0,0,0,"- ","- ",,,"SAN DIEGO",OCEANSIDE,-117.37941941,33.195753570000001
6600185,2014,2016-05-16,9680,2014-08-24,0725,18104,,7,1,5,3705,0,1,3,,2,028,"RT 125","CALL BOX 8-124",314.00,W,N,A,-,Y,SD,11,125,-,R,15.160,R,2,N,Y,3,0,1,1,A,-,01,23152,A,N,E,I,A,A,H,-,A,A,1,,,,,Y,Y,D,22,0,1,0,0,0,0,0,0,0,TO,"- ",32.778269999999999,-117.0012,"SAN DIEGO","EL CAJON",-117.00253481999999,32.774283570000001
6600736,2014,2014-09-03,3711,2014-08-15,0151,6513,,5,5,7,3711,0,0,0,,0,242,"ANDASOL ST","ACASO CT",51.00,S,N,A,-,N,,,,,,,,,,Y,3,0,1,2,A,-,08,22107,,N,C,E,A,A,H,-,C,D,0,,,Y,,Y,Y,C,02,0,1,0,0,0,0,0,0,1,"- ","- ",,,"SAN DIEGO","SAN DIEGO",-117.15812889,32.925800150000001