CASE_ID,ACCIDENT_YEAR,PROC_DATE,JURIS,COLLISION_DATE,COLLISION_TIME,OFFICER_ID,REPORTING_DISTRICT,DAY_OF_WEEK,CHP_SHIFT,POPULATION,CNTY_CITY_LOC,SPECIAL_COND,BEAT_TYPE,CHP_BEAT_TYPE,CITY_DIVISION_LAPD,CHP_BEAT_CLASS,BEAT_NUMBER,PRIMARY_RD,SECONDARY_RD,DISTANCE,DIRECTION,INTERSECTION,WEATHER_1,WEATHER_2,STATE_HWY_IND,CALTRANS_COUNTY,CALTRANS_DISTRICT,STATE_ROUTE,ROUTE_SUFFIX,POSTMILE_PREFIX,POSTMILE,LOCATION_TYPE,RAMP_INTERSECTION,SIDE_OF_HWY,TOW_AWAY,COLLISION_SEVERITY,NUMBER_KILLED,NUMBER_INJURED,PARTY_COUNT,PRIMARY_COLL_FACTOR,PCF_CODE_OF_VIOL,PCF_VIOL_CATEGORY,PCF_VIOLATION,PCF_VIOL_SUBSECTION,HIT_AND_RUN,TYPE_OF_COLLISION,MVIW,PED_ACTION,ROAD_SURFACE,ROAD_COND_1,ROAD_COND_2,LIGHTING,CONTROL_DEVICE,CHP_ROAD_TYPE,PEDESTRIAN_ACCIDENT,BICYCLE_ACCIDENT,MOTORCYCLE_ACCIDENT,TRUCK_ACCIDENT,NOT_PRIVATE_PROPERTY,ALCOHOL_INVOLVED,STWD_VEHTYPE_AT_FAULT,CHP_VEHTYPE_AT_FAULT,COUNT_SEVERE_INJ,COUNT_VISIBLE_INJ,COUNT_COMPLAINT_PAIN,COUNT_PED_KILLED,COUNT_PED_INJURED,COUNT_BICYCLIST_KILLED,COUNT_BICYCLIST_INJURED,COUNT_MC_KILLED,COUNT_MC_INJURED,PRIMARY_RAMP,SECONDARY_RAMP,LATITUDE,LONGITUDE,COUNTY,CITY,POINT_X,POINT_Y
6627072,2014,2014-09-24,3705,2014-08-06,1845,EC0341,,3,5,5,3705,0,0,0,,0,010,"E PARK AV","PARKETT LN",116.00,W,N,A,-,N,,,,,,,,,,Y,3,0,1,2,A,-,01,23152,A,M,E,E,A,A,H,-,A,D,0,,,,,Y,Y,A,01,0,1,0,0,0,0,0,0,0,"- ","- ",,,"SAN DIEGO","EL CAJON",-116.95644609999999,32.79833524
6627101,2014,2016-05-21,9680,2014-08-31,1020,016102,,7,1,9,3700,0,1,3,,1,040,"RT 94","POTRERO VALLEY RD",6336.00,W,N,A,-,Y,SD,11,94,-,-,40.270,H,-,E,Y,3,0,1,1,A,-,03,22350,,N,E,I,A,A,H,-,A,A,0,,,,,Y,Y,A,07,0,1,0,0,0,0,0,0,0,"- ","- ",32.60866,-116.63070999999999,"SAN DIEGO",UNINCORPORATED,-116.63118952000001,32.608340310000003
6627898,2014,2014-09-24,9645,2014-09-09,0123,19035,,2,3,7,3711,0,1,1,,2,007,"RT 5","VIA DE LA VALLE",3280.00,S,N,A,-,Y,,,5,,,,,,,Y,4,0,3,2,A,-,01,23152,A,N,C,C,A,A,H,-,D,D,0,,,,,Y,Y,A,01,0,0,3,0,0,0,0,0,0,"- ","- ",32.974539999999998,-117.25097,"SAN DIEGO","SAN DIEGO",-117.25093719,32.974551990000002
6629009,2014,2014-09-30,3701,2014-08-31,1925,5210,39,7,5,5,3701,0,0,0,,0,003,"PIO PICO DR","PALM AV",42.00,S,N,A,-,N,,,,,,,,,,N,4,0,1,3,A,-,06,21750,,F,B,G,A,A,H,-,A,D,0,,Y,,,Y,Y,-,,0,0,1,0,0,0,1,0,0,"- ","- ",,,"SAN DIEGO",CARLSBAD,-117.33842476,33.156584719999998
6629220,2014,2016-05-28,9645,2014-09-09,0055,15046,,2,3,7,3711,0,1,1,,2,010,"RT 8","TEXAS ST",1584.00,W,N,A,-,Y,SD,11,8,-,-,3.600,H,-,E,Y,3,0,1,1,A,-,01,23152,A,N,E,I,A,A,H,-,C,D,1,,,,,Y,Y,A,01,0,1,0,0,0,0,0,0,0,"- ","- ",32.771279999999997,-117.13343,"SAN DIEGO","SAN DIEGO",-117.14457487999999,32.767975409999998
6629331,2014,2014-10-09,3711,2014-09-06,1319,4823,,6,5,7,3711,0,0,0,,0,313,"BALBOA AV",PONDEROSA,340.00,W,N,A,-,N,,,,,,,,,,Y,2,0,1,1,A,-,08,22107,,N,E,I,A,A,H,-,A,D,0,,,,,Y,Y,A,01,1,0,0,0,0,0,0,0,0,"- ","- ",,,"SAN DIEGO","SAN DIEGO",-117.13335203,32.822186260000002
6629333,2014,2014-10-09,3711,2014-09-10,1150,7048,,3,5,7,3711,0,0,0,,0,122,"LAW ST",CASS,0.00,,Y,A,-,N,,,,,,,,,,N,3,0,1,2,A,-,09,21800,A,M,B,G,A,A,H,-,A,A,0,,Y,,,Y,Y,-,,0,1,0,0,0,0,1,0,0,"- ","- ",,,"SAN DIEGO","SAN DIEGO",-117.25355003999999,32.802970109999997
6629351,2014,2014-10-09,3711,2014-09-06,1527,6935,,6,5,7,3711,0,0,0,,0,611,"PACIFIC HWY","NOELL ST",115.00,W,N,A,-,N,,,,,,,,,,Y,3,0,1,2,A,-,04,21703,,M,C,C,A,A,H,-,A,D,0,,,,,Y,Y,-,,0,1,0,0,0,0,0,0,0,"- ","- ",,,"SAN DIEGO","SAN DIEGO",-117.18788401,32.74218578
6629709,2014,2016-05-24,3711,2014-09-14,1521,7009,,7,5,7,3711,0,0,0,,0,614,"SUNSET CLIFFS BL","RT 8",21.00,N,N,A,-,Y,SD,11,8,-,T,0.540,I,6,W,Y,4,0,1,2,A,-,04,21703,,N,C,C,A,A,H,-,A,A,0,,,,,Y,Y,-,,0,0,1,0,0,0,0,0,0,"- ",WF,,,"SAN DIEGO","SAN DIEGO",-117.23342382,32.756137930000001
6629741,2014,2014-09-29,3711,2014-09-13,2010,7024,3711,6,5,7,3711,0,0,0,,0,313,"CLAIREMONT MESA BL","COMPLEX DR",0.00,,Y,A,-,N,,,,,,,,,,N,3,0,1,2,A,-,11,21456,B,N,D,G,A,A,H,-,C,A,0,,Y,,,Y,Y,L,04,0,1,0,0,0,0,1,0,0,"- ","- ",,,"SAN DIEGO","SAN DIEGO",-117.1346801,32.831340040000001
6629745,2014,2014-09-29,3711,2014-09-13,1944,5522,,6,5,7,3711,0,0,0,,0,627,"4TH AV",WASHINGTON,24.00,S,N,A,-,N,,,,,,,,,,Y,4,0,1,2,A,-,09,21801,A,F,-,C,A,A,H,-,A,A,0,,,,,Y,Y,-,99,0,0,1,0,0,0,0,0,0,"- ","- ",,,"SAN DIEGO","SAN DIEGO",-117.16161511,32.749925470000001
6629757,2014,2014-09-29,3711,2014-09-11,1915,7189,,4,5,7,3711,0,0,0,,0,835,"POPLAR ST","COLUMBINE ST",78.00,W,N,A,-,N,,,,,,,,,,N,3,0,1,2,A,-,03,22350,,N,G,B,E,A,H,-,B,D,0,Y,,,,Y,Y,A,01,0,1,0,0,1,0,0,0,0,"- ","- ",,,"SAN DIEGO","SAN DIEGO",-117.10263374,32.737074800000002
6629855,2014,2014-09-30,3711,2014-09-14,1640,3432,,7,5,7,3711,0,0,0,,0,122,"GRESHAM ST","GARNET AV",27.00,N,N,A,-,N,,,,,,,,,,Y,4,0,1,2,A,-,03,22350,,N,C,C,A,A,H,-,A,A,0,,,,,Y,Y,-,,0,0,1,0,0,0,0,0,0,"- ","- ",,,"SAN DIEGO","SAN DIEGO",-117.24454086,32.799011839999999
6629880,2014,2014-09-30,3711,2014-09-16,1130,6361,,2,5,7,3711,0,0,0,,0,813,"TEXAS ST","POLK AV",0.00,,Y,A,-,N,,,,,,,,,,Y,4,0,1,2,A,-,12,22450,,M,D,C,A,A,H,-,A,A,0,,,,,Y,Y,-,,0,0,1,0,0,0,0,0,0,"- ","- ",,,"SAN DIEGO","SAN DIEGO",-117.13880001,32.752160000000003
6629900,2014,2014-09-30,3711,2014-09-14,1428,7130,,7,5,7,3711,0,0,0,,0,122,"MISSION BL","REED AV",66.00,N,N,A,-,N,,,,,,,,,,N,3,0,1,1,A,-,"- ",,,N,-,I,A,A,H,-,A,D,0,,Y,,,Y,Y,L,04,0,1,0,0,0,0,1,0,0,"- ","- ",,,"SAN DIEGO","SAN DIEGO",-117.25435398,32.792864979999997
6630049,2014,2014-11-04,3711,2014-09-14,0930,7180,,7,5,7,3711,0,0,0,,0,521,"K ST","14TH ST",22.00,W,N,A,-,N,,,,,,,,,,Y,4,0,1,2,A,-,12,22450,A,N,D,C,A,A,H,-,A,A,0,,,,,Y,Y,A,01,0,0,1,0,0,0,0,0,0,"- ","- ",,,"SAN DIEGO","SAN DIEGO",-117.15197128,32.708370000000002
6630512,2014,2014-10-10,9680,2014-09-16,1745,019255,,2,2,9,3700,0,3,5,,2,003,"JAPATUL RD","DEHESA RD",7920.00,E,N,A,-,N,,,,,,,,,,Y,4,0,1,1,A,-,01,23152,A,N,E,I,A,A,H,-,A,D,0,,,,,Y,Y,D,22,0,0,1,0,0,0,0,0,0,"- ","- ",32.799239999999998,-116.7516,"SAN DIEGO",UNINCORPORATED,-116.75136953000001,32.799370240000002
6630552,2014,2014-10-10,9680,2014-09-15,0055,018268,,1,3,9,3700,0,3,5,,2,002,"CHALLENGE BL","AVOCADO BL",55.00,W,N,A,-,N,,,,,,,,,,Y,2,0,1,1,A,-,01,23152,A,N,E,I,A,A,H,-,D,D,0,,,,,Y,Y,D,22,1,0,0,0,0,0,0,0,0,"- ","- ",32.755540000000003,-116.96196,"SAN DIEGO",UNINCORPORATED,-116.96182824,32.755522360000001
6630682,2014,2016-06-06,9645,2014-09-13,0519,014625,,6,3,7,3711,0,1,1,,2,007,"RT 5","DEL MAR HEIGHTS RD",3168.00,N,N,A,-,Y,SD,11,5,-,R,34.640,H,-,N,Y,2,0,1,2,A,-,01,23152,A,N,C,C,A,A,H,-,D,D,1,,,,Y,Y,Y,A,01,1,0,0,0,0,0,0,0,0,"- ","- ",32.959870000000002,-117.2454,"SAN DIEGO","SAN DIEGO",-117.24494335999999,32.957328680000003
6630831,2014,2016-05-25,9645,2014-09-08,1840,16864,,1,2,7,3711,0,1,1,,2,017,"RT 15","MIRA MESA BL",600.00,S,N,A,-,Y,SD,11,15,-,M,15.810,H,-,N,N,4,0,1,2,A,-,01,23152,A,N,B,C,A,A,H,-,A,D,1,,,,,Y,Y,A,01,0,0,1,0,0,0,0,0,0,"- ","- ",32.544800000000002,-117.65702,"SAN DIEGO","SAN DIEGO",-117.11604263,32.915287650000003
6630891,2014,2016-05-21,9645,2014-09-06,1840,018801,,6,2,7,3711,0,1,1,,2,017,"RT 15","RT 8",657.00,N,N,A,-,Y,SD,11,15,-,R,6.280,H,-,N,Y,4,0,1,2,A,-,08,22107,,N,B,C,A,A,H,-,B,D,1,,,,,Y,Y,A,01,0,0,1,0,0,0,0,0,0,"- ","- ",32.779269999999997,-117.11153,"SAN DIEGO","SAN DIEGO",-117.11302646999999,32.780964189999999
6631114,2014,2014-10-02,3700,2014-08-10,1910,SH1706,,7,5,3,3783,0,0,0,,0,273,"S RIOS AV","LOMAS SANTA FE DR",666.00,S,N,A,-,N,,,,,,,,,,Y,3,0,1,3,A,-,01,23152,A,N,F,E,A,A,H,-,A,D,0,,,,,Y,Y,-,,0,1,0,0,0,0,0,0,0,"- ","- ",,,"SAN DIEGO","SOLANA BEACH",-117.26878527,32.990569139999998
6631132,2014,2016-05-21,3700,2014-08-11,2101,SH1706,,1,5,5,3782,0,0,0,,0,221,"ENCINITAS BL","RT 5",97.00,E,N,A,-,Y,SD,11,5,-,R,41.376,R,4,S,Y,4,0,1,2,A,-,01,23153,B,F,G,B,E,A,H,-,C,D,0,Y,,,,Y,Y,A,01,0,0,1,0,1,0,0,0,0,"- ",SO,,,"SAN DIEGO",ENCINITAS,-117.28676523,33.046355640000002
6631136,2014,2014-10-02,3700,2014-08-07,2236,SH5379,,4,5,5,3782,0,0,0,,0,206,"TOWN CENTER PL","LEUCADIA BL",0.00,,Y,A,-,N,,,,,,,,,,Y,4,0,1,1,A,-,01,23152,B,N,E,I,A,A,H,-,C,A,0,,,,,Y,Y,A,01,0,0,1,0,0,0,0,0,0,"- ","- ",,,"SAN DIEGO",ENCINITAS,-117.26495,33.0678901
6631144,2014,2014-10-02,3700,2014-08-06,0006,SH1706,,3,5,5,3782,0,0,0,,0,223,"AMARGOSA DR","OLIVENHAIN RD",0.00,,Y,A,-,N,,,,,,,,,,N,3,0,1,2,A,-,11,21954,A,N,G,B,E,A,H,-,C,A,0,Y,,,,Y,Y,N,60,0,1,0,0,1,0,0,0,0,"- ","- ",,,"SAN DIEGO",ENCINITAS,-117.25505012000001,33.067090059999998
6631551,2014,2016-05-21,9650,2014-09-13,1523,019227,,6,2,9,3700,0,1,3,,2,015,"RT 78","EL CAMINO REAL",100.00,W,N,A,-,Y,SD,11,78,-,-,1.480,H,-,W,Y,2,0,1,1,A,-,01,23152,A,N,F,A,A,A,C,-,A,D,1,,,,,Y,Y,D,22,1,0,0,0,0,0,0,0,0,"- ","- ",33.181710000000002,-117.32744,"SAN DIEGO",UNINCORPORATED,-117.32722496,33.181699590000001
6631729,2014,2016-05-24,9650,2014-09-16,1740,015503,,2,2,6,3706,0,1,1,,2,023,"RT 15","EL NORTE PKWY",4224.00,S,N,B,C,Y,SD,11,15,-,R,32.060,H,-,N,Y,4,0,1,2,A,-,03,22350,,N,C,C,A,B,H,-,A,D,1,,,,,Y,Y,A,01,0,0,1,0,0,0,0,0,0,"- ","- ",33.134509999999999,-117.10522,"SAN DIEGO",ESCONDIDO,-117.10495455,33.135062230000003
6631733,2014,2014-11-05,9650,2014-09-13,2325,019191,,6,3,9,3700,0,2,4,,2,061,"SOUTH MISSION RD","LA CANADA RD",453.00,S,N,A,-,N,,,,,,,,,,Y,2,0,5,2,A,-,01,23152,A,N,A,C,A,A,H,-,D,D,0,,,,,Y,Y,A,07,3,2,0,0,0,0,0,0,0,"- ","- ",33.307139999999997,-117.22734,"SAN DIEGO",UNINCORPORATED,-117.22746443,33.307336479999996
6631737,2014,2014-11-07,9650,2014-09-13,0230,015868,,6,3,9,3700,0,3,5,,2,006,"OLIVE HILL RD","OLIVE HILL TRAIL",100.00,S,N,A,-,N,,,,,,,,,,Y,3,0,3,1,A,-,01,23152,A,N,E,I,A,A,H,-,D,D,0,,,,,Y,Y,A,01,0,3,0,0,0,0,0,0,0,"- ","- ",33.29757,-117.23718,"SAN DIEGO",UNINCORPORATED,-117.23607477,33.293384570000001
6632121,2014,2014-09-25,3700,2014-07-03,0510,SH4791,,4,5,5,3782,0,0,0,,0,223,"NORTH RANCHO SANTA FE RD","AVENIDA LA POSTA",0.00,,Y,A,-,N,,,,,,,,,,Y,4,0,1,1,A,-,01,23152,A,N,E,I,A,A,H,-,B,A,0,,,,,Y,Y,A,01,0,0,1,0,0,0,0,0,0,"- ","- ",,,"SAN DIEGO",ENCINITAS,-117.24062007000001,33.061280019999998
6632245,2014,2014-10-03,9650,2014-09-03,1007,015295,,3,1,9,3700,0,3,5,,1,212,"WEST LILAC RD","OLD HWY 395",3696.00,E,N,A,-,N,,,,,,,,,,Y,3,0,1,1,A,-,01,23152,F,N,E,I,A,A,H,-,A,D,0,,,,,Y,Y,A,01,0,1,0,0,0,0,0,0,0,"- ","- ",33.301020000000001,-117.1417,"SAN DIEGO",UNINCORPORATED,-117.14982000000001,33.300199999999997
6632342,2014,2016-01-05,3700,2014-09-14,0353,SH2155,,7,5,5,3712,0,0,0,,0,359,"SAN MARCOS BL","SOUTH RANCHO SANTA FE RD",28.00,E,N,A,-,N,,,,,,,,,,Y,3,0,1,1,A,-,01,23152,A,N,E,I,A,A,H,-,C,A,0,,,,,Y,Y,A,01,0,1,0,0,0,0,0,0,0,"- ","- ",,,"SAN DIEGO","SAN MARCOS",-117.20835454,33.131323289999997
6632566,2014,2016-01-05,3700,2014-07-21,2235,SH2292,,1,5,5,3782,0,0,0,,0,240,"RT 101","CHESTERFIELD DR",630.00,S,N,A,-,N,,,,,,,,,,N,4,0,1,2,A,-,08,22107,,N,C,E,A,A,H,-,C,A,0,,,,,Y,Y,A,01,0,0,1,0,0,0,0,0,0,"- ","- ",,,"SAN DIEGO",ENCINITAS,-117.28157198,33.017426919999998
6632570,2014,2014-09-26,3700,2014-07-21,1851,SH1706,,1,5,5,3782,0,0,0,,0,222,"NARDO RD","MELBA RD",0.00,,Y,A,-,N,,,,,,,,,,Y,3,0,1,1,A,-,01,23152,B,N,F,J,A,A,H,-,A,D,0,,,,,Y,Y,A,07,0,1,0,0,0,0,0,0,0,"- ","- ",,,"SAN DIEGO",ENCINITAS,-117.27714013000001,33.039860099999999
6632606,2014,2014-09-26,3700,2014-07-02,2213,SH7366,,3,5,4,3707,0,0,0,,0,702,"PALM AV","9TH ST",172.00,E,N,A,-,N,,,,,,,,,,N,3,0,1,1,A,-,01,21200,5,N,E,G,A,A,H,-,C,D,0,,Y,,,Y,Y,L,04,0,1,0,0,0,0,1,0,0,"- ","- ",,,"SAN DIEGO","IMPERIAL BEACH",-117.11375982,32.583978899999998
6632637,2014,2016-01-05,3700,2014-07-25,2309,SH7713,,5,5,3,3783,0,0,0,,0,273,"RT 101","LOMAS SANTA FE DR",0.00,,Y,A,-,N,,,,,,,,,,N,2,0,1,2,A,-,11,21950,B,N,G,B,C,A,H,-,C,A,0,Y,,,,Y,Y,N,60,1,0,0,0,1,0,0,0,0,"- ","- ",,,"SAN DIEGO","SOLANA BEACH",-117.27169001999999,32.991900049999998
6632820,2014,2016-05-21,9680,2014-09-10,0109,013686,,3,3,9,3700,0,1,3,,1,017,"RT 67","GOLD BAR LN",2112.00,N,N,A,-,Y,SD,11,67,-,-,7.600,H,-,N,Y,2,0,1,1,A,-,01,23152,A,N,E,I,A,A,H,-,D,D,0,,,,,Y,Y,A,01,1,0,0,0,0,0,0,0,0,"- ","- ",32.8842,-116.93062999999999,"SAN DIEGO",UNINCORPORATED,-116.96226752,32.803190049999998
6633146,2014,2016-05-24,3709,2014-09-19,2044,403,,5,5,5,3709,0,0,0,,0,023,"HIGHLAND AV","RT 54",0.00,,Y,A,-,Y,SD,11,54,-,-,1.115,R,4,W,Y,4,0,1,2,A,-,01,23152,A,N,D,C,A,A,H,-,C,A,0,,,,,Y,Y,D,22,0,0,1,0,0,0,0,0,0,"- ","- ",,,"SAN DIEGO","NATIONAL CITY",-117.08703903999999,32.657793650000002
6633273,2014,2015-05-29,3709,2014-09-17,0424,358,SOUTH,3,5,5,3709,0,0,0,,0,,"HIGHLAND AV","19TH ST",23.00,N,N,A,-,N,,,,,,,,,,Y,4,0,1,1,A,-,01,23152,A,N,E,I,A,A,H,-,C,D,0,,,,,Y,Y,A,01,0,0,1,0,0,0,0,0,0,"- ","- ",,,"SAN DIEGO","NATIONAL CITY",-117.09506335,32.668729829999997
6636152,2014,2016-01-05,3710,2014-09-21,2356,OC1177,,7,5,6,3710,0,0,0,,0,009,"COAST HWY",GODFREY,16.00,N,N,A,-,N,,,,,,,,,,Y,3,0,1,1,A,-,01,23152,A,N,E,I,A,A,H,-,C,D,0,,,,,Y,Y,D,22,0,1,0,0,0,0,0,0,0,"- ","- ",,,"SAN DIEGO",OCEANSIDE,-117.36857992,33.182785899999999
6636831,2014,2014-10-31,3711,2014-09-17,0750,6629,SDMUN,3,5,7,3711,0,0,0,,0,444,"MARKET ST","36TH ST",20.00,E,N,A,-,N,,,,,,,,,,Y,4,0,1,2,A,-,12,21453,A,N,D,C,A,A,H,-,A,A,0,,,,,Y,Y,-,,0,0,1,0,0,0,0,0,0,"- ","- ",,,"SAN DIEGO","SAN DIEGO",-117.11650520000001,32.711549179999999
6636878,2014,2014-12-24,3711,2014-09-18,2210,3815,,4,5,7,3711,0,0,0,,0,124,"LA JOLLA BL","SEA LN",0.00,,Y,A,-,N,,,,,,,,,,Y,4,0,1,2,A,-,09,21802,A,N,D,C,A,A,H,-,C,A,0,,,,,Y,Y,A,01,0,0,1,0,0,0,0,0,0,"- ","- ",,,"SAN DIEGO","SAN DIEGO",-117.27809004,32.836470030000001
6636887,2014,2014-10-29,3705,2014-09-07,2003,IC0295,,7,5,5,3705,0,0,0,,0,008,"E WASHINGTON",LINCOLN,15.00,E,N,A,-,N,,,,,,,,,,N,2,0,1,2,A,-,10,21950,A,N,G,B,B,A,H,-,C,D,0,Y,,,,Y,Y,A,01,1,0,0,0,1,0,0,0,0,"- ","- ",,,"SAN DIEGO","EL CAJON",-116.95364137,32.787640000000003
6637017,2014,2014-10-06,3705,2014-08-29,2240,EC0354,,5,5,5,3705,0,0,0,,0,006,CUYAMACA,FESLER,571.00,N,N,A,-,N,,,,,,,,,,Y,4,0,1,3,A,-,01,23152,A,M,B,E,A,A,H,-,C,D,0,,,,,Y,Y,A,01,0,0,1,0,0,0,0,0,0,"- ","- ",,,"SAN DIEGO","EL CAJON",-116.97963,32.810323820000001
6638316,2014,2014-10-08,3711,2014-09-18,2028,6902,,4,5,7,3711,0,0,0,,0,813,"UNIVERSITY AV","39TH ST",0.00,,Y,A,-,N,,,,,,,,,,N,3,0,1,2,A,-,12,22450,A,M,D,G,A,A,H,-,C,D,0,,Y,,,Y,Y,-,,0,1,0,0,0,0,1,0,0,"- ","- ",,,"SAN DIEGO","SAN DIEGO",-117.11065003,32.749690049999998
6638319,2014,2014-10-08,3711,2014-09-19,0610,4757,,5,5,7,3711,0,0,0,,0,521,"16TH ST","ISLAND AV",0.00,,Y,A,-,N,,,,,,,,,,N,3,0,1,2,A,-,12,22450,A,M,G,B,B,A,H,-,B,A,0,Y,,,,Y,Y,-,,0,1,0,0,1,0,0,0,0,"- ","- ",,,"SAN DIEGO","SAN DIEGO",-117.14946008,32.710450020000003
6639164,2014,2014-10-15,3706,2014-09-10,1924,ES0464,,3,5,6,3706,0,0,0,,0,051,"17TH AV","10TH AV",0.00,S,N,A,-,N,,,,,,,,,,Y,3,0,1,1,A,-,01,23152,A,N,A,J,A,A,H,-,C,D,0,,,,,Y,Y,D,23,0,1,0,0,0,0,0,0,0,"- ","- ",,,"SAN DIEGO",ESCONDIDO,,
6640609,2014,2014-10-13,3711,2014-09-11,0015,4708,SD,4,5,7,3711,0,0,0,,0,526,"CEDAR ST","4TH AV",0.00,,Y,A,-,N,,,,,,,,,,Y,4,0,1,2,A,-,12,21453,A,N,D,C,A,A,H,-,C,-,0,,,,,Y,Y,-,,0,0,1,0,0,0,0,0,0,"- ","- ",,,"SAN DIEGO","SAN DIEGO",-117.16111007000001,32.721970110000001
6640633,2014,2014-10-13,3711,2014-09-10,1826,7189,,3,5,7,3711,0,0,0,,0,831,"EUCLID AV","UNIVERSITY AV",105.00,N,N,A,-,N,,,,,,,,,,N,3,0,1,2,A,-,03,22350,,M,G,B,D,A,H,-,A,D,0,Y,,,,Y,Y,-,99,0,1,0,0,1,0,0,0,0,"- ","- ",,,"SAN DIEGO","SAN DIEGO",-117.09228571,32.749837589999998
6640834,2014,2016-05-21,9650,2014-09-17,2100,15868,,3,2,5,3712,0,1,3,,2,019,"RT 78","TWIN OAKS VALLEY RD",725.00,E,N,A,-,Y,SD,11,78,-,-,13.020,H,-,W,Y,3,0,1,1,A,-,01,23152,A,M,F,A,A,A,H,-,D,D,1,,,,,Y,Y,D,22,0,1,0,0,0,0,0,0,0,"- ","- ",33.13747,-117.16110999999999,"SAN DIEGO","SAN MARCOS",-117.16169226,33.137342750000002
6643001,2014,2014-11-14,3711,2014-10-01,2045,5051,,3,5,7,3711,0,0,0,,0,624,"MISSISSIPPI ST","MONROE AV",0.00,,Y,A,-,N,,,,,,,,,,Y,4,0,2,4,A,-,12,22450,A,N,D,C,A,A,H,-,C,D,0,,,,,Y,Y,A,01,0,0,2,0,0,0,0,0,0,"- ","- ",,,"SAN DIEGO","SAN DIEGO",-117.14132008,32.759100099999998
6643246,2014,2016-05-21,9650,2014-08-31,0150,018675,,7,3,6,3710,0,1,1,,2,005,"RT 5","RT 78",200.00,S,N,A,-,Y,SD,11,5,-,R,51.129,R,2,S,Y,3,0,3,1,A,-,01,23152,A,F,E,I,A,A,H,-,C,D,1,,,,,Y,Y,A,08,0,1,2,0,0,0,0,0,0,TO,"- ",33.175350000000002,-117.35142,"SAN DIEGO",OCEANSIDE,-117.35074622,33.176071559999997
6643886,2014,2015-01-20,9650,2014-11-15,0020,019308,,6,3,9,3700,0,3,5,,1,212,"MILLER RD","VALLEY CENTER RD",1056.00,N,N,A,-,N,,,,,,,,,,Y,3,0,1,1,A,-,01,23152,A,N,E,I,A,A,H,-,D,D,0,,,,,Y,Y,D,22,0,1,0,0,0,0,0,0,0,"- ","- ",33.233629999999998,-117.03267,"SAN DIEGO",UNINCORPORATED,-117.03254824,33.233417699999997
6643982,2014,2015-01-22,9645,2014-11-16,0335,20479,,7,3,6,3702,0,1,1,,2,009,"RT 805 N","PALOMAR ST",750.00,N,N,A,-,Y,,,805,,,,,,,Y,4,0,1,2,A,-,03,22350,,F,C,C,A,A,H,-,C,D,0,,,,,Y,Y,A,01,0,0,1,0,0,0,0,0,0,"- ","- ",32.617199999999997,-117.03879000000001,"SAN DIEGO","CHULA VISTA",-117.03876697,32.617208769999998
6643990,2014,2015-01-22,9645,2014-11-19,1115,17025,,3,1,7,3711,0,1,1,,2,021,"RT 15 N","RT 5",355.00,W,N,A,-,Y,,,15,,,,,,,Y,4,0,1,2,A,-,01,23152,A,N,C,C,A,A,H,-,A,A,0,,,,,Y,Y,D,22,0,0,1,0,0,0,0,0,0,FR,"- ",32.69247,-117.12183,"SAN DIEGO","SAN DIEGO",-117.12192476,32.692570959999998
6644006,2014,2015-01-16,9650,2014-11-20,0205,20422,,4,3,5,3713,0,1,3,,2,017,"RT 78","EMERALD AV",1320.00,E,N,B,-,Y,,,78,,,,,,,Y,3,0,2,1,A,-,01,23152,A,N,F,A,A,A,H,-,C,D,0,,,,,Y,Y,A,01,0,2,0,0,0,0,0,0,0,"- ","- ",33.190060000000003,-117.27554000000001,"SAN DIEGO",VISTA,-117.27552726,33.190033810000003
6644049,2014,2015-01-16,9650,2014-11-24,0300,19191,,1,3,9,3700,0,2,4,,1,027,"VALLEY CENTER RD","NORTH LAKE WOHLFORD RD",2904.00,,N,A,-,N,,,,,,,,,,Y,4,0,1,1,A,-,01,23152,A,N,E,I,A,A,H,-,D,D,0,,,,,Y,Y,A,01,0,0,1,0,0,0,0,0,0,"- ","- ",33.228700000000003,-116.96706,"SAN DIEGO",UNINCORPORATED,-116.97569004,33.22816005
6644061,2014,2015-01-16,9650,2014-11-22,0313,20254,,6,3,9,3700,0,3,5,,2,006,"ALVARADO ST","VISTA DEL INDIO",185.00,W,N,A,-,N,,,,,,,,,,Y,3,0,1,1,A,-,01,23152,A,N,F,A,A,A,H,-,D,D,0,,,,,Y,Y,A,07,0,1,0,0,0,0,0,0,0,"- ","- ",33.380209999999998,-117.22116,"SAN DIEGO",UNINCORPORATED,-117.22139393,33.380180000000003
6644868,2014,2014-10-21,3711,2014-09-25,1712,7158,,4,5,7,3711,0,0,0,,0,524,"7TH AV","E ST",0.00,,Y,A,-,N,,,,,,,,,,Y,4,0,1,2,A,-,12,21453,A,N,-,C,A,A,H,-,A,A,0,,,,,Y,Y,-,,0,0,1,0,0,0,0,0,0,"- ","- ",,,"SAN DIEGO","SAN DIEGO",-117.15834003000001,32.714680090000002
6644897,2014,2014-10-10,3711,2014-09-18,2351,6553,,4,5,7,3711,0,0,0,,0,813,"30TH ST","THORN ST",103.00,N,N,A,-,N,,,,,,,,,,Y,4,0,1,2,A,-,08,22107,,N,B,E,A,A,H,-,C,D,0,,,,,Y,Y,A,01,0,0,1,0,0,0,0,0,0,"- ","- ",,,"SAN DIEGO","SAN DIEGO",-117.12932000000001,32.739522149999999
6644909,2014,2014-10-09,3711,2014-09-24,0641,5925,,3,5,7,3711,0,0,0,,0,326,"55TH ST","MADISON AV",73.00,S,N,A,-,N,,,,,,,,,,N,4,0,2,2,A,-,08,22107,,M,B,E,A,A,H,-,B,D,0,,,,,Y,Y,A,07,0,0,2,0,0,0,0,0,0,"- ","- ",,,"SAN DIEGO","SAN DIEGO",-117.07608740000001,32.760650060000003