CASE_ID,ACCIDENT_YEAR,PROC_DATE,JURIS,COLLISION_DATE,COLLISION_TIME,OFFICER_ID,REPORTING_DISTRICT,DAY_OF_WEEK,CHP_SHIFT,POPULATION,CNTY_CITY_LOC,SPECIAL_COND,BEAT_TYPE,CHP_BEAT_TYPE,CITY_DIVISION_LAPD,CHP_BEAT_CLASS,BEAT_NUMBER,PRIMARY_RD,SECONDARY_RD,DISTANCE,DIRECTION,INTERSECTION,WEATHER_1,WEATHER_2,STATE_HWY_IND,CALTRANS_COUNTY,CALTRANS_DISTRICT,STATE_ROUTE,ROUTE_SUFFIX,POSTMILE_PREFIX,POSTMILE,LOCATION_TYPE,RAMP_INTERSECTION,SIDE_OF_HWY,TOW_AWAY,COLLISION_SEVERITY,NUMBER_KILLED,NUMBER_INJURED,PARTY_COUNT,PRIMARY_COLL_FACTOR,PCF_CODE_OF_VIOL,PCF_VIOL_CATEGORY,PCF_VIOLATION,PCF_VIOL_SUBSECTION,HIT_AND_RUN,TYPE_OF_COLLISION,MVIW,PED_ACTION,ROAD_SURFACE,ROAD_COND_1,ROAD_COND_2,LIGHTING,CONTROL_DEVICE,CHP_ROAD_TYPE,PEDESTRIAN_ACCIDENT,BICYCLE_ACCIDENT,MOTORCYCLE_ACCIDENT,TRUCK_ACCIDENT,NOT_PRIVATE_PROPERTY,ALCOHOL_INVOLVED,STWD_VEHTYPE_AT_FAULT,CHP_VEHTYPE_AT_FAULT,COUNT_SEVERE_INJ,COUNT_VISIBLE_INJ,COUNT_COMPLAINT_PAIN,COUNT_PED_KILLED,COUNT_PED_INJURED,COUNT_BICYCLIST_KILLED,COUNT_BICYCLIST_INJURED,COUNT_MC_KILLED,COUNT_MC_INJURED,PRIMARY_RAMP,SECONDARY_RAMP,LATITUDE,LONGITUDE,COUNTY,CITY,POINT_X,POINT_Y
6645290,2014,2014-10-16,3711,2014-09-28,0255,4576,,7,5,7,3711,0,0,0,,0,825,"ALDINE DR","FAIRMOUNT AV",0.00,W,N,A,-,N,,,,,,,,,,N,3,0,1,1,A,-,08,22107,,M,E,I,A,A,H,-,C,D,0,,,,,Y,Y,D,22,0,1,0,0,0,0,0,0,0,"- ","- ",,,"SAN DIEGO","SAN DIEGO",-117.09748001,32.76279005
6645530,2014,2014-10-28,9680,2014-09-14,1535,019519,,7,2,9,3700,0,2,4,,1,012,"LAKE JENNINGS PARK RD","JACK OAK RD",1056.00,S,N,A,-,N,,,,,,,,,,Y,4,0,1,1,A,-,01,23152,A,N,E,I,A,A,H,-,A,D,0,,,,,Y,Y,A,01,0,0,1,0,0,0,0,0,0,"- ","- ",32.898139999999998,-116.88687,"SAN DIEGO",UNINCORPORATED,-116.88725384999999,32.848102509999997
6645979,2014,2016-01-05,3711,2014-09-23,2333,7075,,2,5,7,3711,0,0,0,,0,325,"HYDE PARK DR","BELLE GRANDE AV",2.00,N,N,A,-,N,,,,,,,,,,Y,4,0,1,2,A,-,21,22106,,N,H,E,A,A,H,-,C,D,0,,,,,Y,Y,-,,0,0,1,0,0,0,0,0,0,"- ","- ",,,"SAN DIEGO","SAN DIEGO",-117.04707474,32.80101106
6647249,2014,2014-10-20,3711,2014-09-29,0154,6906,,1,5,7,3711,0,0,0,,0,523,"G ST","6TH AV",0.00,,Y,A,-,N,,,,,,,,,,N,3,0,1,2,A,-,00,20002,A,M,G,B,B,A,H,-,C,A,0,Y,,,,Y,Y,-,,0,1,0,0,1,0,0,0,0,"- ","- ",,,"SAN DIEGO","SAN DIEGO",-117.15923006,32.71257009
6647865,2014,2016-05-24,9645,2014-09-22,1915,018950,,1,2,5,3709,0,1,1,,2,001,"RT 5","NATIONAL CITY BL",606.00,E,N,A,-,Y,SD,11,54,-,-,0.230,H,-,E,Y,4,0,1,1,A,-,01,23152,A,N,E,J,A,A,D,-,D,D,1,,,,,Y,Y,A,01,0,0,1,0,0,0,0,0,0,"- ","- ",32.651249999999997,-117.09965,"SAN DIEGO","NATIONAL CITY",-117.10024783999999,32.65112834
6647889,2014,2014-10-31,3711,2014-09-21,0105,4495,,7,5,7,3711,0,0,0,,0,524,"F ST","6TH AV",0.00,,Y,A,-,N,,,,,,,,,,N,4,0,1,2,A,-,11,21456,B,N,G,B,B,A,H,-,C,A,0,Y,,,,Y,Y,N,60,0,0,1,0,1,0,0,0,0,"- ","- ",,,"SAN DIEGO","SAN DIEGO",-117.15923012,32.713630119999998
6647909,2014,2016-02-10,9645,2014-09-13,1440,019033,,6,2,7,3711,0,1,3,,2,014,"RT 52","KEARNY VILLA RD",300.00,W,N,A,-,Y,SD,11,52,-,-,6.870,H,-,E,Y,3,0,1,2,A,-,01,23152,A,M,C,C,A,A,H,-,A,D,1,,,Y,,Y,Y,C,02,0,1,0,0,0,0,0,0,1,"- ","- ",32.83764,-117.15166000000001,"SAN DIEGO","SAN DIEGO",-117.12895421,32.841499220000003
6648035,2014,2016-05-23,9645,2014-09-29,0030,019344,,1,3,7,3711,0,1,1,,2,001,"RT 5","DAIRY MART RD",1200.00,N,N,A,-,Y,SD,11,5,-,-,2.540,H,-,S,Y,3,0,1,1,A,-,01,23152,A,N,E,I,A,A,H,-,C,D,1,,,,,Y,Y,D,22,0,1,0,0,0,0,0,0,0,"- ","- ",32.561010000000003,-117.06579000000001,"SAN DIEGO","SAN DIEGO",-117.06571386,32.560188050000001
6648333,2014,2016-05-25,9645,2014-09-27,0058,20066,,6,3,7,3711,0,1,1,,2,010,"RT 8","RT 163",650.00,E,N,A,-,Y,SD,11,8,-,-,2.530,H,-,E,Y,3,0,2,1,A,-,01,23152,A,F,E,I,A,A,H,-,D,D,1,,,,,Y,Y,A,01,0,1,1,0,0,0,0,0,0,"- ","- ",32.76294,-117.16228,"SAN DIEGO","SAN DIEGO",-117.16201710999999,32.763157509999999
6650401,2014,2014-10-20,3702,2014-09-04,1834,CV1081,,4,5,6,3702,0,0,0,,0,023,"MAX AV","EAST ORANGE AV",42.00,N,N,A,-,N,,,,,,,,,,Y,4,0,1,2,A,-,01,23152,A,N,C,C,A,A,H,-,A,A,0,,,,Y,Y,Y,A,01,0,0,1,0,0,0,0,0,0,"- ","- ",,,"SAN DIEGO","CHULA VISTA",-117.04458364,32.601927770000003
6650405,2014,2014-10-20,3702,2014-09-16,0441,0789,,2,5,6,3702,0,0,0,,0,021,BROADWAY,"PALOMAR ST",0.00,,Y,A,-,N,,,,,,,,,,N,4,0,1,2,A,-,03,22350,,M,C,C,A,A,D,-,C,A,0,,,,,Y,Y,D,22,0,0,1,0,0,0,0,0,0,"- ","- ",,,"SAN DIEGO","CHULA VISTA",-117.07876001,32.603420020000002
6650753,2014,2014-10-20,3702,2014-09-26,2222,CV0979,,5,5,6,3702,0,0,0,,0,014,"F ST","LANDIS AV",15.00,E,N,A,-,N,,,,,,,,,,N,4,0,1,2,A,-,08,22107,,N,D,C,A,A,H,-,C,D,0,,,,,Y,Y,A,01,0,0,1,0,0,0,0,0,0,"- ","- ",,,"SAN DIEGO","CHULA VISTA",-117.08088413,32.640983490000004
6650781,2014,2014-10-20,3702,2014-09-14,0113,CV0982,,7,5,6,3702,0,0,0,,0,011,"E ST","WOODLAWN AV",400.00,W,N,A,-,N,,,,,,,,,,N,4,0,6,3,A,-,03,22350,,F,B,C,A,A,H,-,C,D,0,,,,,Y,Y,A,01,0,0,6,0,0,0,0,0,0,"- ","- ",,,"SAN DIEGO","CHULA VISTA",-117.09880834000001,32.639843059999997
6650785,2014,2014-10-20,3702,2014-09-28,0307,CV1025,,7,5,6,3702,0,0,0,,0,024,"LA CHICA DR","WISE ST",250.00,W,N,A,-,N,,,,,,,,,,N,4,0,1,3,A,-,01,23152,A,N,B,C,A,A,H,-,C,D,0,,,,,Y,Y,A,01,0,0,1,0,0,0,0,0,0,"- ","- ",,,"SAN DIEGO","CHULA VISTA",-117.01802024,32.61424908
6650827,2014,2014-10-23,3702,2014-09-15,0101,CV1098,,1,5,6,3702,0,0,0,,0,031,"TELEGRAPH CANYON RD","PASEO LADERA",20.00,W,N,A,-,N,,,,,,,,,,Y,3,0,2,1,A,-,01,23152,A,N,E,I,A,A,H,-,A,A,0,,,,,Y,Y,A,07,0,2,0,0,0,0,0,0,0,"- ","- ",,,"SAN DIEGO","CHULA VISTA",-117.02067473,32.623469999999998
6650840,2014,2014-10-23,3702,2014-09-01,1701,CV1012,,1,5,6,3702,0,0,0,,0,031,"TELEGRAPH CANYON RD","OLD TELEGRAPH CANYON RD",54.00,E,N,A,-,N,,,,,,,,,,Y,4,0,1,1,A,-,01,23152,A,N,E,I,A,A,H,-,A,D,0,,,,,Y,Y,A,01,0,0,1,0,0,0,0,0,0,"- ","- ",,,"SAN DIEGO","CHULA VISTA",-117.03232020999999,32.626410079999999
6650876,2014,2014-10-23,3702,2014-09-21,0855,CV0604,,7,5,6,3702,0,0,0,,0,013,"L ST","3RD AV",150.00,E,N,A,-,N,,,,,,,,,,Y,3,0,1,1,A,-,03,22350,,M,E,I,A,A,H,-,D,A,0,,,,,Y,Y,A,01,0,1,0,0,0,0,0,0,0,"- ","- ",,,"SAN DIEGO","CHULA VISTA",-117.07132516999999,32.620742419999999
6650912,2014,2014-10-10,3711,2014-09-27,1117,7180,,6,5,7,3711,0,0,0,,0,514,"19TH ST","ISLAND AV",7920.00,S,N,A,-,N,,,,,,,,,,N,4,0,1,2,D,-,00,,,N,D,G,A,A,H,-,A,A,0,,Y,,,Y,Y,-,"- ",0,0,1,0,0,0,1,0,0,"- ","- ",,,"SAN DIEGO","SAN DIEGO",-117.14671,32.705249999999999
6650919,2014,2014-10-09,3711,2014-09-25,2334,3815,,4,5,7,3711,0,0,0,,0,311,"AERO DR","CONVOY ST",0.00,,Y,A,-,N,,,,,,,,,,Y,3,0,2,2,A,-,12,21453,A,N,D,C,A,A,H,-,C,A,0,,,,,Y,Y,A,01,0,1,1,0,0,0,0,0,0,"- ","- ",,,"SAN DIEGO","SAN DIEGO",-117.15350012,32.811180069999999
6650929,2014,2014-10-09,3711,2014-09-11,2237,5540,,4,5,7,3711,0,0,0,,0,525,BROADWAY,"BROADWAY 100",0.00,,N,A,-,N,,,,,,,,,,Y,4,0,1,2,A,-,04,21703,,M,C,C,A,A,H,-,C,D,0,,,,,Y,Y,-,,0,0,1,0,0,0,0,0,0,"- ","- ",,,"SAN DIEGO","SAN DIEGO",-117.16380626,32.715768560000001
6650935,2014,2014-10-17,3711,2014-09-14,0155,7061,,7,5,7,3711,0,0,0,,0,111,"BAMBURGH DR","CHARGER BL",156.00,W,N,-,-,N,,,,,,,,,,Y,4,0,1,2,A,-,08,22107,,N,A,E,A,-,-,-,-,D,0,,,,,Y,Y,-,,0,0,1,0,0,0,0,0,0,"- ","- ",,,"SAN DIEGO","SAN DIEGO",-117.16826445,32.822744710000002
6650955,2014,2014-10-09,3711,2014-09-27,0020,6366,,6,5,7,3711,0,0,0,,0,324,"BISBY LAKE AV","TOMMY DR",0.00,,Y,B,-,N,,,,,,,,,,N,3,0,1,2,A,-,21,22106,,M,G,B,F,A,H,-,C,D,0,Y,,,,Y,Y,-,,0,1,0,0,1,0,0,0,0,"- ","- ",,,"SAN DIEGO","SAN DIEGO",-117.01362003,32.80372011
6650967,2014,2014-10-13,9650,2014-09-09,0148,018675,,2,3,9,3700,0,3,5,,2,171,"BUENA VISTA DR","FERN PL",150.00,S,N,A,-,N,,,,,,,,,,Y,2,0,1,1,A,-,01,23152,A,N,E,I,A,A,H,-,D,D,0,,,,,Y,Y,A,01,1,0,0,0,0,0,0,0,0,"- ","- ",33.171720000000001,-117.24550000000001,"SAN DIEGO",UNINCORPORATED,-117.24625974999999,33.173359959999999
6650987,2014,2016-01-05,9650,2014-09-19,2250,019308,,5,3,9,3700,0,3,5,,2,170,"BUENA CREEK RD","SOUTH SANTA FE AV",2112.00,E,N,A,-,N,,,,,,,,,,Y,3,0,1,1,A,-,01,23152,A,M,E,I,A,A,H,-,D,D,0,,,,,Y,Y,A,07,0,1,0,0,0,0,0,0,0,"- ","- ",33.177770000000002,-117.2045,"SAN DIEGO",UNINCORPORATED,-117.20455916,33.177569800000001
6651068,2014,2016-05-20,9650,2014-09-21,0315,018296,,7,3,9,3700,0,1,1,,2,005,"RT 5","PALOMAR AIRPORT RD",2059.00,N,N,A,-,Y,SD,11,5,-,R,47.420,H,-,N,Y,4,0,1,1,A,-,01,23152,A,N,E,I,A,A,H,-,D,D,1,,,,,Y,Y,A,01,0,0,1,0,0,0,0,0,0,"- ","- ",33.126919999999998,-117.32465000000001,"SAN DIEGO",UNINCORPORATED,-117.32495996999999,33.127239539999998
6651072,2014,2016-05-24,9650,2014-09-28,1445,15446,,7,2,6,3706,0,1,1,,2,021,"RT 15","EL NORTE PKWY",2000.00,N,N,A,-,Y,SD,11,15,-,R,33.270,H,-,S,Y,3,0,1,2,A,-,01,23152,A,N,C,C,A,A,H,-,A,D,1,,,,,Y,Y,A,01,0,1,0,0,0,0,0,0,0,"- ","- ",33.156179999999999,-117.10429000000001,"SAN DIEGO",ESCONDIDO,-117.10434322,33.152825909999997
6651351,2014,2014-10-15,3700,2014-06-25,2146,SH7552,,3,5,4,3707,0,0,0,,0,702,"PALM AV","FLORIDA ST",0.00,,Y,A,-,N,,,,,,,,,,Y,4,0,2,3,A,-,01,23152,A,F,C,C,A,A,H,-,C,D,0,,,,,Y,Y,A,01,0,0,2,0,0,0,0,0,0,"- ","- ",,,"SAN DIEGO","IMPERIAL BEACH",-117.1093501,32.58397008
6652090,2014,2014-11-17,3700,2014-10-03,0230,SH0817,,5,5,5,3713,0,0,0,,0,305,"W CONNECTICUT AV","CALLE INDEPENDENCIA",88.00,W,N,A,-,N,,,,,,,,,,Y,3,0,1,2,A,-,01,23152,A,N,C,E,A,A,H,-,D,D,0,,,,,Y,Y,A,07,0,1,0,0,0,0,0,0,0,"- ","- ",,,"SAN DIEGO",VISTA,-117.24738678,33.206209999999999
6652094,2014,2014-11-17,3700,2014-10-04,1733,SH0817,,6,5,5,3713,0,0,0,,0,307,"EAST VISTA WY","CIVIC CENTER DR",37.00,E,N,A,-,N,,,,,,,,,,Y,3,0,1,1,A,-,01,23152,A,N,F,A,A,A,H,-,A,A,0,,,Y,,Y,Y,C,03,0,1,0,0,0,0,0,0,1,"- ","- ",,,"SAN DIEGO",VISTA,-117.23705828999999,33.205411490000003
6652134,2014,2014-11-17,3700,2014-10-01,1919,SH5502,,3,5,5,3713,0,0,0,,0,311,"NORTH SANTA FE AV","MAIN ST",18.00,E,N,A,-,N,,,,,,,,,,N,4,0,1,3,A,-,10,21950,A,F,G,B,B,A,H,-,C,A,0,Y,,,,Y,Y,A,01,0,0,1,0,1,0,0,0,0,"- ","- ",,,"SAN DIEGO",VISTA,-117.24345,33.201590000000003
6653806,2014,2016-05-28,9680,2014-09-26,2340,019555,,5,3,5,3705,0,1,1,,2,082,"RT 8","BALLANTYNE LN",84.00,E,N,A,-,Y,SD,11,8,-,-,16.090,H,-,W,Y,4,0,1,1,A,-,01,23152,A,N,E,I,A,A,H,-,C,D,1,,,,,Y,Y,A,07,0,0,1,0,0,0,0,0,0,"- ","- ",32.803339999999999,-116.95771999999999,"SAN DIEGO","EL CAJON",-116.95751174,32.803125020000003
6653812,2014,2015-05-29,3710,2014-09-19,2245,OC1363,,5,5,6,3710,0,0,0,,0,006,MISSION,CLEVELAND,0.00,,Y,A,-,N,,,,,,,,,,N,4,0,1,2,A,-,09,21800,A,N,A,G,A,A,H,-,C,D,0,,Y,,,Y,Y,L,04,0,0,1,0,0,0,1,0,0,"- ","- ",,,"SAN DIEGO",OCEANSIDE,-117.38108008,33.194960020000003
6656199,2014,2014-10-21,3706,2014-09-28,2049,ES0378,,7,5,6,3706,0,0,0,,0,056,"ARDATH AV","ARDATH AV 2120",0.00,,N,A,-,N,,,,,,,,,,Y,3,0,1,3,A,-,01,23152,A,N,C,E,A,A,H,-,D,D,0,,,Y,,Y,Y,C,02,0,1,0,0,0,0,0,0,1,"- ","- ",,,"SAN DIEGO",ESCONDIDO,-117.04655886,33.134528060000001
6657161,2014,2016-05-21,9650,2014-09-16,1710,017905,,2,2,6,3710,0,1,3,,2,015,"RT 78","EMERALD DR",600.00,W,N,A,-,Y,SD,11,78,-,-,4.270,H,-,W,Y,4,0,1,2,A,-,01,23152,A,N,B,C,A,B,H,-,A,D,1,,,Y,,Y,Y,D,22,0,0,1,0,0,0,0,0,1,"- ","- ",,,"SAN DIEGO",OCEANSIDE,-117.28128578,33.187210790000002
6657486,2014,2014-12-16,3710,2014-10-09,2359,OC1307,,4,5,6,3710,0,0,0,,0,037,COLLEGE,"PLAZA DR",0.00,,Y,A,-,N,,,,,,,,,,Y,2,0,3,2,A,-,01,23153,A,N,D,C,A,A,H,-,C,A,0,,,,,Y,Y,A,01,1,1,1,0,0,0,0,0,0,"- ","- ",,,"SAN DIEGO",OCEANSIDE,-117.29637001,33.182040039999997
6658086,2014,2016-05-28,9680,2014-09-21,0010,019475,,7,3,5,3705,0,1,1,,2,082,"RT 8",BROADWAY,915.00,S,N,A,-,Y,SD,11,8,-,-,15.493,R,2,E,Y,3,0,1,1,A,-,01,23152,A,N,E,I,A,A,H,-,C,D,1,,,,,Y,Y,D,22,0,1,0,0,0,0,0,0,0,"- ","- ",32.80406,-116.96284,"SAN DIEGO","EL CAJON",-116.96863116999999,32.802958140000001
6658091,2014,2016-06-16,9680,2014-10-11,0806,016598,,6,1,5,3705,0,1,1,,2,082,"RT 8","WEST MAIN ST",1239.00,E,N,A,-,Y,SD,11,8,-,-,14.840,H,-,W,Y,3,0,1,1,A,-,01,23152,A,N,F,A,A,A,H,-,A,D,1,,,,,Y,Y,A,07,0,1,0,0,0,0,0,0,0,"- ","- ",32.799720000000001,-116.97607000000001,"SAN DIEGO","EL CAJON",-116.97649543999999,32.79885221
6658099,2014,2016-06-16,9680,2014-10-03,2136,019867,,5,2,5,3708,0,1,1,,2,081,"RT 8","FLETCHER PKWY",1056.00,W,N,A,-,Y,SD,11,8,-,-,10.280,H,-,E,Y,3,0,2,1,A,-,01,23152,A,N,F,A,A,A,H,-,C,D,1,,,,,Y,Y,A,01,0,1,1,0,0,0,0,0,0,"- ","- ",32.773589999999999,-117.03491,"SAN DIEGO","LA MESA",-117.03488780000001,32.773770140000003
6658103,2014,2014-11-17,9680,2014-10-03,2010,019490,,5,2,9,3700,0,1,3,,1,040,"RT 94","MARRON VALLEY RD",9504.00,E,N,A,-,Y,,,94,,,,,,,Y,2,0,2,1,A,-,01,23152,A,N,E,I,A,A,H,-,D,D,0,,,,,Y,Y,A,01,1,1,0,0,0,0,0,0,0,"- ","- ",32.624250000000004,-116.75364999999999,"SAN DIEGO",UNINCORPORATED,-116.75364743999999,32.624242250000002
6658143,2014,2014-11-17,3710,2014-10-03,0130,OC1351,,5,5,6,3710,0,0,0,,0,006,"RT 76","NORTH COAST HWY",1081.00,E,N,A,-,Y,,,,,,,,,,Y,4,0,1,1,A,-,01,23152,A,N,A,I,A,A,H,-,C,D,0,,,,,Y,Y,A,01,0,0,1,0,0,0,0,0,0,"- ","- ",,,"SAN DIEGO",OCEANSIDE,-117.38375524999999,33.202279650000001
6658176,2014,2014-12-30,3711,2014-10-11,0100,HB4439,,6,5,7,3711,0,0,0,,0,710,"NORTH HARBOR DR","LIGHT POLE T1-1",8.00,E,N,A,-,N,,,,,,,,,,Y,3,0,2,2,A,-,05,21650,,N,D,C,A,A,H,-,C,D,0,,,,,Y,Y,A,01,0,1,1,0,0,0,0,0,0,"- ","- ",,,"SAN DIEGO","SAN DIEGO",,
6658192,2014,2014-10-27,3711,2014-09-17,2359,HB5372,,3,5,7,3711,0,0,0,,0,503,"NORTH HARBOR DR","PACIFIC HWY",555.00,W,N,A,-,N,,,,,,,,,,Y,3,0,1,1,A,-,05,21651,A,N,E,I,A,A,H,-,C,D,0,,,,,Y,Y,A,08,0,1,0,0,0,0,0,0,0,"- ","- ",,,"SAN DIEGO","SAN DIEGO",-117.17273041999999,32.711778019999997
6658686,2014,2014-12-11,9645,2014-10-05,0430,019344,,7,3,7,3711,0,1,1,,2,017,"RT 15","H AV",1500.00,N,N,A,-,Y,,,,,,,,,,Y,3,0,2,1,A,-,01,23152,A,N,E,J,A,A,H,-,C,D,0,,,,,Y,Y,A,01,0,1,1,0,0,0,0,0,0,"- ","- ",32.961239999999997,-117.11100999999999,"SAN DIEGO","SAN DIEGO",,
6658719,2014,2016-06-18,9680,2014-10-04,0214,019998,,6,3,9,3700,0,1,3,,1,022,"RT 54","CALLE ALBARA",1505.00,N,N,A,-,Y,SD,11,54,-,T,12.910,H,-,W,Y,4,0,1,2,A,-,07,21658,A,N,B,C,A,A,H,-,C,D,0,,,,,Y,Y,A,01,0,0,1,0,0,0,0,0,0,"- ","- ",32.758470000000003,-116.92724,"SAN DIEGO",UNINCORPORATED,-116.92723076,32.757142799999997
6658998,2014,2014-12-09,9650,2014-10-05,0325,19549,,7,3,9,3700,0,1,3,,1,028,"RT 76","PALA MISSION RD",2112.00,E,N,A,-,Y,,,76,,,,,,,Y,3,0,1,1,A,-,01,23152,A,N,E,I,A,A,H,-,D,D,0,,,,,Y,Y,A,01,0,1,0,0,0,0,0,0,0,"- ","- ",33.364199999999997,-117.07741,"SAN DIEGO",UNINCORPORATED,-117.07741158,33.364174409999997
6659046,2014,2014-11-17,3711,2014-10-03,0000,6929,NORTH,5,5,7,3711,0,0,0,,0,122,BALBOA,"GARNET AV",0.00,,Y,A,-,N,,,,,,,,,,N,3,0,1,2,A,-,09,21453,C,N,D,G,A,A,H,-,C,A,0,,Y,,,Y,Y,L,04,0,1,0,0,0,0,1,0,0,"- ","- ",,,"SAN DIEGO","SAN DIEGO",-117.22697013,32.802740059999998
6659102,2014,2014-11-17,3711,2014-10-04,0115,6513,,6,5,7,3711,0,0,0,,0,841,"UNIVERSITY AV","ARAGON DR",227.00,W,N,A,-,N,,,,,,,,,,Y,4,0,2,2,A,-,08,22107,,N,B,C,A,A,H,-,C,D,0,,,,,Y,Y,A,01,0,0,2,0,0,0,0,0,0,"- ","- ",,,"SAN DIEGO","SAN DIEGO",-117.05547503,32.755398929999998
6659106,2014,2014-11-17,3711,2014-10-03,2335,5972,,5,5,7,3711,0,0,0,,0,438,"REO DR","RANCHO HILLS DR",129.00,N,N,A,-,N,,,,,,,,,,Y,3,0,1,3,A,-,08,22107,,N,C,E,A,A,H,-,C,D,0,,,,,Y,Y,A,01,0,1,0,0,0,0,0,0,0,"- ","- ",,,"SAN DIEGO","SAN DIEGO",-117.06187207000001,32.672565169999999
6659230,2014,2014-11-26,3711,2014-09-28,1931,5972,,7,5,7,3711,0,0,0,,0,831,"ORANGE AV","46TH ST",0.00,,Y,A,-,N,,,,,,,,,,N,3,0,2,3,A,-,10,21950,A,N,G,B,B,A,H,-,E,D,0,Y,,,,Y,Y,A,01,0,2,0,0,2,0,0,0,0,"- ","- ",,,"SAN DIEGO","SAN DIEGO",-117.09546002,32.75312005
6659413,2014,2014-11-10,9680,2014-09-20,1658,018672,,6,2,9,3700,0,3,5,,2,007,"BORREGO SPRINGS RD","T ANCHOR DR",0.00,,Y,A,-,N,,,,,,,,,,Y,2,0,4,2,A,-,01,23152,A,N,D,C,A,A,H,-,A,A,0,,,,,Y,Y,A,01,2,1,1,0,0,0,0,0,0,"- ","- ",33.248519999999999,-116.37452,"SAN DIEGO",UNINCORPORATED,-116.37459010000001,33.248790059999997
6659433,2014,2016-05-25,9645,2014-09-18,2338,016474,SD,4,3,7,3711,0,1,1,,2,010,"RT 8","FASHION VALLEY RD",10.00,W,N,A,-,Y,SD,11,8,-,-,2.080,H,-,E,Y,4,0,1,3,A,-,03,22350,,N,C,C,A,A,H,-,C,D,1,,,,,Y,Y,A,01,0,0,1,0,0,0,0,0,0,"- ","- ",32.760590000000001,-117.16903000000001,"SAN DIEGO","SAN DIEGO",-117.16903988,32.76058329
6659722,2014,2014-10-20,9650,2014-09-21,0305,019549,,7,3,9,3700,0,2,4,,2,061,"SOUTH MISSION RD","GREEN CANYON RD",200.00,S,N,A,-,N,,,,,,,,,,Y,3,0,1,1,A,-,01,23152,A,N,F,A,A,A,H,-,D,D,0,,,,,Y,Y,A,07,0,1,0,0,0,0,0,0,0,"- ","- ",33.33231,-117.23604,"SAN DIEGO",UNINCORPORATED,-117.23589219,33.332472930000002
6659886,2014,2015-01-07,3711,2014-10-04,0200,6820,,6,5,7,3711,0,0,0,,0,613,"MENDOCINO BL","CATALINA CT",100.00,N,N,A,-,N,,,,,,,,,,N,3,0,1,3,A,-,08,22107,,N,B,E,A,A,H,-,C,D,0,,,,Y,Y,Y,-,,0,1,0,0,0,0,0,0,0,"- ","- ",,,"SAN DIEGO","SAN DIEGO",-117.23653339000001,32.74327435
6660041,2014,2014-11-06,3711,2014-09-19,2336,17723,,5,5,7,3711,0,0,0,,0,,"CAMINO DEL RIO N","THEATER DRIVEWAY",0.00,,Y,B,-,N,,,,,,,,,,Y,4,0,2,2,A,-,01,23152,A,N,D,C,A,A,H,-,C,A,0,,,,,Y,Y,A,01,0,0,2,0,0,0,0,0,0,"- ","- ",32.767299999999999,-117.14774,"SAN DIEGO","SAN DIEGO",-117.14723008,32.767430070000003
6661522,2014,2016-01-15,9645,2014-09-27,1815,18950,,6,2,7,3711,0,1,1,,2,003,"PERSHING DR","RT 5",599.00,E,N,A,-,N,,,,,,,,,,N,2,0,1,1,A,-,01,21200,5,N,F,A,A,A,H,-,A,D,0,,Y,,,Y,Y,L,04,1,0,0,0,0,0,1,0,0,NO,"- ",32.720669999999998,-117.14518,"SAN DIEGO","SAN DIEGO",-117.14631554,32.719802950000002
6661573,2014,2016-05-21,9645,2014-09-20,2210,20265,,6,3,7,3711,0,1,1,,2,009,"RT 805","HOME AV",400.00,N,N,A,-,Y,SD,11,805,-,-,14.060,H,-,S,Y,2,0,2,1,A,-,01,23152,A,N,E,I,A,A,H,-,C,D,1,,,,,Y,Y,A,01,1,1,0,0,0,0,0,0,0,"- ","- ",32.728960000000001,-117.10595000000001,"SAN DIEGO","SAN DIEGO",-117.10428062,32.727029369999997
6661609,2014,2014-11-06,9680,2014-09-29,0530,015733,,1,3,9,3700,0,3,5,,2,009,"RAMONA ST","H ST",10.00,S,N,A,-,N,,,,,,,,,,Y,3,0,1,1,A,-,01,23152,A,N,E,I,A,A,H,-,D,A,0,,,,,Y,Y,A,01,0,1,0,0,0,0,0,0,0,"- ","- ",33.029299999999999,-116.87966,"SAN DIEGO",UNINCORPORATED,-116.87942950999999,33.029862620000003
6661835,2014,2014-12-11,9680,2014-10-05,0010,20049,,7,3,9,3700,0,2,4,,1,026,"JAMACHA BL","SWEETWATER RD",0.00,,Y,A,-,N,,,,,,,,,,Y,4,0,2,2,A,-,12,21453,A,N,D,C,A,A,H,-,C,A,0,,,,,Y,Y,A,01,0,0,2,0,0,0,0,0,0,"- ","- ",32.705249999999999,-117.01026,"SAN DIEGO",UNINCORPORATED,-117.01023012,32.705150060000001
6661839,2014,2014-12-11,9680,2014-10-01,1725,18734,,3,2,9,3700,0,3,5,,2,002,"AVOCADO BL","ANAHEIM DR",30.00,N,N,A,-,N,,,,,,,,,,N,2,0,1,1,A,-,01,21200,5,N,F,A,A,A,H,-,A,D,0,,Y,,,Y,Y,L,04,1,0,0,0,0,0,1,0,0,"- ","- ",32.758049999999997,-116.96187999999999,"SAN DIEGO",UNINCORPORATED,-116.96186255000001,32.758151920000003
6661947,2014,2014-11-07,3710,2014-09-18,1912,1394,,4,5,6,3710,0,0,0,,0,019,"NORTH RIVER RD",STALLION,1085.00,E,N,A,-,N,,,,,,,,,,Y,3,0,1,1,A,-,01,23152,A,N,F,I,A,A,H,-,C,D,0,,,,,Y,Y,A,01,0,1,0,0,0,0,0,0,0,"- ","- ",,,"SAN DIEGO",OCEANSIDE,-117.28500163,33.255682550000003