CASE_ID,ACCIDENT_YEAR,PROC_DATE,JURIS,COLLISION_DATE,COLLISION_TIME,OFFICER_ID,REPORTING_DISTRICT,DAY_OF_WEEK,CHP_SHIFT,POPULATION,CNTY_CITY_LOC,SPECIAL_COND,BEAT_TYPE,CHP_BEAT_TYPE,CITY_DIVISION_LAPD,CHP_BEAT_CLASS,BEAT_NUMBER,PRIMARY_RD,SECONDARY_RD,DISTANCE,DIRECTION,INTERSECTION,WEATHER_1,WEATHER_2,STATE_HWY_IND,CALTRANS_COUNTY,CALTRANS_DISTRICT,STATE_ROUTE,ROUTE_SUFFIX,POSTMILE_PREFIX,POSTMILE,LOCATION_TYPE,RAMP_INTERSECTION,SIDE_OF_HWY,TOW_AWAY,COLLISION_SEVERITY,NUMBER_KILLED,NUMBER_INJURED,PARTY_COUNT,PRIMARY_COLL_FACTOR,PCF_CODE_OF_VIOL,PCF_VIOL_CATEGORY,PCF_VIOLATION,PCF_VIOL_SUBSECTION,HIT_AND_RUN,TYPE_OF_COLLISION,MVIW,PED_ACTION,ROAD_SURFACE,ROAD_COND_1,ROAD_COND_2,LIGHTING,CONTROL_DEVICE,CHP_ROAD_TYPE,PEDESTRIAN_ACCIDENT,BICYCLE_ACCIDENT,MOTORCYCLE_ACCIDENT,TRUCK_ACCIDENT,NOT_PRIVATE_PROPERTY,ALCOHOL_INVOLVED,STWD_VEHTYPE_AT_FAULT,CHP_VEHTYPE_AT_FAULT,COUNT_SEVERE_INJ,COUNT_VISIBLE_INJ,COUNT_COMPLAINT_PAIN,COUNT_PED_KILLED,COUNT_PED_INJURED,COUNT_BICYCLIST_KILLED,COUNT_BICYCLIST_INJURED,COUNT_MC_KILLED,COUNT_MC_INJURED,PRIMARY_RAMP,SECONDARY_RAMP,LATITUDE,LONGITUDE,COUNTY,CITY,POINT_X,POINT_Y
6681357,2014,2014-12-11,3711,2014-10-20,0246,5972,,1,5,7,3711,0,0,0,,0,722,"SERVANDO  AV","DAIRY MART RD",359.00,W,N,A,-,N,,,,,,,,,,Y,3,0,1,3,A,-,08,22107,,N,C,E,A,A,H,-,C,D,0,,,,,Y,Y,A,01,0,1,0,0,0,0,0,0,0,"- ","- ",,,"SAN DIEGO","SAN DIEGO",-117.06354403,32.556955889999998
6682600,2014,2014-12-22,9645,2014-10-15,1735,16061,,3,2,7,3711,0,1,3,,2,012,"RT 805","RT 52",528.00,S,N,A,-,Y,,,805,,,,,,,Y,4,0,1,2,A,-,03,22350,,N,C,C,A,A,H,-,A,D,0,,,,,Y,Y,A,01,0,0,1,0,0,0,0,0,0,FR,"- ",32.845320000000001,-117.17716,"SAN DIEGO","SAN DIEGO",-117.17699463,32.845420769999997
6682612,2014,2016-05-25,9645,2014-10-17,0200,13292,,5,3,7,3711,0,1,3,,2,023,"RT 163","WASHINGTON ST",792.00,N,N,B,-,Y,SD,11,163,-,-,2.900,H,-,N,Y,4,0,1,1,A,-,01,23152,A,N,E,I,A,A,H,-,C,D,1,,,,,Y,Y,A,01,0,0,1,0,0,0,0,0,0,"- ","- ",32.751559999999998,-117.15577,"SAN DIEGO","SAN DIEGO",-117.15661901999999,32.752341260000001
6683125,2014,2014-12-30,3711,2014-10-24,1853,7093,,5,5,7,3711,0,0,0,,0,621,"ULRIC ST","ULRIC ST 2100",0.00,,-,A,-,N,,,,,,,,,,Y,3,0,2,2,A,-,05,21650,,N,A,C,A,A,H,-,C,D,0,,,,,Y,Y,-,,0,1,1,0,0,0,0,0,0,"- ","- ",,,"SAN DIEGO","SAN DIEGO",-117.16975807999999,32.782276029999998
6683540,2014,2014-12-19,3706,2014-10-07,1458,ES0398,,2,5,6,3706,0,0,0,,0,044,"SHERIDAN AV","VISTA VERDE",45.00,W,N,B,-,N,,,,,,,,,,N,4,0,1,2,A,-,05,21460,A,N,D,G,A,A,H,-,A,A,0,,Y,,,Y,Y,L,04,0,0,1,0,0,0,1,0,0,"- ","- ",,,"SAN DIEGO",ESCONDIDO,-117.0677113,33.15440529
6683543,2014,2016-02-24,3706,2014-10-18,0341,ES0443,,6,5,6,3706,0,0,0,,0,055,"S CENTRE CITY PKWY","W 9TH AV",0.00,,Y,A,-,N,,,,,,,,,,Y,4,0,2,2,A,-,12,21453,A,N,D,C,A,A,H,-,C,A,0,,,,,Y,Y,A,01,0,0,2,0,0,0,0,0,0,"- ","- ",,,"SAN DIEGO",ESCONDIDO,-117.08166005,33.111820029999997
6683544,2014,2014-12-19,3706,2014-10-18,1749,ES0475,,6,5,6,3706,0,0,0,,0,042,"E PENNSYLVANIA AV","JUNIPER ST",0.00,,Y,A,-,N,,,,,,,,,,Y,3,0,2,2,A,-,01,23153,A,N,F,E,A,A,H,-,A,A,0,,,,Y,Y,Y,A,01,0,1,1,0,0,0,0,0,0,"- ","- ",,,"SAN DIEGO",ESCONDIDO,-117.08003004,33.124840050000003
6687066,2014,2016-06-11,9650,2014-10-11,0310,018406,,6,3,9,3700,0,1,1,,2,003,"RT 5","LAS PULGAS RD",2959.00,S,N,A,-,Y,SD,11,5,-,R,61.520,H,-,S,Y,3,0,3,1,A,-,01,23152,A,N,E,I,A,A,H,-,D,D,1,,,,,Y,Y,A,07,0,2,1,0,0,0,0,0,0,"- ","- ",33.29269,-117.45811,"SAN DIEGO",UNINCORPORATED,-117.45803303,33.292716249999998
6687102,2014,2014-12-24,9645,2014-10-17,0150,13784,,5,3,7,3711,0,1,3,,2,012,"RT 52","GENESEE AV",1584.00,E,N,A,-,Y,,,52,,,,,,,Y,3,0,1,1,A,-,01,23152,A,N,F,A,A,A,H,-,D,D,0,,,,,Y,Y,A,01,0,1,0,0,0,0,0,0,0,"- ","- ",32.84563,-117.19558000000001,"SAN DIEGO","SAN DIEGO",-117.19558833000001,32.845504210000001
6689007,2014,2014-12-23,3711,2014-10-17,1508,6859,,5,5,7,3711,0,0,0,,0,714,"RAIL CT","E SAN YSIDRO",174.00,E,N,B,-,N,,,,,,,,,,N,4,0,1,2,A,-,05,21650,,N,A,B,D,A,H,-,A,D,0,Y,,,,Y,Y,-,,0,0,1,0,1,0,0,0,0,"- ","- ",,,"SAN DIEGO","SAN DIEGO",-117.02845302999999,32.543780480000002
6689012,2014,2014-12-22,3711,2014-10-22,0355,3815,,3,5,7,3711,0,0,0,,0,122,"GRAND AV","INGRAHAM ST",300.00,E,N,A,-,N,,,,,,,,,,Y,4,0,1,3,A,-,08,22107,,N,C,E,A,A,H,-,C,D,0,,,,,Y,Y,A,01,0,0,1,0,0,0,0,0,0,"- ","- ",,,"SAN DIEGO","SAN DIEGO",-117.239339,32.798139380000002
6689163,2014,2014-12-22,3711,2014-10-26,0253,7092,SD,7,5,7,3711,0,0,0,,0,627,"ROBINSON AV","RICHMOND ST",100.00,W,N,A,-,N,,,,,,,,,,Y,3,0,1,3,A,-,01,23152,A,N,B,E,A,A,H,-,C,D,0,,,,,Y,Y,-,,0,1,0,0,0,0,0,0,0,"- ","- ",,,"SAN DIEGO","SAN DIEGO",-117.15154415000001,32.746418540000001
6689185,2014,2014-12-23,3711,2014-10-26,2338,6366,,7,5,7,3711,0,0,0,,0,315,"CAMINO DEL RIO N","RT 8",0.00,,Y,A,-,Y,,,,,,,,,,Y,4,0,2,2,A,-,08,22107,,N,A,C,A,A,H,-,C,D,0,,,,,Y,Y,A,01,0,0,2,0,0,0,0,0,0,"- ",WF,,,"SAN DIEGO","SAN DIEGO",,
6689194,2014,2014-12-22,3711,2014-10-25,0244,4495,,6,5,7,3711,0,0,0,,0,122,"GARNET AV","FOGG ST",33.00,E,N,A,-,N,,,,,,,,,,Y,3,0,1,1,A,-,03,22350,,N,E,I,A,A,H,-,C,D,0,,,,,Y,Y,A,01,0,1,0,0,0,0,0,0,0,"- ","- ",,,"SAN DIEGO","SAN DIEGO",-117.22602102,32.80330103
6689196,2014,2014-12-22,3705,2014-10-12,2034,EC0326,,7,5,5,3705,0,0,0,,0,010,JOHNSON,FLETCHER,42.00,S,N,A,-,N,,,,,,,,,,N,4,0,1,2,A,-,11,21954,A,N,G,B,D,A,H,-,C,A,0,Y,,,,Y,Y,N,60,0,0,1,0,1,0,0,0,0,"- ","- ",,,"SAN DIEGO","EL CAJON",-116.97101000000001,32.807664969999998
6690185,2014,2014-11-17,3711,2014-10-22,1029,4823,SANDI,3,5,7,3711,0,0,0,,0,822,"54TH ST","UNIVERSITY AV",0.00,,Y,A,-,N,,,,,,,,,,Y,2,0,3,2,A,-,12,21453,A,N,D,C,A,A,H,-,A,A,0,,,,,Y,Y,D,22,1,0,2,0,0,0,0,0,0,"- ","- ",,,"SAN DIEGO","SAN DIEGO",-117.07948003,32.748790049999997
6690579,2014,2014-12-24,3711,2014-10-26,1846,5916,,7,5,7,3711,0,0,0,,0,521,"8TH AV","MARKET ST",0.00,,Y,B,-,N,,,,,,,,,,N,4,0,1,2,A,-,17,21451,A,M,A,C,A,A,H,-,C,A,0,,,,,Y,Y,A,01,0,0,1,0,0,0,0,0,0,"- ","- ",,,"SAN DIEGO","SAN DIEGO",-117.15740011,32.711520100000001
6690603,2014,2015-01-12,3711,2014-10-25,0540,7014,,6,5,7,3711,0,0,0,,0,712,"PICADOR BL","PICADOR BL 1500",0.00,,-,A,-,N,,,,,,,,,,Y,4,0,2,2,A,-,01,23152,,N,C,C,A,A,H,-,C,A,0,,,,,Y,Y,-,,0,0,2,0,0,0,0,0,0,"- ","- ",,,"SAN DIEGO","SAN DIEGO",-117.05329030999999,32.56894312
6690624,2014,2014-12-24,3701,2014-10-26,1744,5466,98,7,5,5,3701,0,0,0,,0,007,"POINSETTIA LN","BATIQUITOS DR",0.00,,Y,A,-,N,,,,,,,,,,Y,3,0,1,3,A,-,01,23152,A,N,D,C,A,A,H,-,A,A,0,,,,,Y,Y,A,01,0,1,0,0,0,0,0,0,0,"- ","- ",,,"SAN DIEGO",CARLSBAD,-117.30511007,33.104590109999997
6690631,2014,2015-04-02,3711,2014-10-15,1916,4806,,3,5,7,3711,0,0,0,,0,121,"MISSION BL","VENTURA BL",15.00,N,N,B,-,N,,,,,,,,,,Y,4,0,1,3,A,-,03,22350,,N,C,C,A,A,H,-,C,A,0,,,,,Y,Y,-,,0,0,1,0,0,0,0,0,0,"- ","- ",,,"SAN DIEGO","SAN DIEGO",-117.25122948000001,32.77208031
6690640,2014,2014-12-24,3711,2014-10-27,2300,4310,,1,5,7,3711,0,0,0,,0,122,"GARNET AV",MORENA,109.00,W,N,A,-,N,,,,,,,,,,Y,3,0,1,1,A,-,03,22350,,N,E,I,A,A,H,-,C,D,0,,,Y,,Y,Y,C,02,0,1,0,0,0,0,0,0,1,"- ","- ",,,"SAN DIEGO","SAN DIEGO",-117.21361756,32.807295770000003
6690665,2014,2015-01-08,3701,2014-10-19,1904,5455,68,7,5,5,3701,0,0,0,,0,002,"CARLSBAD BL","SOLAMAR DR",1003.00,N,N,A,-,N,,,,,,,,,,Y,4,0,1,1,A,-,01,23152,A,N,E,J,A,A,H,-,D,D,0,,,,,Y,Y,A,01,0,0,1,0,0,0,0,0,0,"- ","- ",33.123429999999999,-117.3283,"SAN DIEGO",CARLSBAD,-117.32857093,33.123163259999998
6690677,2014,2014-12-29,3701,2014-10-18,0435,5379,17,6,5,5,3701,0,0,0,,0,004,"CARLSBAD VILLAGE DR","APPIAN RD",0.00,,Y,A,-,N,,,,,,,,,,Y,3,0,1,2,A,-,09,21802,A,N,D,C,A,A,H,-,C,D,0,,,,,Y,Y,A,01,0,1,0,0,0,0,0,0,0,"- ","- ",,,"SAN DIEGO",CARLSBAD,-117.32085008999999,33.171600099999999
6691550,2014,2014-12-09,3711,2014-10-29,1530,6823,,3,5,7,3711,0,0,0,,0,327,"MONTEZUMA RD","E FALLS VIEW DR",181.00,W,N,A,-,N,,,,,,,,,,N,4,0,1,2,A,-,05,21650,1,N,D,G,A,A,H,-,A,D,0,,Y,,,Y,Y,L,04,0,0,1,0,0,0,1,0,0,"- ","- ",,,"SAN DIEGO","SAN DIEGO",-117.06565492999999,32.770687219999999
6693007,2014,2014-12-02,3708,2014-09-03,1725,LM1214,,3,5,5,3708,0,0,0,,0,001,"MASSACHUSETTS AV","WAITE DR",56.00,N,N,A,-,N,,,,,,,,,,N,4,0,1,2,A,-,04,21703,,N,C,C,A,A,H,-,A,A,0,,,,,Y,Y,A,01,0,0,1,0,0,0,0,0,0,"- ","- ",,,"SAN DIEGO","LA MESA",-117.04279,32.746393380000001
6694149,2014,2014-12-09,3700,2014-10-25,0220,SH0817,,6,5,5,3713,0,0,0,,0,307,"CYPRESS DR","ALTA VISTA TER",270.00,N,N,A,-,N,,,,,,,,,,Y,3,0,1,2,A,-,01,23152,A,N,A,E,A,A,H,-,D,D,0,,,,,Y,Y,A,01,0,1,0,0,0,0,0,0,0,"- ","- ",,,"SAN DIEGO",VISTA,-117.21988843,33.193147320000001
6694167,2014,2014-12-31,9645,2014-10-25,2312,019344,,6,3,7,3711,0,1,1,,2,005,"RT 5","MISSION BAY DR",5280.00,N,N,A,-,Y,,,5,,,,,,,Y,3,0,1,1,A,-,01,23152,A,M,F,A,A,A,H,-,C,D,0,,,,,Y,Y,A,01,0,1,0,0,0,0,0,0,0,"- ",FR,32.822679999999998,-117.22993,"SAN DIEGO","SAN DIEGO",-117.2299866,32.822621699999999
6694391,2014,2015-01-05,3710,2014-10-30,2240,OC1363,,4,5,6,3710,0,0,0,,0,007,MYERS,PINE,123.00,S,N,B,-,N,,,,,,,,,,Y,3,0,1,3,A,-,03,22350,,N,C,C,A,A,H,-,C,D,0,,,Y,,Y,Y,C,02,0,1,0,0,0,0,0,0,1,"- ","- ",,,"SAN DIEGO",OCEANSIDE,-117.3783296,33.189644219999998
6694605,2014,2015-01-07,3711,2014-11-01,0305,5972,,6,5,7,3711,0,0,0,,0,837,"HOME AV",GATEWAY,538.00,S,N,B,-,N,,,,,,,,,,Y,3,0,1,2,A,-,08,22107,,N,C,E,A,B,H,-,C,D,0,,,,,Y,Y,D,22,0,1,0,0,0,0,0,0,0,"- ","- ",,,"SAN DIEGO","SAN DIEGO",-117.10877974,32.722160950000003
6694844,2014,2015-01-06,3711,2014-10-28,1434,6762,,2,5,7,3711,0,0,0,,0,825,"ADAMS AV","RT 15",0.00,,Y,A,-,Y,,,,,,,,,,Y,3,0,1,2,A,-,12,21453,A,N,D,C,A,A,H,-,A,A,0,,,,,Y,Y,-,,0,1,0,0,0,0,0,0,0,"- ",NF,,,"SAN DIEGO","SAN DIEGO",-117.10940007000001,32.76328007
6695125,2014,2015-01-08,3709,2014-11-05,2115,0439,,3,5,5,3709,0,0,0,,0,024,"HOOVER AV","W 26TH ST",0.00,,Y,A,-,N,,,,,,,,,,Y,4,0,2,2,A,-,01,23153,A,F,D,C,A,A,H,-,C,D,0,,,,,Y,Y,D,22,0,0,2,0,0,0,0,0,0,"- ","- ",,,"SAN DIEGO","NATIONAL CITY",-117.10381011,32.658960090000001
6695328,2014,2015-01-02,3711,2014-10-28,0915,5854,,2,5,7,3711,0,0,0,,0,521,"K ST","14TH ST",75.00,W,N,A,-,N,,,,,,,,,,N,3,0,1,2,A,-,08,22107,,N,G,B,E,A,H,-,A,D,0,Y,,,,Y,Y,-,,0,1,0,0,1,0,0,0,0,"- ","- ",,,"SAN DIEGO","SAN DIEGO",-117.15214301,32.708370000000002
6696704,2014,2015-01-05,9645,2014-10-03,0103,20301,,5,3,7,3711,0,1,1,,2,011,"RT 805","LANDIS ST",388.00,N,N,A,-,Y,,,805,,,,,,,Y,2,0,3,2,A,-,01,23152,A,N,E,I,A,A,H,-,C,D,0,,,,,Y,Y,A,01,2,1,0,0,0,0,0,0,0,"- ","- ",32.749000000000002,-117.123,"SAN DIEGO","SAN DIEGO",-117.12281754,32.749101439999997
6697348,2014,2014-11-19,3711,2014-09-30,1325,3661,TRAFF,2,5,7,3711,0,0,0,,0,323,"COLLEGE AV","BTWN THERESE WY & ELDERGARDENS ST",0.00,,N,A,-,N,,,,,,,,,,N,3,0,1,1,A,-,03,22350,,N,F,A,A,A,A,D,A,D,0,,Y,,,Y,Y,L,04,0,1,0,0,0,0,1,0,0,"- ","- ",,,"SAN DIEGO","SAN DIEGO",,
6697358,2014,2015-01-08,3711,2014-11-01,0044,6794,SD,6,5,7,3711,0,0,0,,0,242,"BLACK MOUNTAIN RD","BABAUTA RD",200.00,S,N,B,-,N,,,,,,,,,,Y,3,0,1,1,A,-,08,22107,,N,E,I,A,B,H,-,C,D,0,,,,,Y,Y,-,,0,1,0,0,0,0,0,0,0,"- ","- ",,,"SAN DIEGO","SAN DIEGO",-117.12589611999999,32.935008070000002
6697946,2014,2016-06-18,9680,2014-11-04,1855,018979,,2,2,9,3700,0,1,3,,1,022,"RT 54","CHASE AV",300.00,E,N,A,-,Y,SD,11,54,-,T,13.770,H,-,W,N,4,0,1,2,A,-,01,23152,A,N,C,C,A,A,H,-,C,A,0,,,,,Y,Y,D,22,0,0,1,0,0,0,0,0,0,"- ","- ",32.76932,-116.92778,"SAN DIEGO",UNINCORPORATED,-116.92789307,32.769661730000003
6698410,2014,2014-12-09,9680,2014-10-31,0050,20116,,5,3,9,3700,0,1,3,,2,016,"RT 67","RIVERFORD RD",70.00,S,N,A,-,Y,,,67,,,,,,,Y,3,0,1,1,A,-,01,23152,A,N,E,I,A,A,H,-,D,D,0,,,,,Y,Y,A,07,0,1,0,0,0,0,0,0,0,"- ","- ",32.855020000000003,-116.94723999999999,"SAN DIEGO",UNINCORPORATED,-116.94717197999999,32.854879869999998
6698966,2014,2014-12-09,3711,2014-10-04,0108,5787,,6,5,7,3711,0,0,0,,0,122,"MISSION BL","EMERALD ST",33.00,N,N,A,-,N,,,,,,,,,,N,3,0,1,2,A,-,11,21954,A,N,B,B,D,A,H,-,C,D,0,Y,,,,Y,Y,N,60,0,1,0,0,1,0,0,0,0,"- ","- ",,,"SAN DIEGO","SAN DIEGO",-117.25608575,32.798497750000003
6699442,2014,2016-05-16,9680,2014-09-27,1755,019822,,6,2,5,3708,0,1,3,,2,028,"RT 125","MARIPOSA ST",366.00,N,N,A,-,Y,SD,11,125,-,-,14.180,H,-,N,Y,4,0,2,2,A,-,07,21658,A,F,E,I,A,A,H,-,A,D,1,,,,,Y,Y,A,01,0,0,2,0,0,0,0,0,0,"- ","- ",32.760069999999999,-117.00346,"SAN DIEGO","LA MESA",-117.00365984,32.760028589999997
6699487,2014,2014-11-21,3711,2014-09-24,2200,6929,NORTH,3,5,7,3711,0,0,0,,0,122,"THOMAS AV","MISSION BL",107.00,E,N,A,-,N,,,,,,,,,,N,3,0,1,1,A,-,03,22350,,N,H,A,A,A,H,-,C,D,0,,Y,,,Y,Y,L,04,0,1,0,0,0,0,1,0,0,"- ","- ",,,"SAN DIEGO","SAN DIEGO",-117.2542552,32.793707259999998
6699499,2014,2014-11-21,3706,2014-09-21,1800,ES0412,,7,5,6,3706,0,0,0,,0,045,"QUINCE ST","VALLEY PKWY",183.00,N,N,A,-,N,,,,,,,,,,N,3,0,1,1,A,-,08,22107,,N,E,I,A,A,H,-,A,D,0,,Y,,,Y,Y,L,04,0,1,0,0,0,0,1,0,0,"- ","- ",,,"SAN DIEGO",ESCONDIDO,-117.089136,33.11966005
6700606,2014,2016-02-24,9650,2014-10-25,1300,12168,,6,1,9,3700,0,3,5,,2,210,"DEER SPRINGS RD","SARVER LN",0.00,,Y,A,-,N,,,,,,,,,,Y,2,0,1,1,A,-,01,23152,A,N,E,I,A,A,H,-,A,D,0,,,,,Y,Y,D,22,1,0,0,0,0,0,0,0,0,"- ","- ",33.193989999999999,-117.15141,"SAN DIEGO",UNINCORPORATED,-117.15136004,33.194000029999998
6700664,2014,2015-01-09,9680,2014-11-01,0155,019946,,6,3,9,3700,0,2,4,,1,021,"DEHESA RD","WILLOW GLEN DR",1431.00,W,N,A,-,N,,,,,,,,,,Y,3,0,1,1,A,-,01,23152,A,N,F,I,A,A,H,-,D,D,0,,,,,Y,Y,D,22,0,1,0,0,0,0,0,0,0,"- ","- ",32.8035,-116.89021,"SAN DIEGO",UNINCORPORATED,-116.89023226,32.785313850000001
6700689,2014,2015-01-21,9680,2014-11-02,1430,019255,,7,2,9,3700,0,3,5,,2,003,"ALPINE BL","TAVERN RD",268.00,W,N,A,-,N,,,,,,,,,,Y,4,0,1,2,A,-,01,23152,A,F,D,C,A,A,H,-,A,D,0,,,,,Y,Y,D,22,0,0,1,0,0,0,0,0,0,"- ","- ",32.837879999999998,-116.77889999999999,"SAN DIEGO",UNINCORPORATED,-116.77915891000001,32.837769100000003
6700803,2014,2014-12-08,3706,2014-10-30,1905,ES0318,,4,5,6,3706,0,0,0,,0,052,"ASH ST","3RD AV",0.00,,Y,A,-,Y,,,,,,,,,,Y,3,0,3,2,A,-,01,23152,A,N,D,C,A,A,H,-,C,D,0,,,,,Y,Y,A,01,0,1,2,0,0,0,0,0,0,"- ","- ",,,"SAN DIEGO",ESCONDIDO,-117.06463003,33.125239999999998
6700809,2014,2014-12-02,3710,2014-10-01,1755,OC1304,,3,5,6,3710,0,0,0,,0,001,"SURFRIDER WY","CLEVELAND ST",0.00,,Y,A,-,N,,,,,,,,,,N,3,0,1,2,A,-,12,22450,A,F,D,G,A,A,H,-,A,A,0,,Y,,,Y,Y,A,01,0,1,0,0,0,0,1,0,0,"- ","- ",,,"SAN DIEGO",OCEANSIDE,-117.38396007,33.198360059999999
6700845,2014,2014-12-02,3710,2014-10-31,0630,OC1403,,5,5,6,3710,0,0,0,,0,014,"RT 76","BENET RD",0.00,,Y,A,-,Y,,,,,,,,,,N,4,0,1,2,A,-,03,22350,,M,C,C,A,A,H,-,C,A,0,,,,,Y,Y,A,08,0,0,1,0,0,0,0,0,0,"- ","- ",,,"SAN DIEGO",OCEANSIDE,-117.35728005999999,33.214820119999999
6700896,2014,2014-12-02,9650,2014-10-26,0838,015906,,7,1,9,3700,0,3,5,,2,211,"WOODS VALLEY RD","VALLEY CENTER RD",10032.00,E,N,B,-,N,,,,,,,,,,Y,3,0,1,1,A,-,01,23152,F,N,E,I,A,A,H,-,A,D,0,,,,,Y,Y,A,01,0,1,0,0,0,0,0,0,0,"- ","- ",33.20438,-117.00297999999999,"SAN DIEGO",UNINCORPORATED,-117.00314254,33.2042948
6700998,2014,2014-12-04,9650,2014-10-26,0005,019549,,7,3,9,3700,0,3,5,,2,213,"PALA TEMECULA RD","PALA MISSION RD",22704.00,N,N,A,-,N,,,,,,,,,,Y,3,0,1,1,A,-,01,23152,A,N,E,I,A,A,H,-,D,D,0,,,,,Y,Y,A,07,0,1,0,0,0,0,0,0,0,"- ","- ",33.41422,-117.08513000000001,"SAN DIEGO",UNINCORPORATED,-117.10590000000001,33.3919
6701045,2014,2015-01-08,3711,2014-11-10,1523,6000,,1,5,7,3711,0,0,0,,0,627,"WASHINGTON ST","5TH AV",29.00,W,N,A,-,N,,,,,,,,,,N,4,0,1,2,A,-,04,21703,,N,C,C,A,A,H,-,A,A,0,,,,,Y,Y,-,,0,0,1,0,0,0,0,0,0,"- ","- ",,,"SAN DIEGO","SAN DIEGO",-117.16092399999999,32.749998830000003
6701055,2014,2015-01-08,3711,2014-11-10,0125,5972,,1,5,7,3711,0,0,0,,0,433,"BROOKLYN AV","65TH ST",135.00,E,N,A,-,N,,,,,,,,,,Y,3,0,1,5,A,-,08,22107,,M,E,I,A,A,H,-,C,D,0,,,,,Y,Y,A,01,0,1,0,0,0,0,0,0,0,"- ","- ",,,"SAN DIEGO","SAN DIEGO",-117.05760265000001,32.713124919999998
6701069,2014,2015-01-08,3711,2014-11-10,1630,7168,,1,5,7,3711,0,0,0,,0,123,"MISSION BAY DR","QUIVIRA ACCESS RD",1056.00,W,N,A,-,N,,,,,,,,,,N,3,0,1,2,A,-,08,22107,,N,E,G,A,A,H,-,A,D,0,,Y,,,Y,Y,L,04,0,1,0,0,0,0,1,0,0,"- ","- ",,,"SAN DIEGO","SAN DIEGO",-117.24090099,32.766887910000001
6701086,2014,2015-01-29,3701,2014-11-07,1957,5438,6,5,5,5,3701,0,0,0,,0,072,"PASEO DEL NORTE","PACOMAR AIRPORT RD",420.00,S,N,A,-,N,,,,,,,,,,Y,2,0,1,2,A,-,11,21954,A,F,G,-,D,A,H,-,C,D,0,Y,,,,Y,Y,A,01,1,0,0,0,1,0,0,0,0,"- ","- ",,,"SAN DIEGO",CARLSBAD,-117.31781602,33.121881860000002
6701110,2014,2015-05-28,3711,2014-11-07,0719,6798,,5,5,7,3711,0,0,0,,0,442,"NATIONAL AV","38TH ST",300.00,E,N,A,-,N,,,,,,,,,,N,4,0,3,5,A,-,03,22350,,M,C,C,A,A,H,-,A,A,0,,,,,Y,Y,-,,0,0,3,0,0,0,0,0,0,"- ","- ",,,"SAN DIEGO","SAN DIEGO",-117.11149827,32.696043379999999
6701639,2014,2016-02-23,3706,2014-10-31,0140,ES0443,,5,5,6,3706,0,0,0,,0,043,"MORNING VIEW DR","W EL NORTE PKWY",1056.00,S,N,B,-,N,,,,,,,,,,Y,3,0,1,2,A,-,03,22350,,F,C,E,A,A,H,-,C,D,0,,,,,Y,Y,A,01,0,1,0,0,0,0,0,0,0,"- ","- ",,,"SAN DIEGO",ESCONDIDO,-117.09744817000001,33.140672690000002
6701670,2014,2016-02-24,3705,2014-10-06,1901,EC0301,,1,5,5,3705,0,0,0,,0,007,"E MAIN",GREENFIELD,182.00,N,N,B,-,N,,,,,,,,,,N,4,0,1,2,A,-,11,21954,A,N,G,B,D,A,H,-,C,D,0,Y,,,,Y,Y,N,60,0,0,1,0,1,0,0,0,0,"- ","- ",,,"SAN DIEGO","EL CAJON",-116.91825346,32.812740929999997
6701936,2014,2014-11-26,3706,2014-10-23,1745,ES0318,,4,5,6,3706,0,0,0,,0,052,"GRAND AV","KALMIA ST",18.00,W,N,A,-,N,,,,,,,,,,Y,3,0,1,1,A,-,01,23152,A,N,H,A,A,A,H,-,A,D,0,,,Y,,Y,Y,C,02,0,1,0,0,0,0,0,0,1,"- ","- ",,,"SAN DIEGO",ESCONDIDO,-117.08013027,33.122304679999999
6701999,2014,2014-11-26,9680,2014-10-26,1520,019822,,7,2,9,3700,0,2,4,,1,025,"JAMACHA BL","KEMPTON ST",34.00,E,N,A,-,N,,,,,,,,,,Y,4,0,1,2,A,-,01,23152,A,N,C,C,A,A,H,-,A,A,0,,,,,Y,Y,A,01,0,0,1,0,0,0,0,0,0,"- ","- ",32.707929999999998,-117.00163999999999,"SAN DIEGO",UNINCORPORATED,-117.00172044999999,32.707849629999998
6702388,2014,2014-12-08,3706,2014-10-28,1257,ES0346,,2,5,6,3706,0,0,0,,0,051,"17TH AV","LENDEE DR",490.00,W,N,A,-,N,,,,,,,,,,Y,4,0,1,1,A,-,01,23152,A,N,E,I,A,A,H,-,A,A,0,,,,,Y,Y,A,01,0,0,1,0,0,0,0,0,0,"- ","- ",,,"SAN DIEGO",ESCONDIDO,-117.06039690999999,33.10836742
6702474,2014,2014-12-08,3709,2014-10-25,0243,347,,6,5,5,3709,0,0,0,,0,021,"PALM AV","E 1ST ST",150.00,S,N,A,-,N,,,,,,,,,,Y,4,0,1,2,A,-,01,23152,A,N,E,I,A,A,H,-,C,D,0,,,,,Y,Y,A,01,0,0,1,0,0,0,0,0,0,"- ","- ",,,"SAN DIEGO","NATIONAL CITY",-117.09300933999999,32.686177039999997
6702478,2014,2015-11-03,3709,2014-10-25,2306,415,,6,5,5,3709,0,0,0,,0,024,"HIGHLAND AV","24TH ST",157.00,N,N,A,-,N,,,,,,,,,,Y,4,0,1,1,A,-,01,23152,A,N,E,I,A,A,H,-,C,D,0,,,,,Y,Y,A,01,0,0,1,0,0,0,0,0,0,"- ","- ",,,"SAN DIEGO","NATIONAL CITY",-117.09351762999999,32.664768860000002
6702503,2014,2014-12-04,3711,2014-10-24,1530,5916,,5,5,7,3711,0,0,0,,0,116,"BALBOA AV","CLAIREMONT DR",1056.00,W,N,A,-,N,,,,,,,,,,N,3,0,1,1,A,-,08,22107,,N,E,I,A,A,H,-,A,D,0,,Y,,,Y,Y,L,04,0,1,0,0,0,0,1,0,0,"- ","- ",,,"SAN DIEGO","SAN DIEGO",-117.20437,32.81126956