CASE_ID,ACCIDENT_YEAR,PROC_DATE,JURIS,COLLISION_DATE,COLLISION_TIME,OFFICER_ID,REPORTING_DISTRICT,DAY_OF_WEEK,CHP_SHIFT,POPULATION,CNTY_CITY_LOC,SPECIAL_COND,BEAT_TYPE,CHP_BEAT_TYPE,CITY_DIVISION_LAPD,CHP_BEAT_CLASS,BEAT_NUMBER,PRIMARY_RD,SECONDARY_RD,DISTANCE,DIRECTION,INTERSECTION,WEATHER_1,WEATHER_2,STATE_HWY_IND,CALTRANS_COUNTY,CALTRANS_DISTRICT,STATE_ROUTE,ROUTE_SUFFIX,POSTMILE_PREFIX,POSTMILE,LOCATION_TYPE,RAMP_INTERSECTION,SIDE_OF_HWY,TOW_AWAY,COLLISION_SEVERITY,NUMBER_KILLED,NUMBER_INJURED,PARTY_COUNT,PRIMARY_COLL_FACTOR,PCF_CODE_OF_VIOL,PCF_VIOL_CATEGORY,PCF_VIOLATION,PCF_VIOL_SUBSECTION,HIT_AND_RUN,TYPE_OF_COLLISION,MVIW,PED_ACTION,ROAD_SURFACE,ROAD_COND_1,ROAD_COND_2,LIGHTING,CONTROL_DEVICE,CHP_ROAD_TYPE,PEDESTRIAN_ACCIDENT,BICYCLE_ACCIDENT,MOTORCYCLE_ACCIDENT,TRUCK_ACCIDENT,NOT_PRIVATE_PROPERTY,ALCOHOL_INVOLVED,STWD_VEHTYPE_AT_FAULT,CHP_VEHTYPE_AT_FAULT,COUNT_SEVERE_INJ,COUNT_VISIBLE_INJ,COUNT_COMPLAINT_PAIN,COUNT_PED_KILLED,COUNT_PED_INJURED,COUNT_BICYCLIST_KILLED,COUNT_BICYCLIST_INJURED,COUNT_MC_KILLED,COUNT_MC_INJURED,PRIMARY_RAMP,SECONDARY_RAMP,LATITUDE,LONGITUDE,COUNTY,CITY,POINT_X,POINT_Y
6728824,2014,2015-01-16,3711,2014-11-30,1753,6713,CA,7,5,7,3711,0,0,0,,0,614,"SUNSET CLIFFS","NARRAGANSETT AV",0.00,,Y,A,-,N,,,,,,,,,,Y,3,0,1,3,A,-,03,22350,,N,C,D,A,A,H,-,C,A,0,,,,,Y,Y,-,,0,1,0,0,0,0,0,0,0,"- ","- ",,,"SAN DIEGO","SAN DIEGO",-117.24906,32.743060069999999
6728879,2014,2015-01-21,3711,2014-11-25,0850,5628,,2,5,7,3711,0,0,0,,0,313,"CLAIREMONT MESA BL","MERCURY ST",170.00,E,N,A,-,N,,,,,,,,,,Y,4,0,1,2,A,-,08,22107,,N,B,C,A,A,H,-,A,D,0,,,Y,,Y,Y,C,06,0,0,1,0,0,0,0,0,0,"- ","- ",,,"SAN DIEGO","SAN DIEGO",-117.14834860000001,32.83287
6731020,2014,2015-01-20,3705,2014-11-26,2210,EC0163,,3,5,5,3705,0,0,0,,0,009,JAMACHA,LEXINGTON,456.00,N,N,A,-,N,,,,,,,,,,Y,2,0,1,2,A,-,01,23152,A,N,C,E,A,A,H,-,C,D,0,,,,,Y,Y,A,01,1,0,0,0,0,0,0,0,0,"- ","- ",,,"SAN DIEGO","EL CAJON",-116.93466854,32.793390299999999
6731025,2014,2015-01-29,3710,2014-12-02,0130,OC1392,,2,5,6,3710,0,0,0,,0,011,MISSION,"AIRPORT RD",210.00,E,N,A,-,N,,,,,,,,,,Y,3,0,1,1,A,-,01,23152,A,N,E,I,A,A,H,-,C,A,0,,,,,Y,Y,A,01,0,1,0,0,0,0,0,0,0,"- ","- ",,,"SAN DIEGO",OCEANSIDE,-117.34776913,33.213733230000003
6731036,2014,2015-01-27,3709,2014-11-18,1759,461,,2,5,5,3709,0,0,0,,0,020,"HIGHLAND AV","E 13TH ST",11.00,S,N,A,-,N,,,,,,,,,,N,4,0,1,2,A,-,10,21950,A,N,G,B,C,A,H,-,C,D,0,Y,,,,Y,Y,-,,0,0,1,0,1,0,0,0,0,"- ","- ",,,"SAN DIEGO","NATIONAL CITY",-117.09687884,32.67353138
6731174,2014,2015-01-22,3706,2014-11-30,1746,ES0471,,7,5,6,3706,0,0,0,,0,042,"EAST WASHINGTON AV","JUNIPER ST",317.00,E,N,A,-,N,,,,,,,,,,Y,3,0,2,2,A,-,01,23153,A,N,B,E,A,A,H,-,C,D,0,,,,Y,Y,Y,A,01,0,2,0,0,0,0,0,0,0,"- ","- ",,,"SAN DIEGO",ESCONDIDO,-117.08091263999999,33.127882309999997
6731857,2014,2015-01-30,3711,2014-12-09,1600,6339,,2,5,7,3711,0,0,0,,0,242,"GOLD COAST DR","WESTCHESTER AV",150.00,W,N,A,-,N,,,,,,,,,,N,4,0,1,2,A,-,08,22107,,N,H,G,A,A,H,-,A,D,0,,Y,,,Y,Y,L,04,0,0,1,0,0,0,1,0,0,"- ","- ",,,"SAN DIEGO","SAN DIEGO",-117.12760704,32.905365869999997
6731902,2014,2015-01-29,3711,2014-12-08,1728,7169,,1,5,7,3711,0,0,0,,0,824,"EL CAJON BL","ALTADENA AV",24.00,E,N,A,-,N,,,,,,,,,,N,3,0,1,2,A,-,10,21950,A,N,B,B,D,A,H,-,C,D,0,Y,,,,Y,Y,A,01,0,1,0,0,1,0,0,0,0,"- ","- ",,,"SAN DIEGO","SAN DIEGO",-117.08567312,32.756960059999997
6731994,2014,2015-01-23,3702,2014-11-30,0150,CV1083,,7,5,6,3702,0,0,0,,0,012,"H ST",BROADWAY,105.00,W,N,A,-,N,,,,,,,,,,Y,4,0,1,1,A,-,01,23152,A,N,A,I,A,A,H,-,C,A,0,,,,,Y,Y,A,01,0,0,1,0,0,0,0,0,0,"- ","- ",,,"SAN DIEGO","CHULA VISTA",-117.08978312000001,32.630870760000001
6731998,2014,2015-01-23,3702,2014-11-30,0240,CV1111,,7,5,6,3702,0,0,0,,0,031,"MEDICAL CENTER DR","E NAPLES CT",243.00,N,N,A,-,N,,,,,,,,,,Y,4,0,1,2,A,-,01,23153,A,N,A,C,A,A,H,-,C,C,0,,,,,Y,Y,A,01,0,0,1,0,0,0,0,0,0,"- ","- ",,,"SAN DIEGO","CHULA VISTA",-117.02738435000001,32.622452240000001
6732698,2014,2015-01-05,3700,2014-10-13,0200,SH7478,,1,5,4,3780,0,0,0,,0,412,"POWAY RD","GARDEN RD",0.00,,Y,A,-,N,,,,,,,,,,Y,3,0,1,1,A,-,01,23152,A,N,E,I,A,A,H,-,C,A,0,,,,,Y,Y,A,01,0,1,0,0,0,0,0,0,0,"- ","- ",,,"SAN DIEGO",POWAY,-117.02412001,32.956580080000002
6732703,2014,2015-01-16,3711,2014-11-29,0207,3815,,6,5,7,3711,0,0,0,,0,814,"ADAMS AV","RT 15",14.00,W,N,A,-,Y,,,,,,,,,,Y,3,0,2,1,A,-,08,22107,,N,E,I,A,A,H,-,C,A,0,,,,,Y,Y,A,01,0,1,1,0,0,0,0,0,0,"- ",NO,,,"SAN DIEGO","SAN DIEGO",-117.10944539,32.763280000000002
6733765,2014,2015-01-23,9650,2014-11-30,0215,018296,,7,3,9,3700,0,1,3,,2,065,"EAST MISSION RD","LIVE OAK PARK RD",2112.00,W,N,A,-,N,,,,,,,,,,Y,3,0,1,1,A,-,01,23152,A,N,E,I,A,A,H,-,D,D,0,,,,,Y,Y,D,22,0,1,0,0,0,0,0,0,0,"- ","- ",33.391730000000003,-117.19517999999999,"SAN DIEGO",UNINCORPORATED,-117.19305289,33.392182579999997
6734073,2014,2014-12-16,3706,2014-11-27,0418,ES0374,,4,5,6,3706,0,0,0,,0,051,VERMONT,"ESCONDIDO BL",333.00,E,N,A,-,N,,,,,,,,,,Y,3,0,2,4,A,-,01,23153,A,F,C,C,A,A,H,-,D,D,0,,,,,Y,Y,A,01,0,1,1,0,0,0,0,0,0,"- ","- ",,,"SAN DIEGO",ESCONDIDO,-117.06994572000001,33.101946150000003
6735042,2014,2015-02-06,3710,2014-12-24,1745,OC1322,,3,5,6,3710,0,0,0,,0,012,OCEANSIDE,GREENBRIER,228.00,W,N,A,-,N,,,,,,,,,,N,4,0,1,2,A,-,01,23152,A,N,D,C,A,A,H,-,C,D,0,,,,,Y,Y,A,01,0,0,1,0,0,0,0,0,0,"- ","- ",,,"SAN DIEGO",OCEANSIDE,-117.35558209,33.193885639999998
6735845,2014,2015-01-22,9650,2014-11-27,1435,016490,,4,2,9,3700,0,3,5,,1,212,"FRUITVALE RD","COLE GRADE RD",2640.00,E,N,A,-,N,,,,,,,,,,Y,4,0,1,1,A,-,01,23152,A,N,F,A,A,A,H,-,A,D,0,,,,,Y,Y,A,01,0,0,1,0,0,0,0,0,0,"- ","- ",33.242190000000001,-117.01403000000001,"SAN DIEGO",UNINCORPORATED,-117.01523468000001,33.242178490000001
6735853,2014,2015-01-22,9650,2014-11-26,1745,015803,,3,2,6,3706,0,3,5,,2,231,"MARY LN","PRINCE ST",200.00,E,N,A,-,N,,,,,,,,,,Y,3,0,1,1,A,-,01,23152,A,N,F,A,A,A,H,-,D,D,0,,,,,Y,Y,A,01,0,1,0,0,0,0,0,0,0,"- ","- ",33.07835,-117.04989999999999,"SAN DIEGO",ESCONDIDO,-117.04964382,33.078508710000001
6736525,2014,2014-12-29,3700,2014-04-06,1255,SH7710,,7,5,5,3781,0,0,0,,0,519,"N MAGNOLIA AV","OLIVE LN",5.00,N,N,A,-,N,,,,,,,,,,Y,4,0,1,2,A,-,09,21804,B,N,D,C,A,A,H,-,A,D,0,,,Y,,Y,Y,A,01,0,0,1,0,0,0,0,0,1,"- ","- ",,,"SAN DIEGO",SANTEE,,
6737165,2014,2015-01-23,9645,2014-11-27,0235,020165,,4,3,5,3709,0,1,1,,2,021,"RT 5","RIGEL ST",0.00,N,N,A,-,Y,,,,,,,,,,Y,3,0,1,1,A,-,01,23152,A,N,E,I,A,A,H,-,C,D,0,,,,,Y,Y,A,01,0,1,0,0,0,0,0,0,0,FR,"- ",32.692689999999999,-117.12087,"SAN DIEGO","NATIONAL CITY",-117.12039004,32.691850019999997
6737491,2014,2015-01-20,3711,2014-11-26,1300,6706,MIDCI,3,5,7,3711,0,0,0,,0,822,"UNIVERSITY AV","UNIVERSITY AV 5600",9.00,N,N,A,-,N,,,,,,,,,,Y,3,0,1,2,A,-,12,22450,A,N,B,C,A,A,H,-,A,A,0,,,,,Y,Y,-,,0,1,0,0,0,0,0,0,0,"- ","- ",,,"SAN DIEGO","SAN DIEGO",,
6737495,2014,2015-01-29,3711,2014-11-27,1635,7187,,4,5,7,3711,0,0,0,,0,889,"SWIFT AV","LANDIS ST",300.00,N,N,A,-,N,,,,,,,,,,N,3,0,2,1,A,-,03,22350,,N,H,J,A,A,H,-,B,D,0,,,,,Y,Y,-,,0,2,0,0,0,0,0,0,0,"- ","- ",,,"SAN DIEGO","SAN DIEGO",-117.11929000000001,32.747450819999997
6737508,2014,2015-01-20,3711,2014-11-30,2110,6967,SD,7,5,7,3711,0,0,0,,0,828,"AUBURN DR","WIGHTMAN ST",528.00,S,N,A,-,N,,,,,,,,,,Y,3,0,1,7,A,-,08,22107,,N,B,E,A,A,H,-,C,D,0,,,,,Y,Y,-,,0,1,0,0,0,0,0,0,0,"- ","- ",,,"SAN DIEGO","SAN DIEGO",-117.08878301999999,32.74465885
6737912,2014,2015-01-29,3711,2014-12-01,1655,4527,,1,5,7,3711,0,0,0,,0,521,IMPERIAL,"IMPERIAL 1700",216.00,E,N,A,-,N,,,,,,,,,,N,4,0,1,2,A,-,10,21950,A,N,D,B,D,A,H,-,C,D,0,Y,,,,Y,Y,N,60,0,0,1,0,1,0,0,0,0,"- ","- ",,,"SAN DIEGO","SAN DIEGO",,
6738350,2014,2015-01-20,3708,2014-11-09,2200,LM1214,,7,5,5,3708,0,0,0,,0,002,"SPRING ST","CENTER DR",98.00,W,N,A,-,N,,,,,,,,,,Y,3,0,1,2,A,-,05,21650,,F,E,I,A,A,H,-,D,D,0,,,,,Y,Y,A,01,0,1,0,0,0,0,0,0,0,"- ","- ",,,"SAN DIEGO","LA MESA",-117.02409,32.771529999999998
6738399,2014,2015-01-16,3708,2014-11-26,2357,LM1214,,3,5,5,3708,0,0,0,,0,002,"LEMON AV","HELIX HILLS TER",278.00,W,N,A,-,N,,,,,,,,,,Y,3,0,4,2,A,-,01,23153,A,N,B,C,A,A,H,-,C,D,0,,,,,Y,Y,A,01,0,1,3,0,0,0,0,0,0,"- ","- ",,,"SAN DIEGO","LA MESA",-116.99021445,32.770512439999997
6738400,2014,2015-01-15,3708,2014-11-15,0125,LM1241,,6,5,5,3708,0,0,0,,0,001,"UNIVERSITY AV","70TH ST",166.00,W,N,A,-,N,,,,,,,,,,Y,4,0,1,1,A,-,01,23152,A,N,E,I,A,A,H,-,C,D,0,,,,,Y,Y,A,01,0,0,1,0,0,0,0,0,0,"- ","- ",,,"SAN DIEGO","LA MESA",-117.04807314,32.755350530000001
6738679,2014,2015-03-19,3711,2014-12-06,2338,7048,,6,5,7,3711,0,0,0,,0,121,"MISSION BL","YORK CT",0.00,,Y,A,-,N,,,,,,,,,,N,4,0,2,2,A,-,04,21703,,M,C,C,A,A,H,-,C,D,0,,,,,Y,Y,-,,0,0,2,0,0,0,0,0,0,"- ","- ",,,"SAN DIEGO","SAN DIEGO",-117.25335004999999,32.7893501
6738687,2014,2016-02-23,3711,2014-12-06,2500,5791,,6,5,7,3711,0,0,0,,0,122,"MISSION BL","REED AV",0.00,,Y,B,-,N,,,,,,,,,,Y,4,0,5,2,A,-,03,22350,,N,C,C,A,A,H,-,C,A,0,,,,,Y,Y,-,,0,0,5,0,0,0,0,0,0,"- ","- ",,,"SAN DIEGO","SAN DIEGO",-117.25430011,32.792690049999997
6738692,2014,2015-01-29,3711,2014-12-05,0300,3792,3711,5,5,7,3711,0,0,0,,0,838,"UNIVERSITY AV","WABASH ST",11.00,E,N,A,-,N,,,,,,,,,,Y,3,0,1,1,A,-,08,22107,,M,E,I,A,A,H,-,C,A,0,,,,,Y,Y,A,01,0,1,0,0,0,0,0,0,0,"- ","- ",,,"SAN DIEGO","SAN DIEGO",-117.12077698,32.749223010000001
6739001,2014,2015-01-29,3711,2014-11-23,0200,6756,,7,5,7,3711,0,0,0,,0,122,"BERYL ST","SOLEDAD MOUNTAIN RD",54.00,W,N,A,-,N,,,,,,,,,,Y,4,0,1,2,A,-,03,22350,,N,C,C,A,A,H,-,C,A,0,,,,,Y,Y,-,,0,0,1,0,0,0,0,0,0,"- ","- ",,,"SAN DIEGO","SAN DIEGO",-117.23035462,32.809069979999997
6739453,2014,2016-02-23,3711,2014-11-21,1748,6950,3711,5,5,7,3711,0,0,0,,0,113,"HIDALGO AV","LUNA AV",30.00,W,N,A,-,N,,,,,,,,,,Y,4,0,1,2,A,-,12,22450,,N,D,C,A,A,H,-,D,D,0,,,,,Y,Y,-,,0,0,1,0,0,0,0,0,0,"- ","- ",,,"SAN DIEGO","SAN DIEGO",-117.21984512,32.833042249999998
6739465,2014,2015-01-21,3711,2014-11-15,0730,7133,,6,5,7,3711,0,0,0,,0,614,"NIMITZ BL","SUNSET CLIFFS BL",0.00,,Y,B,-,N,,,,,,,,,,Y,4,0,1,3,A,-,08,22107,,N,A,C,A,A,H,-,A,A,0,,,,,Y,Y,-,,0,0,1,0,0,0,0,0,0,"- ","- ",,,"SAN DIEGO","SAN DIEGO",-117.23730005,32.754120069999999
6739477,2014,2015-01-23,3711,2014-11-20,1830,5623,,4,5,7,3711,0,0,0,,0,724,"HOLLISTER ST",CITRUS,75.00,S,N,B,-,N,,,,,,,,,,Y,4,0,1,2,A,-,10,21954,B,N,G,B,D,A,H,-,C,D,0,Y,,,,Y,Y,-,,0,0,1,0,1,0,0,0,0,"- ","- ",,,"SAN DIEGO","SAN DIEGO",-117.08407784000001,32.584524569999999
6741778,2014,2015-01-29,3709,2014-12-08,0139,415,,1,5,5,3709,0,0,0,,0,023,"18TH ST","N AV",260.00,E,N,A,-,N,,,,,,,,,,N,3,0,1,2,A,-,01,23152,A,N,C,E,A,A,H,-,C,D,0,,,,,Y,Y,A,01,0,1,0,0,0,0,0,0,0,"- ","- ",,,"SAN DIEGO","NATIONAL CITY",-117.08843671,32.671438760000001
6742329,2014,2015-02-05,9645,2014-12-15,1835,018950,,1,2,6,3702,0,1,1,,2,009,"RT 805","MAIN ST",176.00,S,N,A,-,Y,,,805,,,,,,,Y,3,0,1,1,A,-,01,23152,A,N,F,A,A,A,H,-,D,D,0,,,,,Y,Y,A,01,0,1,0,0,0,0,0,0,0,"- ","- ",32.593649999999997,-117.03666,"SAN DIEGO","CHULA VISTA",-117.03648452,32.593647109999999
6742832,2014,2015-03-05,9680,2014-11-29,1710,017389,,6,2,9,3700,0,1,3,,1,024,"RT 94","RT 188",10560.00,W,N,A,-,Y,,,94,,,,,,,Y,4,0,1,1,A,-,01,23152,A,N,E,I,A,A,H,-,D,D,0,,,,,Y,Y,D,22,0,0,1,0,0,0,0,0,0,"- ","- ",32.595010000000002,-116.67225000000001,"SAN DIEGO",UNINCORPORATED,-116.67224518,32.595030119999997
6743159,2014,2015-01-22,3710,2014-11-07,1600,OC0873,,5,5,6,3710,0,0,0,,0,016,"PALA CT",SILVERWOOD,20.00,E,N,A,-,N,,,,,,,,,,N,4,0,1,2,A,-,10,21950,A,N,G,B,B,A,H,-,A,D,0,Y,,,,Y,Y,D,22,0,0,1,0,1,0,0,0,0,"- ","- ",,,"SAN DIEGO",OCEANSIDE,-117.33244519,33.236266030000003
6743323,2014,2015-02-06,3709,2014-11-29,1417,418,,6,5,5,3709,0,0,0,,0,021,"EUCLID AV","EAST PLAZA BL",0.00,,Y,A,-,N,,,,,,,,,,Y,4,0,2,2,A,-,00,2800,2,F,D,C,A,A,H,-,A,A,0,,,,,Y,Y,A,01,0,0,2,0,0,0,0,0,0,"- ","- ",,,"SAN DIEGO","NATIONAL CITY",-117.0801101,32.679900060000001
6743806,2014,2016-02-23,3700,2014-10-21,0341,SH2784,,2,5,5,3782,0,0,0,,0,224,"MANCHESTER AV","SOUTH EL CAMINO REAL",0.00,,Y,A,-,N,,,,,,,,,,Y,3,0,1,1,A,-,01,23152,A,M,E,I,A,A,H,-,C,A,0,,,,,Y,Y,D,22,0,1,0,0,0,0,0,0,0,"- ","- ",,,"SAN DIEGO",ENCINITAS,-117.25558006,33.021820089999999
6743848,2014,2015-01-23,9680,2014-11-23,1655,019822,,7,2,9,3700,0,3,5,,2,002,"JAMACHA RD","RT 125",6.00,W,N,A,-,Y,,,,,,,,,,N,4,0,2,2,A,-,01,23152,A,F,D,C,A,A,H,-,B,A,0,,,,,Y,Y,D,22,0,0,2,0,0,0,0,0,0,"- ","- ",32.714759999999998,-117.015,"SAN DIEGO",UNINCORPORATED,-117.01451943000001,32.714749660000003
6744284,2014,2015-01-20,3711,2014-11-22,1845,4310,,6,5,7,3711,0,0,0,,0,935,"EL CAMINIO REAL","SAN DIEGUITO RIVER BRIDGE",60.00,S,N,A,-,N,,,,,,,,,,Y,2,0,3,2,A,-,08,22107,,N,E,I,A,A,H,-,D,D,0,,,,,Y,Y,A,07,3,0,0,0,0,0,0,0,0,"- ","- ",,,"SAN DIEGO","SAN DIEGO",-117.230417,32.977915000000003
6744726,2014,2015-01-26,3700,2014-11-26,1530,SH4541,,3,5,5,3712,0,0,0,,0,355,"LAS POSAS RD","LINDA VISTA DR",0.00,,Y,A,-,N,,,,,,,,,,Y,3,0,1,2,A,-,01,23152,A,N,B,C,A,A,H,-,A,D,0,,,Y,,Y,Y,C,02,0,1,0,0,0,0,0,0,1,"- ","- ",,,"SAN DIEGO","SAN MARCOS",-117.1945401,33.137250090000002
6745239,2014,2014-12-29,3700,2014-10-18,2129,SH2573,,6,5,3,3783,0,0,0,,0,273,"STEVENS  AV","LOMAS SANTA FE DR",261.00,S,N,A,-,N,,,,,,,,,,N,2,0,1,2,A,-,03,22350,,F,C,G,A,A,H,-,C,A,0,,Y,,,Y,Y,A,01,1,0,0,0,0,0,1,0,0,"- ","- ",,,"SAN DIEGO","SOLANA BEACH",-117.26244405,32.995438749999998
6745241,2014,2014-12-30,3700,2014-10-25,2015,SH4791,,6,5,5,3782,0,0,0,,0,212,"LEUCADIA BL","QUAIL GARDENS RD",0.00,,Y,A,-,N,,,,,,,,,,Y,4,0,1,2,A,-,01,23152,A,M,C,C,A,A,H,-,C,A,0,,,,,Y,Y,A,01,0,0,1,0,0,0,0,0,0,"- ","- ",,,"SAN DIEGO",ENCINITAS,-117.27844,33.065430079999999
6745491,2014,2015-01-20,9645,2014-11-22,0343,019496,,6,3,7,3711,0,1,1,,2,019,"RT 15","CARMEL MOUNTAIN RD",2820.00,N,N,A,-,Y,,,15,,,,,,,Y,3,0,1,1,A,-,08,22107,,N,E,I,A,A,H,-,D,D,0,,,,,Y,Y,A,01,0,1,0,0,0,0,0,0,0,"- ","- ",32.985900000000001,-117.08266,"SAN DIEGO","SAN DIEGO",-117.08265724,32.985899580000002
6745492,2014,2015-01-20,9645,2014-11-22,0630,19410,,6,1,7,3711,0,1,1,,2,010,"RT 8","RT 15",350.00,E,N,A,-,Y,,,8,,,,,,,Y,3,0,1,1,A,-,01,23152,A,N,E,I,A,-,H,-,B,D,0,,,,,Y,Y,A,01,0,1,0,0,0,0,0,0,0,FR,"- ",32.77955,-117.10966000000001,"SAN DIEGO","SAN DIEGO",-117.10963666000001,32.77878157
6745500,2014,2015-01-20,9645,2014-11-16,2130,020515,,7,2,7,3711,0,1,3,,2,006,"RT 15","RT 94",65.00,N,N,A,-,Y,,,,,,,,,,Y,4,0,1,1,A,-,01,23152,A,M,E,I,A,A,H,-,D,D,0,,,,,Y,Y,A,01,0,0,1,0,0,0,0,0,0,"- ","- ",32.715389999999999,-117.11918,"SAN DIEGO","SAN DIEGO",-117.11797012,32.71733785
6745532,2014,2015-01-20,9645,2014-11-15,0415,020265,,6,3,7,3711,0,1,1,,2,009,"RT 805","SAN YSIDRO BL",500.00,N,N,A,-,Y,,,805,,,,,,,Y,2,0,1,2,A,-,08,22107,,N,C,C,A,A,H,-,C,D,0,,,,,Y,Y,A,01,1,0,0,0,0,0,0,0,0,"- ","- ",32.559800000000003,-117.04267,"SAN DIEGO","SAN DIEGO",-117.04257189,32.559784669999999
6745534,2014,2015-01-20,9645,2014-11-21,0305,020165,,5,3,7,3711,0,1,1,,2,019,"RT 15","BERNARDO CENTER DR",1450.00,N,N,C,-,Y,,,15,,,,,,,Y,2,0,3,5,A,-,01,23152,A,N,C,C,E,B,H,-,E,D,0,Y,,,,Y,Y,A,07,1,1,1,0,2,0,0,0,0,"- ","- ",33.042789999999997,-117.07395,"SAN DIEGO","SAN DIEGO",-117.07401518,33.042817710000001
6745949,2014,2016-02-24,3700,2014-11-28,1521,SH0242,,5,5,5,3782,0,0,0,,0,240,"RT 101","J ST",4224.00,S,N,A,-,N,,,,,,,,,,Y,4,0,2,2,A,-,01,23152,A,N,B,C,A,A,H,-,A,D,0,,,,,Y,Y,A,08,0,0,2,0,0,0,0,0,0,"- ","- ",,,"SAN DIEGO",ENCINITAS,-117.28744973000001,33.027437839999997
6746111,2014,2016-06-15,3703,2014-12-09,1847,1296,,2,5,3,3703,0,0,0,,0,003,"ORANGE AV","C AV",100.00,S,N,A,-,Y,SD,11,75,-,-,18.800,H,-,N,Y,4,0,1,3,A,-,17,22517,,N,B,C,E,A,H,-,C,D,0,Y,,,,Y,Y,N,60,0,0,1,0,1,0,0,0,0,"- ","- ",,,"SAN DIEGO",CORONADO,-117.17894309,32.684267140000003
6746124,2014,2015-02-02,3711,2014-12-08,2040,5051,,1,5,7,3711,0,0,0,,0,712,"OTAY MESA RD","BEYER BL",81.00,N,N,A,-,N,,,,,,,,,,Y,4,0,2,5,A,-,03,22350,,N,C,C,A,A,H,-,C,A,0,,,,,Y,Y,A,07,0,0,2,0,0,0,0,0,0,"- ","- ",,,"SAN DIEGO","SAN DIEGO",-117.04077715,32.558471779999998
6746180,2014,2014-12-22,3702,2014-08-23,0156,CV0986,,6,5,6,3702,0,0,0,,0,012,"H ST","WOODLAWN AV",123.00,E,N,A,-,N,,,,,,,,,,N,2,0,1,2,A,-,10,21950,A,F,G,B,B,A,H,-,C,D,0,Y,,,,Y,Y,-,99,1,0,0,0,1,0,0,0,0,"- ","- ",,,"SAN DIEGO","CHULA VISTA",-117.09352816000001,32.629815460000003
6746757,2014,2015-01-30,9645,2014-12-07,0319,019344,,7,3,7,3711,0,1,1,,2,017,"RT 15","RT 52",5.00,S,N,E,-,Y,,,15,,,,,,,Y,3,0,1,1,A,-,01,23152,A,N,E,I,A,A,H,-,C,D,0,,,,,Y,Y,A,01,0,1,0,0,0,0,0,0,0,"- ","- ",32.841659999999997,-117.12126000000001,"SAN DIEGO","SAN DIEGO",-117.12099190000001,32.841584040000001
6746761,2014,2015-01-30,9645,2014-12-07,0322,019344,,7,3,7,3711,0,1,1,,2,017,"RT 15","RT 52",460.00,S,N,E,-,Y,,,15,,,,,,,Y,4,0,2,4,A,-,03,22350,,N,C,C,E,A,H,-,C,D,0,Y,,,,Y,Y,A,01,0,0,2,0,2,0,0,0,0,CO,"- ",32.841659999999997,-117.12129,"SAN DIEGO","SAN DIEGO",-117.12099413,32.841576170000003
6747707,2014,2015-02-02,3711,2014-12-12,2104,4310,,5,5,7,3711,0,0,0,,0,122,"INGRAHAM ST","JEWELL ST",0.00,,Y,B,C,N,,,,,,,,,,Y,3,0,1,1,A,-,08,22107,,N,E,I,A,B,H,-,C,D,0,,,,,Y,Y,D,22,0,1,0,0,0,0,0,0,0,"- ","- ",,,"SAN DIEGO","SAN DIEGO",-117.23643013,32.780540029999997
6747711,2014,2015-01-22,3711,2014-11-30,1925,6702,,7,5,7,3711,0,0,0,,0,441,"LOGAN AV","S WEST ST",57.00,E,N,A,-,N,,,,,,,,,,Y,4,0,1,3,A,-,08,22107,,N,B,E,A,A,H,-,C,D,0,,,,,Y,Y,A,01,0,0,1,0,0,0,0,0,0,"- ","- ",,,"SAN DIEGO","SAN DIEGO",-117.09678538,32.696807020000001
6747715,2014,2015-01-22,3711,2014-11-17,1251,6156,SANDI,1,5,7,3711,0,0,0,,0,113,"CLAIREMONT MESA BL","CLAIREMONT MESA BL 3347",6.00,N,N,A,-,N,,,,,,,,,,Y,4,0,1,3,A,-,08,22107,,N,B,E,A,A,H,-,A,D,0,,,,,Y,Y,-,,0,0,1,0,0,0,0,0,0,"- ","- ",,,"SAN DIEGO","SAN DIEGO",,
6748383,2014,2015-01-30,3711,2014-12-14,1802,5762,,7,5,7,3711,0,0,0,,0,315,"CAMINO DEL RIO N","WARD RD",1056.00,W,N,A,-,N,,,,,,,,,,Y,3,0,2,2,A,-,04,21703,,N,A,C,A,A,H,-,C,D,0,,,,,Y,Y,A,01,0,1,1,0,0,0,0,0,0,"- ","- ",,,"SAN DIEGO","SAN DIEGO",-117.11313,32.781219999999998
6748391,2014,2015-02-11,3711,2014-12-13,1015,7131,,6,5,7,3711,0,0,0,,0,114,"CLAIREMONT MESA BL",DUBOIS,278.00,W,N,B,-,N,,,,,,,,,,Y,3,0,1,4,A,-,08,22107,,N,F,E,A,A,H,-,A,D,0,,,,,Y,Y,-,,0,1,0,0,0,0,0,0,0,"- ","- ",,,"SAN DIEGO","SAN DIEGO",-117.19859603,32.834274430000001
6748397,2014,2015-02-02,3711,2014-12-13,2309,4310,,6,5,7,3711,0,0,0,,0,115,"GENESEE AV","NOBEL DR",0.00,,Y,A,-,N,,,,,,,,,,Y,4,0,1,2,A,-,09,21453,C,N,A,D,A,A,H,-,C,A,0,,,,,Y,Y,A,01,0,0,1,0,0,0,0,0,0,"- ","- ",,,"SAN DIEGO","SAN DIEGO",-117.21367013,32.866890009999999
6748399,2014,2015-02-17,3711,2014-12-14,0410,6799,,7,5,7,3711,0,0,0,,0,115,"LA JOLLA COLONY DR","RT 5",75.00,E,N,A,-,Y,,,,,,,,,,Y,4,0,1,1,A,-,08,22107,,N,E,I,A,A,H,-,C,A,0,,,,,Y,Y,-,,0,0,1,0,0,0,0,0,0,"- ",NF,,,"SAN DIEGO","SAN DIEGO",,