CASE_ID,ACCIDENT_YEAR,PROC_DATE,JURIS,COLLISION_DATE,COLLISION_TIME,OFFICER_ID,REPORTING_DISTRICT,DAY_OF_WEEK,CHP_SHIFT,POPULATION,CNTY_CITY_LOC,SPECIAL_COND,BEAT_TYPE,CHP_BEAT_TYPE,CITY_DIVISION_LAPD,CHP_BEAT_CLASS,BEAT_NUMBER,PRIMARY_RD,SECONDARY_RD,DISTANCE,DIRECTION,INTERSECTION,WEATHER_1,WEATHER_2,STATE_HWY_IND,CALTRANS_COUNTY,CALTRANS_DISTRICT,STATE_ROUTE,ROUTE_SUFFIX,POSTMILE_PREFIX,POSTMILE,LOCATION_TYPE,RAMP_INTERSECTION,SIDE_OF_HWY,TOW_AWAY,COLLISION_SEVERITY,NUMBER_KILLED,NUMBER_INJURED,PARTY_COUNT,PRIMARY_COLL_FACTOR,PCF_CODE_OF_VIOL,PCF_VIOL_CATEGORY,PCF_VIOLATION,PCF_VIOL_SUBSECTION,HIT_AND_RUN,TYPE_OF_COLLISION,MVIW,PED_ACTION,ROAD_SURFACE,ROAD_COND_1,ROAD_COND_2,LIGHTING,CONTROL_DEVICE,CHP_ROAD_TYPE,PEDESTRIAN_ACCIDENT,BICYCLE_ACCIDENT,MOTORCYCLE_ACCIDENT,TRUCK_ACCIDENT,NOT_PRIVATE_PROPERTY,ALCOHOL_INVOLVED,STWD_VEHTYPE_AT_FAULT,CHP_VEHTYPE_AT_FAULT,COUNT_SEVERE_INJ,COUNT_VISIBLE_INJ,COUNT_COMPLAINT_PAIN,COUNT_PED_KILLED,COUNT_PED_INJURED,COUNT_BICYCLIST_KILLED,COUNT_BICYCLIST_INJURED,COUNT_MC_KILLED,COUNT_MC_INJURED,PRIMARY_RAMP,SECONDARY_RAMP,LATITUDE,LONGITUDE,COUNTY,CITY,POINT_X,POINT_Y
6944277,2015,2015-06-27,9650,2015-05-08,2345,17056,,5,3,9,3700,0,2,4,,2,063,"RECHE RD","GIRD RD",300.00,E,N,B,-,N,,,,,,,,,,Y,3,0,1,3,A,-,01,23152,F,N,C,C,A,A,G,-,C,D,0,,,,,Y,Y,A,07,0,1,0,0,0,0,0,0,0,"- ","- ",33.361600000000003,-117.20376,"SAN DIEGO",UNINCORPORATED,-117.20287275,33.361554390000002
6944313,2015,2015-10-27,9650,2015-05-08,1915,014886,,5,2,9,3700,0,3,5,,2,070,"RANCHO DIEGUENO RD","RANCHO VALENCIA DR",0.00,,Y,A,-,N,,,,,,,,,,Y,3,0,1,2,A,-,01,23152,A,N,A,C,A,A,H,-,B,D,0,,,,,Y,Y,A,01,0,1,0,0,0,0,0,0,0,"- ","- ",32.592300000000002,-117.1144,"SAN DIEGO",UNINCORPORATED,-117.19568004,32.989850109999999
6944351,2015,2015-06-24,9650,2015-05-25,2155,015738,,1,2,9,3700,0,2,4,,2,061,"EAST MISSION RD","HAMILTON LN",1056.00,W,N,A,-,N,,,,,,,,,,Y,3,0,4,4,A,-,01,23152,A,N,A,D,A,A,H,-,D,D,0,,,,,Y,Y,D,22,0,3,1,0,0,0,0,0,0,"- ","- ",33.38944,-117.2231,"SAN DIEGO",UNINCORPORATED,-117.21760338999999,33.391040779999997
6944400,2015,2016-12-10,9650,2015-05-15,0215,015654,,5,3,6,3710,0,1,3,,2,015,"RT 78","EL CAMINIO REAL",2100.00,W,N,B,-,Y,SD,11,78,-,-,1.070,H,-,W,Y,3,0,1,1,A,-,01,23152,A,N,E,I,A,B,H,-,D,D,1,,,,,Y,Y,I,11,0,1,0,0,0,0,0,0,0,"- ","- ",33.181339999999999,-117.3351,"SAN DIEGO",OCEANSIDE,-117.33425391999999,33.181265639999999
6946737,2015,2015-06-27,3709,2015-05-17,2023,484,,7,5,5,3709,0,0,0,,0,021,"PALM AV","SCOTT DR",25.00,S,N,A,-,N,,,,,,,,,,Y,4,0,1,3,A,-,01,23152,A,N,C,C,A,A,H,-,C,D,0,,,,,Y,Y,A,07,0,0,1,0,0,0,0,0,0,"- ","- ",,,"SAN DIEGO","NATIONAL CITY",-117.0950893,32.688070799999998
6946739,2015,2015-06-27,3709,2015-05-22,2203,449,NATL,5,5,5,3709,0,0,0,,0,021,"PLAZA BL","HARBISON AV",299.00,E,N,A,-,N,,,,,,,,,,Y,4,0,1,2,A,-,01,23152,A,N,D,E,A,A,H,-,C,D,0,,,,,Y,Y,A,01,0,0,1,0,0,0,0,0,0,"- ","- ",,,"SAN DIEGO","NATIONAL CITY",-117.07322164,32.682168859999997
6946741,2015,2015-06-27,3709,2015-05-25,0121,449,NATL,1,5,5,3709,0,0,0,,0,024,"MILE OF CARS WY","TRANSPORTATION AV",166.00,W,N,A,-,N,,,,,,,,,,Y,3,0,2,1,A,-,01,23153,A,N,E,I,A,A,H,-,C,D,0,,,,,Y,Y,A,07,0,1,1,0,0,0,0,0,0,"- ","- ",,,"SAN DIEGO","NATIONAL CITY",-117.10337162,32.661524120000003
6946788,2015,2015-06-29,3711,2015-05-25,0050,6366,,1,5,7,3711,0,0,0,,0,814,"34TH ST","ADAMS AV",253.00,N,N,B,-,N,,,,,,,,,,Y,3,0,1,2,A,-,05,21650,,N,B,E,A,A,H,-,C,D,0,,,,,Y,Y,A,01,0,1,0,0,0,0,0,0,0,"- ","- ",,,"SAN DIEGO","SAN DIEGO",-117.12063569,32.764062729999999
6946791,2015,2015-06-29,3711,2015-05-22,2215,6902,SANDI,5,5,7,3711,0,0,0,,0,813,"PARK BL","UNIVERSITY AV",57.00,S,N,A,-,N,,,,,,,,,,Y,4,0,1,2,A,-,03,22350,,N,C,C,A,A,H,-,C,A,0,,,,,Y,Y,-,,0,0,1,0,0,0,0,0,0,"- ","- ",,,"SAN DIEGO","SAN DIEGO",-117.14641,32.748293859999997
6947007,2015,2016-12-01,9645,2015-05-20,1750,018146,,3,2,7,3711,0,1,1,,2,010,"WEST MISSION BAY DR","RT 8",290.00,S,N,A,-,Y,SD,11,8,-,L,1.234,R,2,E,Y,2,0,2,1,A,-,01,23152,A,N,F,A,A,A,H,-,A,D,1,,,,,Y,Y,D,22,1,1,0,0,0,0,0,0,0,"- ","- ",32.755949999999999,-117.22345,"SAN DIEGO","SAN DIEGO",-117.22324123999999,32.756900379999998
6947050,2015,2015-06-09,3706,2015-04-10,1105,ES0465,,5,5,6,3706,0,0,0,,0,042,"CENTER CITY PKWY","W GRAND AV",0.00,,Y,A,-,N,,,,,,,,,,N,3,0,1,2,D,-,00,,,N,G,B,B,A,H,-,A,A,0,Y,,,,Y,Y,-,"- ",0,1,0,0,1,0,0,0,0,"- ","- ",,,"SAN DIEGO",ESCONDIDO,-117.08675012,33.118990080000003
6947477,2015,2015-06-27,3711,2015-05-30,1344,7114,SD,6,5,7,3711,0,0,0,,0,822,"UNIVERSITY AV","54TH ST",600.00,E,N,A,-,N,,,,,,,,,,N,3,0,1,2,A,-,11,21955,,N,A,B,D,A,H,-,A,A,0,Y,,,,Y,Y,-,"- ",0,1,0,0,1,0,0,0,0,"- ","- ",,,"SAN DIEGO","SAN DIEGO",-117.07766899000001,32.748195920000001
6947489,2015,2015-06-27,3711,2015-05-30,0010,6223,N2,6,5,7,3711,0,0,0,,0,122,"PACIFIC BEACH DR","MISSION BL",300.00,E,N,A,-,N,,,,,,,,,,N,3,0,1,1,A,-,03,22350,,N,H,-,A,A,H,-,C,D,0,,Y,,,Y,Y,L,04,0,1,0,0,0,0,1,0,0,"- ","- ",,,"SAN DIEGO","SAN DIEGO",-117.25283172,32.791157820000002
6947509,2015,2015-06-27,3711,2015-05-30,0144,6366,,6,5,7,3711,0,0,0,,0,618,"SUNSET CLIFFS BL","CARMELO ST",161.00,N,N,A,-,N,,,,,,,,,,Y,3,0,2,3,A,-,03,22350,,N,C,E,A,A,H,-,C,D,0,,,,,Y,Y,A,01,0,1,1,0,0,0,0,0,0,"- ","- ",,,"SAN DIEGO","SAN DIEGO",-117.25691492999999,32.721749449999997
6947517,2015,2015-06-27,3711,2015-05-31,0330,7157,,7,5,7,3711,0,0,0,,0,438,"CUMBERLAND ST","POTOMAC ST",6.00,S,N,E,-,N,,,,,,,,,,Y,4,0,1,2,A,-,08,22107,,N,F,E,A,A,H,-,C,D,0,,,,,Y,Y,-,,0,0,1,0,0,0,0,0,0,"- ","- ",,,"SAN DIEGO","SAN DIEGO",-117.05639868,32.679415290000001
6947560,2015,2015-06-19,3711,2015-05-25,2246,6553,,1,5,7,3711,0,0,0,,0,821,"EL CAJON BL","CHOCTAW DR",0.00,,Y,B,-,N,,,,,,,,,,Y,3,0,3,2,A,-,04,21703,,N,C,C,A,A,H,-,C,D,0,,,,,Y,Y,A,01,0,1,2,0,0,0,0,0,0,"- ","- ",,,"SAN DIEGO","SAN DIEGO",-117.06160007,32.764380029999998
6947580,2015,2015-07-08,3711,2015-05-23,2023,6925,,6,5,7,3711,0,0,0,,0,311,"SAN DIEGO MISSION","RANCHO SAN DIEGO RD",0.00,,Y,F,-,N,,,,,,,,,,N,4,0,1,2,A,-,03,22350,,M,C,C,A,B,H,-,C,A,0,,,,,Y,Y,-,"- ",0,0,1,0,0,0,0,0,0,"- ","- ",,,"SAN DIEGO","SAN DIEGO",-117.11039006999999,32.784895579999997
6947958,2015,2015-07-23,3711,2015-05-29,0115,5198,,5,5,7,3711,0,0,0,,0,114,"HIDALGO AV","DAWN AV",0.00,,Y,B,-,N,,,,,,,,,,N,4,0,1,1,A,-,03,22350,,N,E,I,A,A,H,-,C,D,0,,,,,Y,Y,A,01,0,0,1,0,0,0,0,0,0,"- ","- ",,,"SAN DIEGO","SAN DIEGO",-117.22193240999999,32.830905870000002
6947962,2015,2015-07-18,3711,2015-05-27,2130,7301,,3,5,7,3711,0,0,0,,0,627,"WEST WASHINGTON ST","DOVE ST",0.00,,Y,A,-,N,,,,,,,,,,N,3,0,1,2,A,-,12,21453,A,M,A,B,B,A,H,-,C,A,0,Y,,,,Y,Y,-,,0,1,0,0,1,0,0,0,0,"- ","- ",,,"SAN DIEGO","SAN DIEGO",-117.16865011,32.749920039999999
6948930,2015,2015-06-18,3709,2015-05-12,1558,481,,2,5,5,3709,0,0,0,,0,,"EAST 8TH ST","HARBISON AV",204.00,E,N,A,-,N,,,,,,,,,,N,2,0,1,1,A,-,03,22350,,N,H,I,A,A,H,-,A,D,0,,Y,,,Y,Y,L,04,1,0,0,0,0,0,1,0,0,"- ","- ",,,"SAN DIEGO","NATIONAL CITY",-117.0745637,32.684918070000002
6949726,2015,2015-06-25,3711,2015-05-30,0354,7173,,6,5,7,3711,0,0,0,,0,524,"G ST","6TH AV",0.00,,Y,A,-,N,,,,,,,,,,Y,4,0,2,2,A,-,12,21453,A,F,D,C,A,A,H,-,C,A,0,,,,,Y,Y,A,01,0,0,2,0,0,0,0,0,0,"- ","- ",,,"SAN DIEGO","SAN DIEGO",-117.15923006,32.71257009
6949730,2015,2015-07-13,3700,2015-05-31,1730,SH2619,,7,5,5,3712,0,0,0,,0,357,"EAST MISSION RD","BENNETT AV",530.00,W,N,A,-,N,,,,,,,,,,Y,2,0,3,2,A,-,01,23152,A,N,D,C,A,A,H,-,A,D,0,,,Y,,Y,Y,A,01,2,0,1,0,0,0,0,0,2,"- ","- ",,,"SAN DIEGO","SAN MARCOS",-117.13056958999999,33.136442279999997
6949854,2015,2015-07-03,3711,2015-06-01,1810,6887,,1,5,7,3711,0,0,0,,0,446,"47TH ST","NOGAL ST",8.00,S,N,A,-,N,,,,,,,,,,N,3,0,1,2,A,-,08,22107,,N,-,G,A,A,H,-,A,D,0,,Y,,,Y,Y,-,,0,1,0,0,0,0,1,0,0,"- ","- ",,,"SAN DIEGO","SAN DIEGO",-117.09363123999999,32.705908110000003
6949858,2015,2015-07-03,3711,2015-06-01,1552,6887,,1,5,7,3711,0,0,0,,0,447,"EUCLID AV","GENEVA AV",50.00,N,N,A,-,N,,,,,,,,,,N,3,0,3,2,A,-,21,22106,,N,B,C,A,A,H,-,A,B,0,,,,,Y,Y,-,,0,1,2,0,0,0,0,0,0,"- ","- ",,,"SAN DIEGO","SAN DIEGO",-117.08497,32.716856960000001
6950138,2015,2015-06-17,3709,2015-05-31,2025,406,,7,5,5,3709,0,0,0,,0,021,"EAST PLAZA BL","N AV",0.00,,Y,A,-,N,,,,,,,,,,N,4,0,2,2,A,-,03,22350,,N,C,C,A,A,H,-,C,A,0,,,,,Y,Y,-,,0,0,2,0,0,0,0,0,0,"- ","- ",,,"SAN DIEGO","NATIONAL CITY",-117.09192003,32.676860050000002
6950612,2015,2016-12-01,9645,2015-06-01,1610,19410,,1,2,7,3711,0,1,1,,2,010,"RT 8","MISSION CENTER RD",550.00,E,N,A,-,Y,SD,11,8,-,-,3.180,H,-,E,Y,3,0,2,3,A,-,01,23152,A,N,C,C,A,A,H,-,A,D,1,,,,,Y,Y,A,01,0,1,1,0,0,0,0,0,0,"- ","- ",32.766449999999999,-117.14941,"SAN DIEGO","SAN DIEGO",-117.15140442000001,32.765837099999999
6950779,2015,2015-06-22,3711,2015-05-29,2151,5916,,5,5,7,3711,0,0,0,,0,627,"ROBINSON AV","CENTRE ST",56.00,E,N,B,-,N,,,,,,,,,,Y,3,0,2,3,A,-,05,21650,,N,A,C,A,A,H,-,C,D,0,,,,,Y,Y,A,01,0,2,0,0,0,0,0,0,0,"- ","- ",,,"SAN DIEGO","SAN DIEGO",-117.14805848,32.746421439999999
6950787,2015,2015-06-29,3711,2015-05-30,1830,6146,,6,5,7,3711,0,0,0,,0,234,"HIGHLAND VALLEY RD","HIGHLAND VALLEY RD 14100",0.00,,N,A,-,N,,,,,,,,,,Y,3,0,1,1,A,-,08,22107,,N,E,I,A,A,H,-,A,D,0,,,,,Y,Y,A,01,0,1,0,0,0,0,0,0,0,"- ","- ",,,"SAN DIEGO","SAN DIEGO",-117.06974387,32.976380579999997
6950797,2015,2015-06-18,9680,2015-05-22,1822,18356,,5,2,9,3700,0,3,5,,2,002,"ELKELTON BL","CRESTMORE AV",190.00,N,N,B,-,N,,,,,,,,,,Y,4,0,1,2,A,-,09,21804,A,N,D,C,A,A,H,-,A,D,0,,,,,Y,Y,A,01,0,0,1,0,0,0,0,0,0,"- ","- ",32.713299999999997,-117.01692,"SAN DIEGO",UNINCORPORATED,-117.01701217,32.713408430000001
6951288,2015,2015-07-06,3711,2015-05-10,1840,6896,,7,5,7,3711,0,0,0,,0,839,"SWIFT AV","WIGHTMAN ST",100.00,S,N,A,-,N,,,,,,,,,,N,3,0,1,2,A,-,03,22350,,N,B,-,A,A,H,-,A,D,0,,Y,,,Y,Y,L,04,0,1,0,0,0,0,1,0,0,"- ","- ",,,"SAN DIEGO","SAN DIEGO",-117.11929000000001,32.747606079999997
6951500,2015,2017-01-05,9645,2015-05-23,2110,020401,,6,2,7,3711,0,1,3,,2,016,"RT 15","RT 52",100.00,N,N,B,-,Y,SD,11,52,-,-,7.549,R,2,W,Y,3,0,1,1,A,-,01,23152,,N,F,A,A,A,H,-,C,D,1,,,,,Y,Y,A,01,0,1,0,0,0,0,0,0,0,"- ","- ",32.842709999999997,-117.12204,"SAN DIEGO","SAN DIEGO",-117.117255,32.84199675
6951515,2015,2016-11-10,9645,2015-05-21,0545,018393,,4,3,7,3711,0,1,1,,2,001,"RT 5","RT 905",150.00,S,N,B,-,Y,SD,11,5,-,-,3.060,H,-,S,Y,4,0,1,1,A,-,08,22107,,N,E,I,A,A,H,-,B,D,1,,,,,Y,Y,A,01,0,0,1,0,0,0,0,0,0,"- ","- ",32.563630000000003,-117.07156999999999,"SAN DIEGO","SAN DIEGO",-117.07293660000001,32.56476447
6951516,2015,2016-11-19,9645,2015-05-17,0037,020301,,7,3,5,3709,0,1,3,,2,008,"RT 54","RT 5",900.00,E,N,A,-,Y,SD,11,54,-,-,0.420,H,-,E,Y,4,0,1,1,A,-,01,23152,A,N,E,J,A,A,H,-,C,D,1,,,,,Y,Y,A,01,0,0,1,0,0,0,0,0,0,"- ","- ",32.652459999999998,-117.09658,"SAN DIEGO","NATIONAL CITY",-117.0971581,32.652012229999997
6952130,2015,2016-11-22,9645,2015-06-03,2040,016816,,3,2,7,3711,0,1,1,,2,007,"RT 5","CARMEL VALLEY RD",700.00,S,N,A,-,Y,SD,11,5,-,R,32.789,R,3,N,Y,4,0,1,1,A,-,01,23152,A,N,E,I,A,A,H,-,D,D,1,,,,,Y,Y,A,01,0,0,1,0,0,0,0,0,0,TO,"- ",32.916960000000003,-117.23242,"SAN DIEGO","SAN DIEGO",-117.24080596,32.930695309999997
6952134,2015,2016-12-20,9645,2015-06-01,1825,017953,,1,2,7,3711,0,1,1,,2,009,"RT 805","PALM AV",180.00,N,N,A,-,Y,SD,11,805,-,-,3.202,R,1,S,N,4,0,1,3,A,-,01,23152,A,N,C,C,A,A,H,-,A,D,1,,,,,Y,Y,A,07,0,0,1,0,0,0,0,0,0,TO,"- ",32.584429999999998,-117.03771999999999,"SAN DIEGO","SAN DIEGO",-117.03651914,32.588160610000003
6955639,2015,2015-07-22,3700,2015-01-25,1750,SH7710,,7,5,5,3781,0,0,0,,0,518,"FANITA DR","PROSPECT AV",0.00,,Y,A,-,N,,,,,,,,,,N,3,0,1,2,A,-,12,21453,A,N,D,G,A,A,H,-,C,A,0,,Y,,,Y,Y,L,04,0,1,0,0,0,0,1,0,0,"- ","- ",,,"SAN DIEGO",SANTEE,-117.00071,32.833810059999998
6955705,2015,2016-06-15,9645,2015-05-23,1141,018936,,6,1,7,3711,0,3,5,,2,111,"RT 5","USA INTERNATIONAL BORDER",4.00,N,N,A,-,N,,,,,,,,,,N,4,0,1,2,A,-,21,22106,,N,G,B,E,A,H,-,A,D,0,Y,,,,Y,Y,A,01,0,0,1,0,1,0,0,0,0,"- ","- ",32.542380000000001,-117.0296,"SAN DIEGO","SAN DIEGO",-117.02941686,32.54256093
6955737,2015,2016-12-19,9650,2015-05-10,1835,017994,,7,2,9,3700,0,1,3,,1,028,"RT 76","PAUMA RESERVATION RD",35.00,W,N,A,-,Y,SD,11,76,-,-,28.980,H,-,E,Y,4,0,4,2,A,-,01,23152,A,F,C,C,A,A,H,-,A,A,0,,,,,Y,Y,A,07,0,0,4,0,0,0,0,0,0,"- ","- ",33.329700000000003,-117.00084,"SAN DIEGO",UNINCORPORATED,-117.00112006000001,33.330074930000002
6955741,2015,2016-12-13,9650,2015-05-24,0001,019126,,7,3,9,3700,0,1,1,,2,022,"RT 15","EAST MISSION RD",3696.00,N,N,A,-,Y,SD,11,15,-,R,51.290,H,-,S,Y,3,0,2,1,A,-,01,23152,A,N,F,A,A,A,H,-,D,D,1,,,,,Y,Y,A,01,0,2,0,0,0,0,0,0,0,"- ","- ",33.39837,-117.17140000000001,"SAN DIEGO",UNINCORPORATED,-117.172082,33.397285570000001
6955753,2015,2016-12-13,9650,2015-05-24,0154,017655,,7,3,9,3700,0,1,1,,2,022,"RT 15","RAINBOW GLEN RD",2112.00,S,N,A,-,Y,SD,11,15,-,R,51.710,H,-,S,Y,4,0,1,2,A,-,01,23152,A,N,C,C,A,A,H,-,D,D,1,,,,,Y,Y,A,01,0,0,1,0,0,0,0,0,0,"- ","- ",33.400179999999999,-117.17010000000001,"SAN DIEGO",UNINCORPORATED,-117.16854349,33.402600419999999
6955809,2015,2016-11-21,9650,2015-06-05,0055,16487,,5,3,6,3710,0,1,1,,2,005,"RT 5","MISSION AV",105.00,S,N,B,-,Y,SD,11,5,-,R,53.160,H,-,N,Y,2,0,1,1,A,-,01,23152,A,N,E,I,A,A,H,-,C,D,1,,,Y,,Y,Y,C,02,1,0,0,0,0,0,0,0,1,"- ","- ",,,"SAN DIEGO",OCEANSIDE,-117.37110588,33.199940169999998
6956403,2015,2016-12-01,9680,2015-05-24,2303,019946,,7,3,5,3705,0,1,1,,2,082,"RT 8","2ND ST",336.00,E,N,A,-,Y,SD,11,8,-,-,17.470,H,-,W,Y,4,0,1,1,A,-,01,23152,A,N,E,I,A,A,H,-,C,D,1,,,,,Y,Y,A,01,0,0,1,0,0,0,0,0,0,"- ","- ",32.803269999999998,-116.93339,"SAN DIEGO","EL CAJON",-116.93367338,32.803166699999998
6957104,2015,2015-06-25,9650,2015-05-23,0230,018675,,6,3,9,3700,0,3,5,,2,006,"ALTURAS RD","AMMUNITION RD",1056.00,N,N,B,-,N,,,,,,,,,,Y,3,0,1,2,A,-,01,23152,A,N,A,E,A,B,H,-,C,D,0,,,,,Y,Y,A,01,0,1,0,0,0,0,0,0,0,"- ","- ",33.374119999999998,-117.25819,"SAN DIEGO",UNINCORPORATED,-117.25797965,33.373992430000001
6957108,2015,2015-06-25,9650,2015-05-29,2148,020254,,5,2,9,3700,0,3,5,,2,210,"DEER SPRINGS RD","MESA ROCK RD",585.00,W,N,B,-,N,,,,,,,,,,Y,2,0,1,1,A,-,01,23152,A,N,E,I,A,A,H,-,D,D,0,,,Y,,Y,Y,C,02,1,0,0,0,0,0,0,0,1,"- ","- ",33.19491,-117.12888,"SAN DIEGO",UNINCORPORATED,-117.12884373,33.194922769999998
6958386,2015,2015-07-09,3711,2015-06-14,2106,5051,,7,5,7,3711,0,0,0,,0,627,"WASHINGTON ST","4TH AV",70.00,W,N,B,-,N,,,,,,,,,,Y,4,0,3,3,A,-,03,22350,,N,C,C,A,A,H,-,C,A,0,,,,,Y,Y,A,07,0,0,3,0,0,0,0,0,0,"- ","- ",,,"SAN DIEGO","SAN DIEGO",-117.16185691,32.749987959999999
6958390,2015,2016-12-01,3711,2015-06-12,0028,5916,,5,5,7,3711,0,0,0,,0,613,"SUNSET CLIFFS BL","RT 8",0.00,,Y,B,-,Y,SD,11,8,-,T,0.540,I,5,W,Y,4,0,5,3,A,-,12,21453,A,N,D,D,A,A,H,-,C,A,0,,,,,Y,Y,D,22,0,0,5,0,0,0,0,0,0,"- ",WF,,,"SAN DIEGO","SAN DIEGO",-117.23342382,32.756137930000001
6958394,2015,2015-06-30,3711,2015-06-11,2214,6366,,4,5,7,3711,0,0,0,,0,621,"CRANDALL DR","TAIT ST",75.00,N,N,A,-,N,,,,,,,,,,Y,4,0,1,2,A,-,03,22350,,N,D,C,A,A,H,-,C,D,0,,,,,Y,Y,D,22,0,0,1,0,0,0,0,0,0,"- ","- ",,,"SAN DIEGO","SAN DIEGO",-117.16626890000001,32.781709339999999
6959249,2015,2016-12-28,9645,2015-05-26,0525,13111,,2,3,7,3711,0,1,1,,2,015,"RT 805","EASTGATE MALL",362.00,N,N,B,-,Y,SD,11,805,-,-,26.410,H,-,N,Y,2,0,2,2,A,-,01,23152,A,F,C,C,A,A,H,-,D,D,1,,,,Y,Y,Y,A,01,1,1,0,0,0,0,0,0,0,"- ","- ",,,"SAN DIEGO","SAN DIEGO",-117.20139705,32.88187903
6959257,2015,2016-11-17,9645,2015-06-07,0050,20515,,7,3,5,3709,0,1,1,,2,001,"RT 5","MAIN ST",150.00,N,N,A,-,Y,SD,11,5,-,R,12.108,R,2,S,Y,4,0,2,2,A,-,01,23152,A,N,C,C,A,A,H,-,E,D,1,,,,,Y,Y,A,01,0,0,2,0,0,0,0,0,0,TO,"- ",32.683970000000002,-117.11223,"SAN DIEGO","NATIONAL CITY",-117.11475634,32.687825570000001
6959269,2015,2016-12-13,9645,2015-06-09,0750,015494,,2,1,7,3711,0,1,1,,2,011,"RT 805","UNIVERSITY AV",500.00,S,N,A,-,Y,SD,11,805,-,-,15.120,H,-,N,N,4,0,1,2,A,-,03,22350,,M,C,C,A,A,H,-,A,D,1,,,,,Y,Y,D,22,0,0,1,0,0,0,0,0,0,"- ","- ",32.747070000000001,-117.12090999999999,"SAN DIEGO","SAN DIEGO",-117.1147939,32.738482249999997
6960143,2015,2017-01-05,9645,2015-06-04,2145,19376,,4,2,7,3711,0,1,1,,2,019,"RT 15","RT 56",400.00,N,N,A,-,Y,SD,11,15,-,M,19.361,R,2,S,Y,4,0,1,1,A,-,01,23152,A,N,F,I,A,A,H,-,D,D,1,,,,,Y,Y,A,07,0,0,1,0,0,0,0,0,0,TO,"- ",32.965319999999998,-117.09683,"SAN DIEGO","SAN DIEGO",-117.09645591,32.963313790000001
6960209,2015,2015-07-08,3711,2015-06-07,2034,5916,,7,5,7,3711,0,0,0,,0,627,"WEST UNIVERSITY AV","FRONT ST",82.00,W,N,B,-,N,,,,,,,,,,Y,4,0,1,4,A,-,05,21650,,N,A,E,A,A,H,-,D,D,0,,,,,Y,Y,A,01,0,0,1,0,0,0,0,0,0,"- ","- ",,,"SAN DIEGO","SAN DIEGO",-117.16524439,32.748364940000002
6960283,2015,2015-07-16,3711,2015-06-07,1141,7270,SD,7,5,7,3711,0,0,0,,0,315,"CAMINO DEL RIO S","AUTO CIR",54.00,E,N,A,-,N,,,,,,,,,,Y,4,0,1,2,A,-,09,21453,C,N,D,C,A,A,H,-,A,A,0,,,,,Y,Y,-,,0,0,1,0,0,0,0,0,0,"- ","- ",,,"SAN DIEGO","SAN DIEGO",-117.15407175999999,32.764333299999997
6960315,2015,2015-07-10,3711,2015-06-06,2100,5606,,6,5,7,3711,0,0,0,,0,123,"SPORTS ARENA BL","SPORTS ARENA BL 4200",0.00,,Y,A,-,N,,,,,,,,,,N,4,0,1,2,A,-,03,22350,,N,C,C,A,A,H,-,C,A,0,,,,,Y,Y,-,,0,0,1,0,0,0,0,0,0,"- ","- ",,,"SAN DIEGO","SAN DIEGO",-117.20864613000001,32.753032910000002
6960316,2015,2016-06-06,3706,2015-06-02,1832,ES0490,,2,5,6,3706,0,0,0,,0,046,"NORTH LAKE WOHLFORD RD","EAST VALLEY PKWY",6864.00,N,N,A,-,N,,,,,,,,,,N,3,0,1,1,A,-,01,23152,A,N,F,A,A,A,H,-,A,D,0,,,,,Y,Y,A,01,0,1,0,0,0,0,0,0,0,"- ","- ",,,"SAN DIEGO",ESCONDIDO,-117.03058,33.160469999999997
6960436,2015,2016-06-06,3711,2015-05-31,2300,6487,SD,7,5,7,3711,0,0,0,,0,835,"HOME AV","RT 805",0.00,,Y,F,-,N,,,,,,,,,,Y,4,0,1,2,A,-,12,21453,A,M,B,C,A,-,H,-,C,A,0,,,,,Y,Y,-,,0,0,1,0,0,0,0,0,0,"- ","- ",,,"SAN DIEGO","SAN DIEGO",-117.10339012999999,32.725600110000002
6960529,2015,2015-06-23,3700,2015-04-12,2035,SH4541,,7,5,5,3712,0,0,0,,0,352,"BORDEN RD","FULTON RD",637.00,W,N,A,-,N,,,,,,,,,,Y,2,0,2,1,A,-,01,23152,F,N,F,I,A,A,H,-,C,D,0,,,,,Y,Y,A,07,2,0,0,0,0,0,0,0,0,"- ","- ",,,"SAN DIEGO","SAN MARCOS",-117.14492434,33.150435160000001
6961238,2015,2016-12-19,9645,2015-05-09,0230,019376,,6,3,7,3711,0,1,3,,2,025,"RT 163","CLAIRMONT MESA BL",100.00,S,N,B,-,Y,SD,11,163,-,-,8.790,H,-,N,Y,4,0,1,2,A,-,01,23152,A,N,C,C,A,B,H,-,D,D,1,,,,,Y,Y,A,01,0,0,1,0,0,0,0,0,0,"- ","- ",32.831200000000003,-117.14162,"SAN DIEGO","SAN DIEGO",-117.14099908,32.83212082
6961816,2015,2016-12-13,9650,2015-06-13,0214,018406,,6,3,9,3700,0,1,1,,2,021,"RT 15","DEER SPRINGS RD",3168.00,N,N,B,F,Y,SD,11,15,-,R,37.240,H,-,S,Y,3,0,1,2,A,-,01,23152,A,N,C,C,A,B,H,-,D,D,1,,,,Y,Y,Y,A,01,0,1,0,0,0,0,0,0,0,"- ","- ",33.205199999999998,-117.13057999999999,"SAN DIEGO",UNINCORPORATED,-117.13084535,33.204935200000001
6962361,2015,2015-07-09,3705,2015-05-01,1437,EC0292,,5,5,5,3705,0,0,0,,0,010,BROADWAY,BALLANTYNE,252.00,W,N,A,-,N,,,,,,,,,,N,3,0,1,2,A,-,08,22107,,N,H,G,A,A,H,-,A,D,0,,Y,,,Y,Y,L,04,0,1,0,0,0,0,1,0,0,"- ","- ",,,"SAN DIEGO","EL CAJON",-116.95894459,32.807609999999997