CASE_ID,ACCIDENT_YEAR,PROC_DATE,JURIS,COLLISION_DATE,COLLISION_TIME,OFFICER_ID,REPORTING_DISTRICT,DAY_OF_WEEK,CHP_SHIFT,POPULATION,CNTY_CITY_LOC,SPECIAL_COND,BEAT_TYPE,CHP_BEAT_TYPE,CITY_DIVISION_LAPD,CHP_BEAT_CLASS,BEAT_NUMBER,PRIMARY_RD,SECONDARY_RD,DISTANCE,DIRECTION,INTERSECTION,WEATHER_1,WEATHER_2,STATE_HWY_IND,CALTRANS_COUNTY,CALTRANS_DISTRICT,STATE_ROUTE,ROUTE_SUFFIX,POSTMILE_PREFIX,POSTMILE,LOCATION_TYPE,RAMP_INTERSECTION,SIDE_OF_HWY,TOW_AWAY,COLLISION_SEVERITY,NUMBER_KILLED,NUMBER_INJURED,PARTY_COUNT,PRIMARY_COLL_FACTOR,PCF_CODE_OF_VIOL,PCF_VIOL_CATEGORY,PCF_VIOLATION,PCF_VIOL_SUBSECTION,HIT_AND_RUN,TYPE_OF_COLLISION,MVIW,PED_ACTION,ROAD_SURFACE,ROAD_COND_1,ROAD_COND_2,LIGHTING,CONTROL_DEVICE,CHP_ROAD_TYPE,PEDESTRIAN_ACCIDENT,BICYCLE_ACCIDENT,MOTORCYCLE_ACCIDENT,TRUCK_ACCIDENT,NOT_PRIVATE_PROPERTY,ALCOHOL_INVOLVED,STWD_VEHTYPE_AT_FAULT,CHP_VEHTYPE_AT_FAULT,COUNT_SEVERE_INJ,COUNT_VISIBLE_INJ,COUNT_COMPLAINT_PAIN,COUNT_PED_KILLED,COUNT_PED_INJURED,COUNT_BICYCLIST_KILLED,COUNT_BICYCLIST_INJURED,COUNT_MC_KILLED,COUNT_MC_INJURED,PRIMARY_RAMP,SECONDARY_RAMP,LATITUDE,LONGITUDE,COUNTY,CITY,POINT_X,POINT_Y
7015949,2015,2017-01-28,9680,2015-07-20,0145,017928,,1,3,9,3700,0,1,3,,1,091,"RT 78","5TH ST",207.00,W,N,B,-,Y,SD,11,78,-,-,36.030,H,-,E,Y,2,0,1,1,A,-,01,23152,A,N,E,I,A,B,H,-,D,D,0,,,,,Y,Y,A,08,1,0,0,0,0,0,0,0,0,"- ","- ",33.045909999999999,-116.86133,"SAN DIEGO",UNINCORPORATED,-116.86136181000001,33.046001169999997
7016657,2015,2016-12-22,9680,2015-07-25,1905,019270,,6,2,9,3700,0,1,1,,2,083,"RT 8","FLINN SPRINGS RD",2044.00,W,N,A,-,Y,SD,11,8,-,R,23.250,H,-,E,Y,3,0,1,2,A,-,01,23152,A,N,F,A,A,A,H,-,A,D,1,,,,,Y,Y,A,01,0,1,0,0,0,0,0,0,0,"- ","- ",32.85792,-116.86168000000001,"SAN DIEGO",UNINCORPORATED,-116.86110247000001,32.854037320000003
7016769,2015,2015-12-21,3701,2015-07-25,1844,5444,89,6,5,5,3701,0,0,0,,0,007,"POINSETTIA LN","EL FUERTE ST",0.00,,Y,A,-,N,,,,,,,,,,N,4,0,1,2,A,-,01,23152,A,N,A,C,A,A,H,-,A,A,0,,,,,Y,Y,D,22,0,0,1,0,0,0,0,0,0,"- ","- ",,,"SAN DIEGO",CARLSBAD,-117.24938005999999,33.118280089999999
7017018,2015,2017-01-10,9680,2015-07-26,2125,019475,,7,2,5,3708,0,1,3,,2,028,"RT 125","NAVAJO RD",2112.00,S,N,A,-,Y,SD,11,125,-,-,19.040,H,-,S,Y,4,0,1,1,A,-,01,23152,A,N,E,I,A,A,H,-,C,D,1,,,,,Y,Y,A,01,0,0,1,0,0,0,0,0,0,"- ","- ",32.798659999999998,-117.00587,"SAN DIEGO","LA MESA",-117.00616539000001,32.793165649999999
7017030,2015,2016-12-21,9680,2015-07-15,0115,018268,,3,3,5,3705,0,1,1,,2,082,"RT 8","JOHNSON AV",528.00,W,N,A,-,Y,SD,11,8,-,-,15.090,H,-,E,Y,4,0,1,1,A,-,08,22107,,M,E,I,A,A,H,-,C,D,1,,,,,Y,Y,A,01,0,0,1,0,0,0,0,0,0,EF,"- ",32.801259999999999,-116.97403,"SAN DIEGO","EL CAJON",-116.97399246000001,32.801493639999997
7017038,2015,2017-01-18,9680,2015-07-20,0001,019867,,1,3,9,3700,0,1,3,,1,017,"RT 67","SLAUGHTERHOUSE RD",11088.00,N,N,B,C,Y,SD,11,67,-,-,11.510,H,-,N,Y,3,0,1,1,A,-,01,23152,A,N,E,I,A,B,H,-,D,D,0,,,,,Y,Y,A,01,0,1,0,0,0,0,0,0,0,"- ","- ",32.932279999999999,-116.95283999999999,"SAN DIEGO",UNINCORPORATED,-116.96226836,32.803225179999998
7018245,2015,2015-08-24,3700,2015-07-04,1635,SH2560,,6,5,5,3713,0,0,0,,0,303,"EAST VISTA WY","PALOMAR PL",428.00,S,N,A,-,N,,,,,,,,,,Y,3,0,1,2,A,-,01,23152,A,N,C,E,A,A,H,-,A,D,0,,,,Y,Y,Y,A,01,0,1,0,0,0,0,0,0,0,"- ","- ",,,"SAN DIEGO",VISTA,-117.22613124999999,33.221877509999999
7018439,2015,2015-08-21,3710,2015-08-08,1833,OC1263,,6,5,6,3710,0,0,0,,0,016,"MISSION AV","COPPERHEAD WY",250.00,E,N,A,-,N,,,,,,,,,,N,4,0,1,2,A,-,01,23152,A,N,C,C,A,A,H,-,A,D,0,,,,,Y,Y,A,07,0,0,1,0,0,0,0,0,0,"- ","- ",,,"SAN DIEGO",OCEANSIDE,-117.34048516,33.218736329999999
7018472,2015,2017-01-14,9650,2015-08-05,2250,017331,,3,3,5,3712,0,1,3,,2,019,"RT 78","NORDAHL RD",4224.00,W,N,A,-,Y,SD,11,78,-,-,14.750,H,-,W,Y,3,0,1,1,A,-,01,23152,A,N,E,I,A,A,H,-,D,D,1,,,,,Y,Y,A,01,0,1,0,0,0,0,0,0,0,"- ","- ",33.136229999999998,-117.1349,"SAN DIEGO","SAN MARCOS",-117.13331186000001,33.13562494
7018480,2015,2015-08-21,3700,2015-08-09,0010,SH2560,,7,5,5,3713,0,0,0,,0,310,"VISTA VILLAGE DR","NORTH SANTA FE AV",0.00,,Y,A,-,N,,,,,,,,,,Y,4,0,4,2,A,-,01,23152,A,N,A,C,A,A,H,-,C,A,0,,,,,Y,Y,A,01,0,0,4,0,0,0,0,0,0,"- ","- ",,,"SAN DIEGO",VISTA,-117.24390008,33.202400050000001
7018501,2015,2015-09-03,9650,2015-07-27,0030,017905,,1,3,9,3700,0,3,5,,2,150,"FOOTHILL DR","MONTE VISTA DR",2640.00,N,N,A,-,N,,,,,,,,,,Y,3,0,1,1,A,-,01,23152,A,N,E,I,A,A,H,-,D,D,0,,,,,Y,Y,A,01,0,1,0,0,0,0,0,0,0,"- ","- ",,,"SAN DIEGO",UNINCORPORATED,-117.20464701,33.197155170000002
7018508,2015,2016-07-19,3700,2015-07-11,1845,SH5379,,6,5,5,3782,0,0,0,,0,210,"RT 101","EUROPA ST",147.00,S,N,A,-,N,,,,,,,,,,Y,3,0,2,2,A,-,01,23153,A,N,F,C,A,A,H,-,C,D,0,,,,,Y,Y,A,01,0,2,0,0,0,0,0,0,0,"- ","- ",,,"SAN DIEGO",ENCINITAS,-117.3017542,33.06269382
7018520,2015,2015-09-14,3700,2015-07-11,1822,SH4791,,6,5,5,3782,0,0,0,,0,221,"SOUTH COAST HWY","WEST G STREET",0.00,,N,A,-,N,,,,,,,,,,N,4,0,1,2,A,-,17,21200,,N,D,G,A,A,H,-,A,D,0,,Y,,,Y,Y,L,04,0,0,1,0,0,0,1,0,0,"- ","- ",,,"SAN DIEGO",ENCINITAS,-117.29332599999999,33.042054
7018612,2015,2016-06-07,3702,2015-06-18,0930,CV1004,,4,5,6,3702,0,0,0,,0,012,"E ST","RT 5",225.00,E,N,A,-,N,,,,,,,,,,Y,4,0,2,2,A,-,21,22106,,N,C,C,A,A,H,-,A,A,0,,,,,Y,Y,A,01,0,0,2,0,0,0,0,0,0,"- ",NO,,,"SAN DIEGO","CHULA VISTA",-117.09939744,32.639670330000001
7018636,2015,2015-08-26,3702,2015-06-20,1815,CV1124,,6,5,6,3702,0,0,0,,0,013,"DEL MAR AV","J ST",0.00,,Y,A,-,N,,,,,,,,,,N,2,0,1,1,A,-,01,21200,5,N,H,A,A,A,H,-,A,D,0,,Y,,,Y,Y,L,04,1,0,0,0,0,0,1,0,0,"- ","- ",,,"SAN DIEGO","CHULA VISTA",-117.07245011000001,32.628040050000003
7019968,2015,2017-01-24,3711,2015-08-23,0206,4495,,7,5,7,3711,0,0,0,,0,441,"SOUTH 43RD ST","RT 805",33.00,S,N,B,-,Y,SD,11,805,-,-,10.964,R,4,N,Y,4,0,1,2,A,-,03,22350,,N,C,C,A,A,H,-,C,A,0,,,,,Y,Y,A,01,0,0,1,0,0,0,0,0,0,"- ",NO,,,"SAN DIEGO","SAN DIEGO",-117.09026011,32.685425629999997
7020223,2015,2015-08-20,3711,2015-07-29,2235,5916,,3,5,7,3711,0,0,0,,0,628,"INDIA ST","VINE ST",120.00,S,N,B,-,N,,,,,,,,,,Y,4,0,1,3,A,-,03,22350,,N,C,C,A,A,H,-,D,A,0,,,,,Y,Y,A,07,0,0,1,0,0,0,0,0,0,"- ","- ",,,"SAN DIEGO","SAN DIEGO",-117.17798965999999,32.739575109999997
7020231,2015,2017-01-28,3711,2015-07-29,1715,6992,,3,5,7,3711,0,0,0,,0,511,"MAIN ST","RT 5",12.00,W,N,A,-,Y,SD,11,15,-,R,0.026,R,4,S,N,4,0,1,2,A,-,03,22350,,N,C,C,A,A,H,-,A,A,0,,,,,Y,Y,-,,0,0,1,0,0,0,0,0,0,"- ",SF,,,"SAN DIEGO","SAN DIEGO",-117.12169588,32.693001649999999
7020549,2015,2015-08-18,9650,2015-07-24,1950,017328,,5,2,9,3700,0,2,4,,2,061,"SOUTH MISSION RD","CLEMMENS LN",325.00,S,N,A,-,N,,,,,,,,,,N,4,0,1,2,A,-,01,23152,A,F,C,C,A,A,H,-,B,D,0,,,,,Y,Y,D,22,0,0,1,0,0,0,0,0,0,"- ","- ",33.368450000000003,-117.25073999999999,"SAN DIEGO",UNINCORPORATED,-117.25073269000001,33.368478070000002
7020724,2015,2016-12-20,9650,2015-07-25,2145,16487,,6,2,5,3701,0,1,1,,2,005,"RT 5","PALOMAR AIRPORT RD",2900.00,S,N,A,-,Y,SD,11,5,-,R,46.500,H,-,N,Y,4,0,1,1,A,-,08,22107,,N,F,A,A,A,H,-,D,D,1,,,,,Y,Y,A,01,0,0,1,0,0,0,0,0,0,"- ","- ",33.118980000000001,-117.31992,"SAN DIEGO",CARLSBAD,-117.31784742000001,33.115325749999997
7020728,2015,2015-08-14,9650,2015-07-26,0010,020254,,7,3,9,3700,0,3,5,,2,211,"JESMOND DENE RD","CENTRE CITY PKWY",1800.00,E,N,A,-,N,,,,,,,,,,Y,3,0,1,1,A,-,01,23152,A,N,E,I,A,A,H,-,C,D,0,,,,,Y,Y,A,07,0,1,0,0,0,0,0,0,0,"- ","- ",33.187280000000001,-117.11644,"SAN DIEGO",UNINCORPORATED,-117.11685734,33.187694139999998
7020731,2015,2016-07-19,3710,2015-07-31,2020,OC1363,,5,5,6,3710,0,0,0,,0,006,"RT 101","RT 76",186.00,N,N,A,-,N,,,,,,,,,,Y,4,0,2,3,A,-,01,23152,A,N,C,C,A,A,H,-,C,A,0,,,Y,,Y,Y,A,01,0,0,2,0,0,0,0,0,2,"- ","- ",,,"SAN DIEGO",OCEANSIDE,,
7020732,2015,2017-01-14,9650,2015-07-27,0001,017655,,1,3,6,3710,0,1,3,,2,015,"RT 78","EL CAMINIO REAL",1105.00,E,N,A,-,Y,SD,11,78,-,-,1.720,H,-,W,Y,2,0,1,1,A,-,01,23152,A,M,E,I,A,A,H,-,D,D,1,,,,,Y,Y,A,01,1,0,0,0,0,0,0,0,0,"- ","- ",33.182299999999998,-117.32301,"SAN DIEGO",OCEANSIDE,-117.32318454999999,33.182364489999998
7020787,2015,2017-01-14,9650,2015-07-23,2025,017743,,4,2,5,3712,0,1,3,,2,019,"RT 78","SAN MARCOS BL",1900.00,E,N,A,-,Y,SD,11,78,-,-,12.480,H,-,E,Y,2,0,1,1,A,-,01,23152,A,N,E,I,A,A,H,-,E,D,1,,,,,Y,Y,A,07,1,0,0,0,0,0,0,0,0,"- ","- ",33.136589999999998,-117.17015000000001,"SAN DIEGO","SAN MARCOS",-117.17114348,33.136611780000003
7021530,2015,2015-08-17,3711,2015-07-11,1108,6702,,6,5,7,3711,0,0,0,,0,315,"METROPOLITAN DR","MURRAY CANYON RD",0.00,,Y,A,-,N,,,,,,,,,,N,3,0,1,2,D,-,00,,,N,B,G,A,A,H,-,A,A,0,,Y,,,Y,Y,-,"- ",0,1,0,0,0,0,1,0,0,"- ","- ",,,"SAN DIEGO","SAN DIEGO",-117.15822006,32.777040030000002
7022172,2015,2015-08-18,3711,2015-07-29,2010,7224,"SAN D",3,5,7,3711,0,0,0,,0,624,"TEXAS ST","4300 TEXAS ST",0.00,,Y,A,-,N,,,,,,,,,,N,4,0,1,2,A,-,04,21703,,M,C,C,A,A,H,-,B,D,0,,,,,Y,Y,-,99,0,0,1,0,0,0,0,0,0,"- ","- ",,,"SAN DIEGO","SAN DIEGO",-117.13885277999999,32.755380039999999
7022196,2015,2015-08-18,3711,2015-07-03,2048,6366,,5,5,7,3711,0,0,0,,0,116,"ACADIA BL","COWLEY WY",688.00,E,N,B,-,N,,,,,,,,,,Y,2,0,1,1,A,-,08,22107,,N,E,I,A,A,H,-,D,D,0,,,,,Y,Y,A,01,1,0,0,0,0,0,0,0,0,"- ","- ",,,"SAN DIEGO","SAN DIEGO",-117.19006865999999,32.794498179999998
7022228,2015,2015-08-18,3711,2015-07-24,2129,6611,,5,5,7,3711,0,0,0,,0,121,"SANTA CLARA PL","MISSION BL",100.00,E,N,A,-,N,,,,,,,,,,N,3,0,1,2,A,-,08,22107,,M,G,B,E,A,H,-,C,D,0,Y,,,,Y,Y,-,99,0,1,0,0,1,0,0,0,0,"- ","- ",,,"SAN DIEGO","SAN DIEGO",-117.25223883,32.782578119999997
7023808,2015,2015-09-29,3710,2015-08-03,1726,OC1355,,1,5,6,3710,0,0,0,,0,026,"OCEANSIDE BL","EL CAMINIO REAL",378.00,E,N,A,-,N,,,,,,,,,,Y,2,0,5,3,A,-,01,23152,A,N,A,C,A,A,H,-,A,D,0,,,,,Y,Y,A,01,2,3,0,0,0,0,0,0,0,"- ","- ",,,"SAN DIEGO",OCEANSIDE,-117.33118854,33.201817329999997
7023842,2015,2015-08-26,3702,2015-06-21,0208,CV1021,,7,5,6,3702,0,0,0,,0,013,"J ST",JEFFERSON,200.00,W,N,A,-,N,,,,,,,,,,Y,3,0,1,3,A,-,21,22106,,M,C,C,A,A,H,-,C,A,0,,,,,Y,Y,A,01,0,1,0,0,0,0,0,0,0,"- ","- ",,,"SAN DIEGO","CHULA VISTA",-117.09021377000001,32.623015819999999
7023843,2015,2015-09-18,3702,2015-07-19,0430,CV1137,,7,5,6,3702,0,0,0,,0,024,"RIOS AV","OTAY VALLEY RD",500.00,S,N,A,-,N,,,,,,,,,,Y,4,0,1,6,A,-,01,23152,A,N,B,E,A,A,H,-,C,D,0,,,,,Y,Y,A,01,0,0,1,0,0,0,0,0,0,"- ","- ",,,"SAN DIEGO","CHULA VISTA",-117.04492,32.592180550000002
7023891,2015,2015-09-18,3702,2015-07-15,1705,CV1103,,3,5,6,3702,0,0,0,,0,024,"MAIN ST","AUTO PARK AV",930.00,E,N,A,-,N,,,,,,,,,,Y,2,0,2,1,A,-,01,23152,A,N,D,I,A,A,H,-,A,D,0,,,,,Y,Y,A,01,1,1,0,0,0,0,0,0,0,"- ","- ",,,"SAN DIEGO","CHULA VISTA",-117.02170511,32.594527390000003
7023899,2015,2015-09-19,3702,2015-07-19,0823,CV1099,,7,5,6,3702,0,0,0,,0,024,"MAIN ST","DATE ST",181.00,W,N,A,-,N,,,,,,,,,,Y,2,0,1,2,A,-,11,21954,A,N,G,B,D,A,H,-,A,D,0,Y,,,,Y,Y,N,60,1,0,0,0,1,0,0,0,0,"- ","- ",,,"SAN DIEGO","CHULA VISTA",-117.04878558999999,32.594696579999997
7023919,2015,2015-09-18,3702,2015-07-19,0225,CV1116,,7,5,6,3702,0,0,0,,0,014,"MANKATO ST","WHITNEY ST",354.00,N,N,A,-,N,,,,,,,,,,Y,4,0,1,1,A,-,03,22350,,N,E,I,A,A,H,-,C,A,0,,,,,Y,Y,A,01,0,0,1,0,0,0,0,0,0,"- ","- ",,,"SAN DIEGO","CHULA VISTA",-117.07098728,32.633826210000002
7024134,2015,2015-09-11,3710,2015-07-20,0850,OC0646,,1,5,6,3710,0,0,0,,0,015,"MISSION AV",AIRPORT,275.00,E,N,A,-,N,,,,,,,,,,N,3,0,1,2,A,-,08,22107,,F,H,C,A,A,H,-,A,D,0,,,Y,,Y,Y,A,01,0,1,0,0,0,0,0,0,1,"- ","- ",,,"SAN DIEGO",OCEANSIDE,-117.34760481000001,33.213845659999997
7024138,2015,2017-01-25,3710,2015-07-20,1225,OC0658,,1,5,6,3710,0,0,0,,0,014,"RT 76","FOUSSAT RD",845.00,E,N,A,-,Y,SD,11,76,-,M,2.730,H,-,W,Y,4,0,1,3,A,-,03,22350,,M,C,C,A,A,H,-,A,A,0,,,,,Y,Y,A,01,0,0,1,0,0,0,0,0,0,"- ","- ",,,"SAN DIEGO",OCEANSIDE,-117.34145712999999,33.219298219999999
7024359,2015,2017-01-10,9645,2015-07-21,1755,017499,,2,2,5,3709,0,1,1,,2,001,"RT 5","RT 15",1418.00,S,N,A,-,Y,SD,11,5,-,R,12.300,H,-,N,Y,2,0,1,5,A,-,01,23152,A,N,E,I,A,A,H,-,A,D,1,,,,,Y,Y,D,22,1,0,0,0,0,0,0,0,0,"- ","- ",32.692320000000002,-117.12089,"SAN DIEGO","NATIONAL CITY",-117.11701239,32.689723530000002
7024391,2015,2017-01-17,9645,2015-07-26,0354,20401,,7,3,7,3711,0,1,1,,2,015,"RT 805","NOBEL DR",200.00,S,N,A,-,Y,SD,11,805,-,-,25.440,H,-,N,Y,2,0,2,3,A,-,01,23152,A,N,D,C,A,A,H,-,C,D,1,,,,Y,Y,Y,A,08,1,0,1,0,0,0,0,0,0,"- ","- ",32.87312,-117.19843,"SAN DIEGO","SAN DIEGO",-117.19445888,32.869422530000001
7024491,2015,2015-08-27,9645,2015-07-16,1745,017953,,4,2,9,3700,0,3,5,,2,024,"RANCHO BERNARDO RD","RANCH PKWY",0.00,,Y,A,-,N,,,,,,,,,,Y,3,0,1,2,A,-,01,23152,A,N,D,C,A,A,H,-,A,A,0,,,,,Y,Y,A,01,0,1,0,0,0,0,0,0,0,"- ","- ",,,"SAN DIEGO",UNINCORPORATED,,
7024495,2015,2017-01-14,9645,2015-07-23,0201,016138,,4,3,7,3711,0,1,1,,2,010,"RT 8","CAMINO DEL RIO S",108.00,N,N,B,-,Y,SD,11,8,-,-,5.468,R,2,E,Y,4,0,1,1,A,-,01,23152,A,N,E,I,A,A,H,-,D,D,1,,,,,Y,Y,A,01,0,0,1,0,0,0,0,0,0,TO,"- ",32.77778,-117.11263,"SAN DIEGO","SAN DIEGO",-117.11533203,32.77843111
7024654,2015,2017-01-24,9645,2015-07-27,0630,17025,,1,1,7,3711,0,1,1,,2,015,"RT 805","CLAREMONT MESA BL",200.00,N,N,B,-,Y,SD,11,805,-,-,22.670,H,-,N,N,4,0,1,2,A,-,01,23152,A,N,C,C,A,A,H,-,A,D,1,,,,,Y,Y,A,01,0,0,1,0,0,0,0,0,0,"- ","- ",,,"SAN DIEGO","SAN DIEGO",-117.17025838000001,32.834815239999998
7024730,2015,2017-01-12,9645,2015-07-19,0135,020479,,7,3,7,3711,0,1,1,,2,007,"RT 5","GILMAN DR",125.00,N,N,A,-,Y,SD,11,5,-,R,26.850,H,-,S,Y,4,0,1,2,A,-,03,22350,,N,A,C,A,A,H,-,D,D,1,,,,,Y,Y,A,01,0,0,1,0,0,0,0,0,0,"- ","- ",32.850110000000001,-117.23499,"SAN DIEGO","SAN DIEGO",-117.23491301,32.850223479999997
7025817,2015,2017-01-14,9645,2015-08-01,0410,17723,,6,3,7,3711,0,1,1,,2,010,"RT 8","RT 805",0.00,N,N,A,-,Y,SD,11,8,-,-,4.571,R,2,W,Y,4,0,1,1,A,-,01,23152,A,N,E,I,A,A,H,-,C,D,1,,,,,Y,Y,A,01,0,0,1,0,0,0,0,0,0,TO,"- ",32.772500000000001,-117.1305,"SAN DIEGO","SAN DIEGO",-117.12884859,32.7728416
7025991,2015,2015-09-04,3711,2015-08-05,0708,6244,SANDI,3,5,7,3711,0,0,0,,0,841,"LIVINGSTON ST","COLLEGE AV",18.00,E,N,A,-,N,,,,,,,,,,Y,3,0,1,2,A,-,08,22107,,N,E,I,A,A,H,-,A,D,0,,,,,Y,Y,-,,0,1,0,0,0,0,0,0,0,"- ","- ",,,"SAN DIEGO","SAN DIEGO",-117.05120254000001,32.742478669999997
7026475,2015,2015-09-08,3711,2015-05-11,2300,6009,EASTE,1,5,7,3711,0,0,0,,0,321,"MISSION GORGE RD","ZION AV",0.00,,Y,A,-,N,,,,,,,,,,Y,4,0,1,1,A,-,"- ",,,N,A,I,A,A,H,-,C,A,0,,,,,Y,Y,-,,0,0,1,0,0,0,0,0,0,"- ","- ",,,"SAN DIEGO","SAN DIEGO",-117.09757999999999,32.792950070000003
7026614,2015,2015-09-03,3706,2015-08-04,2057,ES0466,,2,5,6,3706,0,0,0,,0,042,"MISSION AV",BROADWAY,0.00,,Y,A,-,N,,,,,,,,,,Y,4,0,4,4,A,-,01,23153,A,N,C,C,A,A,H,-,C,A,0,,,,,Y,Y,A,08,0,0,4,0,0,0,0,0,0,"- ","- ",,,"SAN DIEGO",ESCONDIDO,-117.08534007999999,33.130360039999999
7026621,2015,2017-01-10,9680,2015-08-07,1835,19490,,5,2,9,3700,0,1,3,,2,028,"RT 125","TURF LN",175.00,S,N,A,-,Y,SD,11,125,-,-,12.656,R,2,N,Y,3,0,1,1,A,-,01,23152,A,N,E,I,A,A,H,-,A,D,1,,,,,Y,Y,A,01,0,1,0,0,0,0,0,0,0,"- ","- ",32.745289999999997,-117.01782,"SAN DIEGO",UNINCORPORATED,-117.01742648,32.743807859999997
7026626,2015,2015-09-03,3706,2015-08-05,1925,ES0322,,3,5,6,3706,0,0,0,,0,041,BROADWAY,"VISTA AV",0.00,,Y,A,-,N,,,,,,,,,,N,3,0,1,2,A,-,11,21453,D,N,G,B,B,A,H,-,A,A,0,Y,,,,Y,Y,N,60,0,1,0,0,1,0,0,0,0,"- ","- ",,,"SAN DIEGO",ESCONDIDO,-117.09172003,33.153790090000001
7026668,2015,2017-01-17,3711,2015-08-06,2105,5842,,4,5,7,3711,0,0,0,,0,931,"MIRAMAR RD","RT 805",0.00,,Y,A,-,Y,SD,11,805,-,-,26.107,R,4,N,N,3,0,1,2,A,-,08,22107,,M,B,C,A,A,H,-,C,A,0,,,,,Y,Y,-,99,0,1,0,0,0,0,0,0,0,"- ",NO,,,"SAN DIEGO","SAN DIEGO",-117.20012742,32.877587310000003
7026689,2015,2015-09-16,3706,2015-08-05,2142,ES0318,,3,5,6,3706,0,0,0,,0,043,"ROCK SPRINGS RD","LINCOLN AV",283.00,S,N,A,-,N,,,,,,,,,,Y,3,0,3,2,A,-,01,23152,A,N,A,C,A,A,H,-,C,D,0,,,,,Y,Y,A,01,0,2,1,0,0,0,0,0,0,"- ","- ",,,"SAN DIEGO",ESCONDIDO,-117.09862873,33.129262900000001
7026719,2015,2015-09-08,3711,2015-08-01,2033,6996,,6,5,7,3711,0,0,0,,0,441,"OCEAN VIEW BL","36TH ST",25.00,E,N,A,-,N,,,,,,,,,,N,3,0,1,2,A,-,08,22107,,N,A,B,D,A,H,-,D,D,0,Y,,,,Y,Y,-,,0,1,0,0,1,0,0,0,0,"- ","- ",,,"SAN DIEGO","SAN DIEGO",-117.11670900999999,32.701250610000002
7026818,2015,2017-01-12,9645,2015-07-26,2350,020301,,7,3,7,3711,0,1,1,,2,001,"RT 5","28TH ST",800.00,S,N,A,-,Y,SD,11,5,-,R,13.340,H,-,N,Y,3,0,1,1,A,-,01,23152,A,N,E,I,A,A,H,-,C,D,1,,,,,Y,Y,A,01,0,1,0,0,0,0,0,0,0,"- ","- ",32.694600000000001,-117.12797999999999,"SAN DIEGO","SAN DIEGO",-117.13310911000001,32.69484722
7028352,2015,2015-09-09,9680,2015-08-08,2022,20682,,6,2,9,3700,0,2,4,,1,029,"CAMPO RD","KENWOOD DR",80.00,W,N,A,-,N,,,,,,,,,,Y,3,0,1,2,A,-,01,23152,A,N,C,C,A,A,H,-,C,A,0,,,,,Y,Y,A,07,0,1,0,0,0,0,0,0,0,"- ","- ",32.748010000000001,-116.98902,"SAN DIEGO",UNINCORPORATED,-117.00820922,32.752714709999999
7028360,2015,2015-09-09,9680,2015-08-08,2130,019936,,6,2,9,3700,0,3,5,,2,003,"MARSHALL RD","ALPINE BL",244.00,N,N,A,-,N,,,,,,,,,,Y,4,0,1,2,A,-,01,23152,A,N,A,E,A,A,H,-,C,D,0,,,,,Y,Y,D,22,0,0,1,0,0,0,0,0,0,"- ","- ",32.836120000000001,-116.76575,"SAN DIEGO",UNINCORPORATED,-116.76572668,32.836138040000002
7028400,2015,2015-09-09,9680,2015-08-08,0140,016694,,6,3,9,3700,0,3,5,,2,003,"PINE VIEW RD","OLIVE VIEW RD",115.00,S,N,A,-,N,,,,,,,,,,N,3,0,1,2,A,-,01,23152,A,M,B,E,A,A,H,-,D,D,0,,,,,Y,Y,A,07,0,1,0,0,0,0,0,0,0,"- ","- ",32.828339999999997,-116.74867,"SAN DIEGO",UNINCORPORATED,-116.74869104,32.828157050000002
7028829,2015,2015-09-08,9680,2015-07-31,0646,015061,,5,1,9,3700,0,2,4,,1,014,"WINTER GARDENS BL","WOODSIDE AV",440.00,N,N,B,-,N,,,,,,,,,,Y,4,0,1,1,A,-,01,23152,A,N,E,J,A,A,H,-,A,D,0,,,,,Y,Y,A,07,0,0,1,0,0,0,0,0,0,"- ","- ",32.85765,-116.93143999999999,"SAN DIEGO",UNINCORPORATED,-116.93142792,32.857233880000003
7028952,2015,2015-09-04,3701,2015-08-13,2350,5420,124,4,5,5,3701,0,0,0,,0,008,"RANCHO SANTA FE","OLIVE HAIN",528.00,N,N,A,-,N,,,,,,,,,,Y,3,0,1,1,A,-,01,23152,A,N,F,I,A,A,H,-,C,D,0,,,,Y,Y,Y,F,26,0,1,0,0,0,0,0,0,0,"- ","- ",33.070340000000002,-117.24472,"SAN DIEGO",CARLSBAD,-117.24531233,33.069745210000001
7029368,2015,2015-09-15,3701,2015-08-16,2212,5445,2,7,5,5,3701,0,0,0,,0,001,"ROOSEVELT ST","CARLSBAD VILLAGE DR",100.00,N,N,A,-,N,,,,,,,,,,N,3,0,1,1,A,-,17,21200,,N,H,G,A,A,H,-,C,D,0,,Y,,,Y,Y,L,04,0,1,0,0,0,0,1,0,0,"- ","- ",33.160519999999998,-117.34752,"SAN DIEGO",CARLSBAD,-117.34787722,33.16043423
7029399,2015,2015-09-14,9680,2015-08-09,2310,19936,,7,3,9,3700,0,3,5,,2,002,"FURY LN","WIEGHORST WY",430.00,N,N,A,-,N,,,,,,,,,,Y,3,0,1,1,A,-,00,21352,A,N,E,I,A,A,H,-,C,D,0,,,,,Y,Y,A,01,0,1,0,0,0,0,0,0,0,"- ","- ",32.751550000000002,-116.94307000000001,"SAN DIEGO",UNINCORPORATED,-116.94345796,32.751550000000002