CASE_ID,ACCIDENT_YEAR,PROC_DATE,JURIS,COLLISION_DATE,COLLISION_TIME,OFFICER_ID,REPORTING_DISTRICT,DAY_OF_WEEK,CHP_SHIFT,POPULATION,CNTY_CITY_LOC,SPECIAL_COND,BEAT_TYPE,CHP_BEAT_TYPE,CITY_DIVISION_LAPD,CHP_BEAT_CLASS,BEAT_NUMBER,PRIMARY_RD,SECONDARY_RD,DISTANCE,DIRECTION,INTERSECTION,WEATHER_1,WEATHER_2,STATE_HWY_IND,CALTRANS_COUNTY,CALTRANS_DISTRICT,STATE_ROUTE,ROUTE_SUFFIX,POSTMILE_PREFIX,POSTMILE,LOCATION_TYPE,RAMP_INTERSECTION,SIDE_OF_HWY,TOW_AWAY,COLLISION_SEVERITY,NUMBER_KILLED,NUMBER_INJURED,PARTY_COUNT,PRIMARY_COLL_FACTOR,PCF_CODE_OF_VIOL,PCF_VIOL_CATEGORY,PCF_VIOLATION,PCF_VIOL_SUBSECTION,HIT_AND_RUN,TYPE_OF_COLLISION,MVIW,PED_ACTION,ROAD_SURFACE,ROAD_COND_1,ROAD_COND_2,LIGHTING,CONTROL_DEVICE,CHP_ROAD_TYPE,PEDESTRIAN_ACCIDENT,BICYCLE_ACCIDENT,MOTORCYCLE_ACCIDENT,TRUCK_ACCIDENT,NOT_PRIVATE_PROPERTY,ALCOHOL_INVOLVED,STWD_VEHTYPE_AT_FAULT,CHP_VEHTYPE_AT_FAULT,COUNT_SEVERE_INJ,COUNT_VISIBLE_INJ,COUNT_COMPLAINT_PAIN,COUNT_PED_KILLED,COUNT_PED_INJURED,COUNT_BICYCLIST_KILLED,COUNT_BICYCLIST_INJURED,COUNT_MC_KILLED,COUNT_MC_INJURED,PRIMARY_RAMP,SECONDARY_RAMP,LATITUDE,LONGITUDE,COUNTY,CITY,POINT_X,POINT_Y
7079439,2015,2015-10-27,3706,2015-10-02,1708,ES0223,,5,5,6,3706,0,0,0,,0,055,"PINE ST","13TH AV",60.00,S,N,A,-,N,,,,,,,,,,N,3,0,1,2,A,-,08,22107,,M,A,G,A,A,H,-,A,D,0,,Y,,,Y,Y,L,04,0,1,0,0,0,0,1,0,0,"- ","- ",,,"SAN DIEGO",ESCONDIDO,-117.07931256000001,33.107897579999999
7079636,2015,2016-08-10,3706,2015-10-07,1645,ES0318,,3,5,6,3706,0,0,0,,0,055,"CENTRE CITY PKWY","13TH AV",0.00,,Y,A,-,N,,,,,,,,,,N,3,0,1,2,A,-,12,21453,A,N,D,G,A,A,H,-,A,A,0,,Y,,,Y,Y,L,04,0,1,0,0,0,0,1,0,0,"- ","- ",,,"SAN DIEGO",ESCONDIDO,-117.07910009,33.108200060000001
7080184,2015,2015-09-30,3711,2015-09-09,0733,5498,,3,5,7,3711,0,0,0,,0,712,"WEST SAN YSIDRO BL","DAIRY MART RD",31.00,N,N,A,-,N,,,,,,,,,,Y,4,0,1,2,A,-,21,22106,,N,H,C,A,A,H,-,A,A,0,,,,,Y,Y,A,01,0,0,1,0,0,0,0,0,0,"- ","- ",,,"SAN DIEGO","SAN DIEGO",-117.06250303,32.559661669999997
7081097,2015,2017-01-14,3700,2015-08-29,0150,SH4541,,6,5,5,3712,0,0,0,,0,354,"NORDAHL RD","RT 78",0.00,,Y,A,-,Y,SD,11,78,-,R,15.647,R,4,W,Y,3,0,1,2,A,-,01,23152,A,M,D,C,A,A,H,-,C,A,0,,,,Y,Y,Y,A,01,0,1,0,0,0,0,0,0,0,"- ","- ",,,"SAN DIEGO","SAN MARCOS",-117.11896609999999,33.131141560000003
7082032,2015,2015-10-17,3711,2015-09-29,1925,6252,,2,5,7,3711,0,0,0,,0,612,"MADRID ST","EVERGREEN ST",37.00,,N,A,-,N,,,,,,,,,,Y,4,0,1,1,A,-,08,22107,,N,E,I,A,A,H,-,C,D,0,,,,,Y,Y,A,01,0,0,1,0,0,0,0,0,0,"- ","- ",,,"SAN DIEGO","SAN DIEGO",-117.21198003000001,32.747930050000001
7082856,2014,2015-10-06,3705,2014-11-17,2131,EC0292,,1,5,5,3705,0,0,0,,0,007,"N 2ND ST",SUMNER,59.00,N,N,A,-,N,,,,,,,,,,Y,2,0,1,2,A,-,11,21954,A,F,G,B,D,A,H,-,C,D,0,Y,,,,Y,Y,N,60,1,0,0,0,1,0,0,0,0,"- ","- ",,,"SAN DIEGO","EL CAJON",-116.93580089,32.809881580000003
7082934,2015,2015-10-20,3706,2015-09-21,1545,ES0486,,1,5,6,3706,0,0,0,,0,043,"W EL NORTE PKWY","NUTMEG ST",0.00,,Y,A,-,N,,,,,,,,,,N,4,0,1,2,A,-,03,22350,,N,C,C,A,A,H,-,A,A,0,,,,,Y,Y,I,11,0,0,1,0,0,0,0,0,0,"- ","- ",,,"SAN DIEGO",ESCONDIDO,-117.10876,33.147200079999998
7082950,2015,2015-10-12,3706,2015-09-26,0015,ES0476,,6,5,6,3706,0,0,0,,0,041,"EL NORTE PKWY","N ESCONDIDO BL",0.00,,Y,A,-,N,,,,,,,,,,Y,4,0,1,2,A,-,01,23152,A,F,D,C,A,A,H,-,C,A,0,,,,,Y,Y,A,01,0,0,1,0,0,0,0,0,0,"- ","- ",,,"SAN DIEGO",ESCONDIDO,-117.09239002,33.139340060000002
7083039,2015,2016-07-19,3706,2015-09-27,1437,ES0383,,7,5,6,3706,0,0,0,,0,052,"W 9TH AV","S ESCONDIDO BL",163.00,E,N,A,-,N,,,,,,,,,,Y,3,0,1,2,A,-,01,23152,A,N,D,E,A,A,H,-,A,D,0,,,,,Y,Y,A,07,0,1,0,0,0,0,0,0,0,"- ","- ",,,"SAN DIEGO",ESCONDIDO,-117.07864302999999,33.113336799999999
7087695,2015,2015-10-08,3711,2015-09-22,1850,5335,,2,5,7,3711,0,0,0,,0,231,"POWAY RD","SPRING BROOK DR",33.00,N,N,A,-,N,,,,,,,,,,Y,4,0,3,2,A,-,03,22350,,N,C,C,A,A,H,-,C,D,0,,,,,Y,Y,-,,0,0,3,0,0,0,0,0,0,"- ","- ",,,"SAN DIEGO","SAN DIEGO",-117.08399,32.945569999999996
7088003,2015,2015-10-09,3711,2015-09-24,0340,4576,,4,5,7,3711,0,0,0,,0,113,"MORENA BL","GARNET AV",0.00,,Y,B,-,N,,,,,,,,,,Y,3,0,2,1,A,-,03,22350,,N,E,I,A,A,H,-,C,A,0,,,,,Y,Y,A,01,0,2,0,0,0,0,0,0,0,"- ","- ",,,"SAN DIEGO","SAN DIEGO",-117.21325815,32.80737542
7088028,2015,2015-10-09,3711,2015-09-17,1738,6487,SD,4,5,7,3711,0,0,0,,0,833,"UNIVERSITY AV","44TH ST",0.00,,Y,A,-,N,,,,,,,,,,N,3,0,1,2,A,-,10,21950,A,F,G,B,C,A,H,-,A,A,0,Y,,,,Y,Y,-,,0,1,0,0,1,0,0,0,0,"- ","- ",,,"SAN DIEGO","SAN DIEGO",-117.09981006,32.74961012
7088036,2015,2015-10-13,3711,2015-09-24,0220,4295,,4,5,7,3711,0,0,0,,0,611,"MIDWAY DR","WING ST",180.00,W,N,A,-,N,,,,,,,,,,N,3,0,1,2,A,-,08,22107,,M,B,C,A,A,H,-,C,D,0,,,,,Y,Y,-,"- ",0,1,0,0,0,0,0,0,0,"- ","- ",,,"SAN DIEGO","SAN DIEGO",-117.21276043,32.750691969999998
7088042,2015,2015-10-10,3700,2015-08-14,2250,SH4541,,5,5,5,3712,0,0,0,,0,352,"VINEYARD RD","SHIRLEY DR",500.00,N,N,A,-,N,,,,,,,,,,Y,3,0,1,3,A,-,01,23152,A,N,F,E,A,A,H,-,C,D,0,,,,,Y,Y,A,01,0,1,0,0,0,0,0,0,0,"- ","- ",,,"SAN DIEGO","SAN MARCOS",-117.15268412,33.153960040000001
7088046,2015,2015-10-10,3700,2015-08-30,0048,SH7146,,7,5,5,3712,0,0,0,,0,360,"WEST SAN MARCOS BL","GRAND AV",0.00,,Y,A,-,N,,,,,,,,,,Y,4,0,2,2,A,-,01,23152,A,N,C,C,A,A,H,-,C,A,0,,,,,Y,Y,A,01,0,0,2,0,0,0,0,0,0,"- ","- ",,,"SAN DIEGO","SAN MARCOS",-117.1790901,33.137230080000002
7088051,2015,2015-10-09,3711,2015-09-22,0437,5627,,2,5,7,3711,0,0,0,,0,124,"LA JOLLA SCENIC S DR","LA JOLLA PKWY",100.00,N,N,B,-,N,,,,,,,,,,Y,4,0,1,1,A,-,03,22350,,N,E,J,A,A,H,-,C,D,0,,,,,Y,Y,-,,0,0,1,0,0,0,0,0,0,"- ","- ",,,"SAN DIEGO","SAN DIEGO",-117.24213260000001,32.844977
7088075,2015,2015-10-09,3711,2015-09-20,0239,7129,,7,5,7,3711,0,0,0,,0,524,"9TH AV","C ST",0.00,,Y,A,-,N,,,,,,,,,,Y,4,0,2,2,A,-,12,21453,A,N,D,C,A,A,H,-,C,A,0,,,,,Y,Y,-,,0,0,2,0,0,0,0,0,0,"- ","- ",,,"SAN DIEGO","SAN DIEGO",-117.15653012,32.716790060000001
7088496,2015,2015-10-31,3711,2015-09-27,2007,6045,,7,5,7,3711,0,0,0,,0,124,"VILLA LA JOLLA DR","LA JOLLA VILLAGE DR",4.00,S,N,A,-,N,,,,,,,,,,N,4,0,1,2,A,-,11,21456,B,N,G,B,B,A,H,-,C,A,0,Y,,,,Y,Y,N,60,0,0,1,0,1,0,0,0,0,"- ","- ",,,"SAN DIEGO","SAN DIEGO",-117.23389666,32.871769409999999
7090186,2015,2015-10-07,3700,2015-09-01,0935,SH4541,,2,5,5,3712,0,0,0,,0,352,"NORTH TWIN OAKS VALLEY DR","LA CIENEGA",0.00,,Y,A,-,N,,,,,,,,,,Y,4,0,1,2,A,-,09,21453,C,N,D,C,A,A,H,-,A,A,0,,,,,Y,Y,A,01,0,0,1,0,0,0,0,0,0,"- ","- ",,,"SAN DIEGO","SAN MARCOS",-117.15985001,33.173490049999998
7090502,2015,2015-10-10,3702,2015-09-07,1712,CV1077,,1,5,6,3702,0,0,0,,0,014,"MELROSE AV","SHEFFIELD CT",117.00,S,N,A,-,N,,,,,,,,,,Y,3,0,1,4,A,-,03,22350,,M,F,E,A,A,H,-,A,D,0,,,,,Y,Y,A,01,0,1,0,0,0,0,0,0,0,"- ","- ",,,"SAN DIEGO","CHULA VISTA",-117.05333999,32.636179980000001
7090518,2015,2015-10-12,3702,2015-09-22,1250,CV1147,,2,5,6,3702,0,0,0,,0,041,"SANTA DIANA RD","SANTA ALEXIA",45.00,W,N,A,-,N,,,,,,,,,,Y,4,0,1,2,A,-,03,22350,,M,C,C,A,A,H,-,A,D,0,,,,,Y,Y,A,08,0,0,1,0,0,0,0,0,0,"- ","- ",,,"SAN DIEGO","CHULA VISTA",-116.99210289,32.615799600000003
7090735,2015,2015-10-17,3711,2015-09-27,2106,3815,,7,5,7,3711,0,0,0,,0,813,"GEORGIA ST","UNIVERSITY AV",30.00,S,N,A,-,N,,,,,,,,,,Y,3,0,1,6,A,-,08,22107,,N,B,E,A,A,H,-,C,D,0,,,,,Y,Y,A,01,0,1,0,0,0,0,0,0,0,"- ","- ",,,"SAN DIEGO","SAN DIEGO",-117.14498,32.74841782
7090771,2015,2015-10-17,3711,2015-09-20,2213,3792,3711,7,5,7,3711,0,0,0,,0,446,"S 4TH ST","T ST",53.00,S,N,A,-,N,,,,,,,,,,Y,2,0,2,2,A,-,05,21650,,N,-,C,A,A,H,-,C,D,0,,,,,Y,Y,A,07,1,0,1,0,0,0,0,0,0,"- ","- ",,,"SAN DIEGO","SAN DIEGO",-117.10020158,32.698524829999997
7090816,2015,2015-11-18,3711,2015-09-27,2203,5916,,7,5,7,3711,0,0,0,,0,616,"UPSHUR ST","ROSECRANS ST",74.00,E,N,A,-,N,,,,,,,,,,N,2,0,1,2,A,-,"- ",,,N,G,B,F,A,H,-,D,D,0,Y,,,,Y,Y,N,60,1,0,0,0,1,0,0,0,0,"- ","- ",,,"SAN DIEGO","SAN DIEGO",-117.23211576,32.720761080000003
7090865,2015,2015-11-19,3711,2015-09-25,2107,7339,,5,5,7,3711,0,0,0,,0,613,"VALETA ST","FAMOSA BL",0.00,,Y,A,-,N,,,,,,,,,,Y,3,0,1,1,A,-,03,22350,A,N,E,J,A,A,H,-,C,D,0,,,,,Y,Y,-,,0,1,0,0,0,0,0,0,0,"- ","- ",,,"SAN DIEGO","SAN DIEGO",-117.22935007,32.74756009
7090875,2015,2015-10-09,3711,2015-09-26,0550,6812,,6,5,7,3711,0,0,0,,0,123,"QUIVIRA RD 1400","QUIVIRA RD",33.00,N,N,B,-,N,,,,,,,,,,Y,4,0,1,6,A,-,08,22107,,N,B,E,A,A,H,-,B,D,0,,,,,Y,Y,A,01,0,0,1,0,0,0,0,0,0,"- ","- ",,,"SAN DIEGO","SAN DIEGO",,
7091664,2015,2015-11-09,3711,2015-07-25,0340,6841,SANDI,6,5,7,3711,0,0,0,,0,123,"INGRAHAM ST","PEREZ COVE WY",150.00,S,N,A,-,N,,,,,,,,,,,4,0,1,1,A,-,08,22107,,N,E,I,A,A,H,-,C,A,0,,,,,Y,Y,-,,0,0,1,0,0,0,0,0,0,"- ","- ",,,"SAN DIEGO","SAN DIEGO",-117.23362121,32.767417620000003
7091845,2015,2015-10-15,3708,2015-09-22,0203,LM1167,,2,5,5,3708,0,0,0,,0,001,"UNIVERSITY AV","MASSACHUSETTS AV",239.00,E,N,A,-,N,,,,,,,,,,Y,4,0,1,2,A,-,01,23152,A,N,C,C,A,A,H,-,C,D,0,,,Y,,Y,Y,C,02,0,0,1,0,0,0,0,0,1,"- ","- ",,,"SAN DIEGO","LA MESA",-117.04245416000001,32.755366989999999
7091851,2015,2015-10-14,3701,2015-10-06,2100,5395,46,2,5,5,3701,0,0,0,,0,004,"CANNON RD","HILLTOP ST",0.00,,Y,A,-,N,,,,,,,,,,Y,3,0,1,1,A,-,01,23152,A,N,F,J,A,A,H,-,C,A,0,,,,,Y,Y,A,01,0,1,0,0,0,0,0,0,0,"- ","- ",33.152679999999997,-117.29089999999999,"SAN DIEGO",CARLSBAD,-117.29080003,33.152800030000002
7093077,2015,2015-10-28,3706,2015-09-08,1122,ES0223,,2,5,6,3706,0,0,0,,0,046,"VALLEY PKWY","MIDWAY DR",1056.00,E,N,A,-,N,,,,,,,,,,N,2,0,1,2,A,-,11,21954,A,N,G,B,D,A,H,-,A,D,0,Y,,,,Y,Y,N,60,1,0,0,0,1,0,0,0,0,"- ","- ",,,"SAN DIEGO",ESCONDIDO,-117.04880874,33.138920570000003
7093547,2015,2015-10-30,3711,2015-08-09,0438,5051,,7,5,7,3711,0,0,0,,0,712,"CAMINO DE LA PLZ","SIPES LN",2112.00,W,N,B,-,N,,,,,,,,,,Y,2,0,2,1,A,-,08,22107,,N,E,I,A,A,H,-,C,D,0,,,,,Y,Y,A,01,1,1,0,0,0,0,0,0,0,"- ","- ",,,"SAN DIEGO","SAN DIEGO",-117.05239435,32.54374
7094595,2015,2015-10-12,3700,2015-08-24,1532,SH7366,,1,5,4,3707,0,0,0,,0,702,"EMORY AV","CALLA AV",0.00,S,N,A,-,N,,,,,,,,,,N,4,0,1,2,A,-,10,21954,B,F,G,B,D,A,H,-,A,-,0,Y,,,,Y,Y,A,07,0,0,1,0,1,0,0,0,0,"- ","- ",,,"SAN DIEGO","IMPERIAL BEACH",-117.11306002000001,32.585470000000001
7094603,2015,2015-10-12,3700,2015-08-10,0120,SH7690,,1,5,4,3707,0,0,0,,0,703,"7TH ST","ELM AV",309.00,N,N,A,-,N,,,,,,,,,,Y,3,0,1,2,A,-,08,22107,,N,C,E,A,A,H,-,C,D,0,,,,,Y,Y,-,,0,1,0,0,0,0,0,0,0,"- ","- ",,,"SAN DIEGO","IMPERIAL BEACH",-117.11798468000001,32.581556419999998
7094613,2015,2015-10-10,3700,2015-09-25,1618,SH0029,,5,5,5,3713,0,0,0,,0,309,"TERRACINA WY","VISTA VILLAGE DR",230.00,N,N,A,-,N,,,,,,,,,,Y,3,0,1,2,A,-,01,23152,A,N,A,E,A,A,H,-,A,D,0,,,,,Y,Y,A,01,0,1,0,0,0,0,0,0,0,"- ","- ",,,"SAN DIEGO",VISTA,-117.24632059,33.201756369999998
7094633,2015,2015-10-10,3700,2015-09-08,2224,SH2528,,2,5,5,3713,0,0,0,,0,303,"FOOTHILL DR","VIA CHRISTINA",126.00,S,N,A,-,N,,,,,,,,,,Y,2,0,2,1,A,-,01,23152,A,F,E,I,A,A,H,-,C,D,0,,,,,Y,Y,A,01,1,1,0,0,0,0,0,0,0,"- ","- ",,,"SAN DIEGO",VISTA,-117.21691025,33.212994799999997
7094644,2015,2015-10-10,3711,2015-08-16,0103,6293,,7,5,7,3711,0,0,0,,0,122,"MISSION BL","HORNBLEND ST",0.00,,Y,A,-,N,,,,,,,,,,N,4,0,1,2,A,-,11,21950,B,N,G,B,B,A,H,-,C,A,0,Y,,,,Y,Y,N,60,0,0,1,0,1,0,0,0,0,"- ","- ",,,"SAN DIEGO","SAN DIEGO",-117.25522013,32.795660060000003
7094771,2015,2015-10-15,3700,2015-09-26,2025,SH0817,,6,5,5,3713,0,0,0,,0,303,"FOOTHILL DR","EAST VISTA WY",43.00,E,N,A,-,N,,,,,,,,,,Y,4,0,1,2,A,-,01,23152,A,N,C,C,A,A,H,-,C,A,0,,,,,Y,Y,A,01,0,0,1,0,0,0,0,0,0,"- ","- ",,,"SAN DIEGO",VISTA,-117.22609024,33.217248740000002
7094802,2015,2017-01-18,3700,2015-07-23,2210,SH1088,,4,5,4,3707,0,0,0,,0,702,"PALM AV","10TH ST",210.00,W,N,A,-,Y,SD,11,75,-,-,10.470,H,-,S,Y,2,0,1,1,A,-,01,23152,A,N,H,A,A,A,H,-,C,D,0,,,Y,,Y,Y,C,02,1,0,0,0,0,0,0,0,1,"- ","- ",,,"SAN DIEGO","IMPERIAL BEACH",-117.11255272,32.583821149999999
7095281,2015,2017-01-28,9650,2015-08-30,2050,18321,,7,2,5,3713,0,1,3,,2,017,"RT 78","CIVIC CENTER DR",30.00,W,N,A,-,Y,SD,11,78,-,-,6.930,H,-,E,Y,4,0,1,3,A,-,01,23152,A,F,B,C,A,A,H,-,A,D,1,,,,,Y,Y,A,07,0,0,1,0,0,0,0,0,0,"- ","- ",33.189439999999998,-117.23998,"SAN DIEGO",VISTA,-117.2396632,33.189163499999999
7098044,2015,2015-10-22,3710,2015-09-18,1125,OC1095,,5,5,6,3710,0,0,0,,0,011,"MISSION AV","AIRPORT RD",0.00,,Y,A,-,N,,,,,,,,,,N,4,0,1,2,A,-,12,21453,A,F,D,C,A,A,H,-,A,A,0,,,,,Y,Y,A,07,0,0,1,0,0,0,0,0,0,"- ","- ",,,"SAN DIEGO",OCEANSIDE,-117.34830009,33.213370009999998
7098048,2015,2015-10-21,3710,2015-10-06,2023,OC0754,,2,5,6,3710,0,0,0,,0,006,"CIVIC CENTER DR","HORNE ST",0.00,,Y,A,-,N,,,,,,,,,,Y,2,0,1,5,A,-,01,23152,A,N,B,C,A,A,H,-,C,A,0,,,,,Y,Y,A,01,1,0,0,0,0,0,0,0,0,"- ","- ",,,"SAN DIEGO",OCEANSIDE,-117.37721005,33.199860110000003
7098420,2015,2015-10-29,3711,2015-10-17,0144,5600,,6,5,7,3711,0,0,0,,0,233,"CARMEL MOUNTAIN RD","PENASQUITOS DR",0.00,,Y,A,-,N,,,,,,,,,,Y,3,0,3,2,A,-,12,21453,A,N,D,C,A,A,H,-,E,A,0,,,,,Y,Y,A,01,0,1,2,0,0,0,0,0,0,"- ","- ",,,"SAN DIEGO","SAN DIEGO",-117.09037004,32.97751006
7098613,2015,2015-10-21,3711,2015-10-03,1952,7336,,6,5,7,3711,0,0,0,,0,433,"FEDERAL BL",WINNET,5.00,W,N,A,-,N,,,,,,,,,,Y,3,0,2,2,A,-,08,22107,,N,D,C,A,A,H,-,C,A,0,,,,,Y,Y,-,,0,1,1,0,0,0,0,0,0,"- ","- ",,,"SAN DIEGO","SAN DIEGO",-117.06375499000001,32.728904800000002
7098617,2015,2016-08-10,3711,2015-10-03,2124,6686,,6,5,7,3711,0,0,0,,0,813,"KANSAS ST",UNIVERSITY,400.00,W,N,A,-,N,,,,,,,,,,N,3,0,1,2,A,-,08,22107,,N,G,B,F,A,H,-,C,D,0,Y,,,,Y,Y,-,,0,1,0,0,1,0,0,0,0,"- ","- ",,,"SAN DIEGO","SAN DIEGO",-117.13137,32.748449999999998
7099035,2015,2015-10-27,3711,2015-10-14,1910,6366,,3,5,7,3711,0,0,0,,0,323,"COLLEGE AV","ROCKHURST DR",31.00,N,N,B,-,N,,,,,,,,,,Y,3,0,3,2,A,-,08,22107,,N,E,I,A,A,H,-,C,D,0,,,,,Y,Y,A,01,0,1,2,0,0,0,0,0,0,"- ","- ",,,"SAN DIEGO","SAN DIEGO",-117.06290628000001,32.785460350000001
7099038,2015,2015-10-27,3711,2015-10-13,0002,7329,,2,5,7,3711,0,0,0,,0,838,"ORANGE AV","37TH ST",66.00,W,N,A,-,N,,,,,,,,,,Y,3,0,1,2,A,-,08,22107,,N,C,E,A,A,H,-,C,D,0,,,,,Y,Y,A,01,0,1,0,0,0,0,0,0,0,"- ","- ",,,"SAN DIEGO","SAN DIEGO",-117.11389391,32.753263400000002
7099476,2015,2015-10-24,3711,2015-10-08,1854,6366,,4,5,7,3711,0,0,0,,0,811,"ADAMS AV","33RD ST",124.00,E,N,B,-,N,,,,,,,,,,N,4,0,1,2,A,-,04,21703,,N,C,C,A,A,H,-,C,D,0,,,,,Y,Y,A,01,0,0,1,0,0,0,0,0,0,"- ","- ",,,"SAN DIEGO","SAN DIEGO",-117.12244821,32.763361269999997
7099489,2015,2015-10-24,3711,2015-10-09,1800,7177,,5,5,7,3711,0,0,0,,0,441,"OCEANVIEW BL","40TH ST",350.00,W,N,A,-,N,,,,,,,,,,Y,3,0,1,3,A,-,08,22107,,N,B,E,A,A,H,-,A,A,0,,,,,Y,Y,-,,0,1,0,0,0,0,0,0,0,"- ","- ",,,"SAN DIEGO","SAN DIEGO",-117.10920384000001,32.701290010000001
7099495,2015,2015-10-24,3711,2015-06-04,0300,6660,,4,5,7,3711,0,0,0,,0,524,"COLUMBIA ST","C ST",10.00,W,N,A,-,N,,,,,,,,,,Y,4,0,1,2,A,-,01,23152,,N,C,E,A,A,H,-,C,D,0,,,,,Y,Y,-,,0,0,1,0,0,0,0,0,0,"- ","- ",,,"SAN DIEGO","SAN DIEGO",-117.16743,32.716740000000001
7099496,2015,2015-10-24,3711,2015-10-09,1400,6345,,5,5,7,3711,0,0,0,,0,242,"COVINA ST","LIPSCOMB DR",35.00,E,N,A,-,N,,,,,,,,,,Y,3,0,1,2,A,-,08,22107,,M,C,E,A,A,H,-,A,D,0,,,,,Y,Y,A,01,0,1,0,0,0,0,0,0,0,"- ","- ",,,"SAN DIEGO","SAN DIEGO",-117.13285887000001,32.904130000000002
7099501,2015,2015-10-24,3711,2015-10-09,2215,5828,,5,5,7,3711,0,0,0,,0,115,"LA JOLLA VILLAGE DR","COSTA VERDE BL",8.00,S,N,A,-,N,,,,,,,,,,Y,4,0,1,2,A,-,09,21802,A,N,D,C,A,A,H,-,C,D,0,,,,,Y,Y,-,,0,0,1,0,0,0,0,0,0,"- ","- ",,,"SAN DIEGO","SAN DIEGO",-117.21626508,32.871994299999997
7103000,2015,2015-10-29,3711,2015-10-07,1855,6974,,3,5,7,3711,0,0,0,,0,822,"UNIVERSITY AV","58TH ST",389.00,E,N,A,-,N,,,,,,,,,,N,4,0,1,3,A,-,04,21703,,N,C,C,A,A,H,-,C,D,0,,,,,Y,Y,-,,0,0,1,0,0,0,0,0,0,"- ","- ",,,"SAN DIEGO","SAN DIEGO",-117.07187659,32.749792249999999
7103065,2015,2015-10-29,3711,2015-10-07,1955,7349,WEST,3,5,7,3711,0,0,0,,0,611,"BARNETT AV","ROSECRANS PL",0.00,,Y,A,-,N,,,,,,,,,,N,4,0,1,2,A,-,08,22107,,N,B,C,A,A,H,-,C,A,0,,,,,Y,Y,-,,0,0,1,0,0,0,0,0,0,"- ","- ",,,"SAN DIEGO","SAN DIEGO",,
7103138,2015,2015-11-02,3710,2015-10-14,1318,OC1059,,3,5,6,3710,0,0,0,,0,015,"EDGEHILL LN","BLUFF WY",126.00,S,N,A,-,N,,,,,,,,,,Y,3,0,1,3,A,-,01,23152,A,N,F,E,A,A,H,-,A,D,0,,,,,Y,Y,A,07,0,1,0,0,0,0,0,0,0,"- ","- ",,,"SAN DIEGO",OCEANSIDE,-117.34035753000001,33.203779820000001
7103602,2015,2016-07-19,3705,2015-10-22,2248,EC0324,,4,5,5,3705,0,0,0,,0,010,"N MOLLISON","E MADISON",52.00,N,N,A,-,N,,,,,,,,,,Y,3,0,2,2,A,-,01,23153,A,N,A,C,A,A,H,-,C,A,0,,,,,Y,Y,A,07,0,1,1,0,0,0,0,0,0,"- ","- ",,,"SAN DIEGO","EL CAJON",-116.95097115,32.800292409999997
7103606,2015,2015-11-04,3705,2015-10-25,1342,EC0281,,7,5,5,3705,0,0,0,,0,006,"FLETCHER PKWY",PIONEER,149.00,E,N,B,-,N,,,,,,,,,,Y,4,0,2,4,A,-,01,23152,B,N,C,C,A,A,H,-,A,A,0,,,,,Y,Y,A,07,0,0,2,0,0,0,0,0,0,"- ","- ",,,"SAN DIEGO","EL CAJON",-116.96696679,32.807780000000001
7104084,2015,2015-11-12,3702,2015-09-06,0036,CV1114,,7,5,6,3702,0,0,0,,0,041,"OLYMPIC PKWY","HERITAGE RD",600.00,E,N,A,-,N,,,,,,,,,,Y,4,0,1,1,A,-,01,23152,B,N,F,I,A,A,H,-,C,D,0,,,,,Y,Y,A,01,0,0,1,0,0,0,0,0,0,"- ","- ",,,"SAN DIEGO","CHULA VISTA",-117.00024621,32.617405840000004
7104088,2015,2015-11-12,3702,2015-09-25,2155,CV1141,,5,5,6,3702,0,0,0,,0,013,"MARINA WY","BAY BL",0.00,,Y,A,-,N,,,,,,,,,,Y,3,0,1,2,A,-,01,23152,A,M,C,C,A,A,H,-,C,A,0,,,,,Y,Y,A,01,0,1,0,0,0,0,0,0,0,"- ","- ",,,"SAN DIEGO","CHULA VISTA",-117.09473937999999,32.621864180000003
7104108,2015,2015-11-12,3702,2015-09-26,0331,CV1110,,6,5,6,3702,0,0,0,,0,021,"BAY BL","PALOMAR ST",40.00,N,N,A,-,N,,,,,,,,,,Y,3,0,1,1,A,-,01,23152,F,N,E,I,A,A,H,-,C,D,0,,,,,Y,Y,A,01,0,1,0,0,0,0,0,0,0,"- ","- ",,,"SAN DIEGO","CHULA VISTA",-117.09229544,32.604679500000003
7104112,2015,2015-11-12,3702,2015-09-25,2120,CV1140,,5,5,6,3702,0,0,0,,0,013,"J ST",BROADWAY,255.00,E,N,A,-,N,,,,,,,,,,Y,3,0,1,3,A,-,01,23152,A,N,C,E,A,A,H,-,C,A,0,,,,,Y,Y,A,01,0,1,0,0,0,0,0,0,0,"- ","- ",,,"SAN DIEGO","CHULA VISTA",-117.08597913,32.624256250000002
7104135,2015,2015-11-12,3702,2015-09-26,2048,CV1061,,6,5,6,3702,0,0,0,,0,022,"ORANGE AV","4TH AV",0.00,,Y,A,-,N,,,,,,,,,,Y,4,0,1,2,A,-,12,21453,A,N,D,C,A,A,H,-,C,A,0,,,,,Y,Y,A,01,0,0,1,0,0,0,0,0,0,"- ","- ",,,"SAN DIEGO","CHULA VISTA",-117.06920011,32.602280069999999
7105032,2015,2015-11-07,3706,2015-10-20,1918,ES0322,,2,5,6,3706,0,0,0,,0,051,"CENTRE CITY PKWY","CITRACADO PKWY",0.00,,Y,A,-,N,,,,,,,,,,N,4,0,1,2,A,-,01,23152,A,N,D,C,A,A,H,-,C,A,0,,,,,Y,Y,A,07,0,0,1,0,0,0,0,0,0,"- ","- ",,,"SAN DIEGO",ESCONDIDO,-117.07309011,33.090770059999997
7105506,2015,2015-10-28,3705,2015-09-11,1741,EC0295,,5,5,5,3705,0,0,0,,0,006,CUYAMACA,"SWIFT LN",120.00,N,N,A,-,N,,,,,,,,,,Y,3,0,1,1,A,-,01,23152,A,N,E,I,A,A,H,-,A,D,0,,,,,Y,Y,A,01,0,1,0,0,0,0,0,0,0,"- ","- ",,,"SAN DIEGO","EL CAJON",-116.97965000000001,32.817158650000003
7105510,2015,2015-10-28,3705,2015-09-21,1255,EC0278,,1,5,5,3705,0,0,0,,0,009,"E WASHINGTON",1ST,360.00,W,N,B,-,N,,,,,,,,,,Y,4,0,1,1,A,-,01,23152,A,N,E,I,A,A,H,-,A,D,0,,,,,Y,Y,A,01,0,0,1,0,0,0,0,0,0,"- ","- ",,,"SAN DIEGO","EL CAJON",-116.94577717999999,32.787640000000003