CASE_ID,ACCIDENT_YEAR,PROC_DATE,JURIS,COLLISION_DATE,COLLISION_TIME,OFFICER_ID,REPORTING_DISTRICT,DAY_OF_WEEK,CHP_SHIFT,POPULATION,CNTY_CITY_LOC,SPECIAL_COND,BEAT_TYPE,CHP_BEAT_TYPE,CITY_DIVISION_LAPD,CHP_BEAT_CLASS,BEAT_NUMBER,PRIMARY_RD,SECONDARY_RD,DISTANCE,DIRECTION,INTERSECTION,WEATHER_1,WEATHER_2,STATE_HWY_IND,CALTRANS_COUNTY,CALTRANS_DISTRICT,STATE_ROUTE,ROUTE_SUFFIX,POSTMILE_PREFIX,POSTMILE,LOCATION_TYPE,RAMP_INTERSECTION,SIDE_OF_HWY,TOW_AWAY,COLLISION_SEVERITY,NUMBER_KILLED,NUMBER_INJURED,PARTY_COUNT,PRIMARY_COLL_FACTOR,PCF_CODE_OF_VIOL,PCF_VIOL_CATEGORY,PCF_VIOLATION,PCF_VIOL_SUBSECTION,HIT_AND_RUN,TYPE_OF_COLLISION,MVIW,PED_ACTION,ROAD_SURFACE,ROAD_COND_1,ROAD_COND_2,LIGHTING,CONTROL_DEVICE,CHP_ROAD_TYPE,PEDESTRIAN_ACCIDENT,BICYCLE_ACCIDENT,MOTORCYCLE_ACCIDENT,TRUCK_ACCIDENT,NOT_PRIVATE_PROPERTY,ALCOHOL_INVOLVED,STWD_VEHTYPE_AT_FAULT,CHP_VEHTYPE_AT_FAULT,COUNT_SEVERE_INJ,COUNT_VISIBLE_INJ,COUNT_COMPLAINT_PAIN,COUNT_PED_KILLED,COUNT_PED_INJURED,COUNT_BICYCLIST_KILLED,COUNT_BICYCLIST_INJURED,COUNT_MC_KILLED,COUNT_MC_INJURED,PRIMARY_RAMP,SECONDARY_RAMP,LATITUDE,LONGITUDE,COUNTY,CITY,POINT_X,POINT_Y
8119234,2016,2017-01-24,3702,2016-07-02,0018,CV1111,,6,5,6,3702,0,0,0,,0,024,"EAST ORANGE AV","RT 805",0.00,,Y,A,-,Y,SD,11,805,-,-,4.602,R,4,S,Y,3,0,1,2,A,-,01,23152,A,N,B,C,A,A,H,-,C,A,0,,,,,Y,Y,A,01,0,1,0,0,0,0,0,0,0,"- ",SF,,,"SAN DIEGO","CHULA VISTA",-117.03650894,32.608451299999999
8119251,2016,2016-09-14,3700,2016-07-13,2052,SH7236,,3,5,5,3782,0,0,0,,0,214,"N COAST HWY 101","A ST",180.00,N,N,A,-,N,,,,,,,,,,N,4,0,1,2,A,-,11,21956,A,N,G,B,E,A,H,-,D,D,0,Y,,,,Y,Y,N,60,0,0,1,0,1,0,0,0,0,"- ","- ",,,"SAN DIEGO",ENCINITAS,-117.29446064,33.050422580000003
8119263,2016,2016-09-14,3700,2016-07-23,1843,SH7236,,6,5,5,3782,0,0,0,,0,214,"LEUCADIA BL","HYGEIA AV",15.00,W,N,A,-,N,,,,,,,,,,Y,3,0,1,2,A,-,01,23152,B,N,G,B,B,A,H,-,A,A,0,Y,,,,Y,Y,A,01,0,1,0,0,1,0,0,0,0,"- ","- ",,,"SAN DIEGO",ENCINITAS,-117.29847866,33.064933240000002
8119685,2016,2016-09-13,3702,2016-08-13,2015,CV0969,,6,5,6,3702,0,0,0,,0,021,"MAIN ST","HOLLISTER ST",400.00,E,N,A,-,N,,,,,,,,,,N,2,0,1,1,A,-,01,23152,A,M,E,I,A,A,H,-,C,A,0,,,,,Y,Y,A,01,1,0,0,0,0,0,0,0,0,"- ","- ",,,"SAN DIEGO","CHULA VISTA",-117.08282574,32.594835259999996
8119687,2016,2016-09-15,3702,2016-07-27,1800,CV0506,,3,5,6,3702,0,0,0,,0,021,"PALOMAR ST","5TH AV",0.00,,Y,A,-,N,,,,,,,,,,Y,4,0,1,2,A,-,01,23153,A,N,A,C,A,A,H,-,A,A,0,,,,,Y,Y,A,07,0,0,1,0,0,0,0,0,0,"- ","- ",,,"SAN DIEGO","CHULA VISTA",-117.07456012,32.604520049999998
8119707,2016,2016-09-15,3708,2016-07-23,2236,LM1158,,6,5,5,3708,0,0,0,,0,001,"70TH ST","TOWER ST",37.00,N,N,A,-,N,,,,,,,,,,N,4,0,4,2,A,-,01,23152,A,N,C,C,A,A,H,-,C,A,0,,,,,Y,Y,A,01,0,0,4,0,0,0,0,0,0,"- ","- ",,,"SAN DIEGO","LA MESA",-117.04682894,32.76335134
8119737,2016,2016-09-14,3702,2016-08-15,1645,CV1172,,1,5,6,3702,0,0,0,,0,024,"ENTERTAINMENT CIRCLE","HERITAGE RD",0.00,,Y,A,-,N,,,,,,,,,,Y,4,0,4,2,A,-,09,21801,A,N,D,C,A,A,H,-,A,A,0,,,,,Y,Y,A,01,0,0,4,0,0,0,0,0,0,"- ","- ",,,"SAN DIEGO","CHULA VISTA",-117.00423012,32.589780099999999
8120852,2016,2016-09-13,3701,2016-09-04,2043,5449,3701,7,5,5,3701,0,0,0,,0,003,"CARLSBAD VILLAGE DR","VALLEY ST",4.00,W,N,A,-,N,,,,,,,,,,N,3,0,2,2,A,-,01,23152,A,N,F,C,A,A,-,-,-,A,0,,,,,Y,Y,A,01,0,2,0,0,0,0,0,0,0,"- ","- ",33.167380000000001,-117.33566999999999,"SAN DIEGO",CARLSBAD,-117.33561075999999,33.167373820000002
8120856,2016,2016-09-13,3701,2016-09-03,1757,5455,69,6,5,5,3701,0,0,0,,0,006,"CARLSBAD BL","ISLAND WY",117.00,N,N,A,-,N,,,,,,,,,,Y,3,0,1,1,A,-,03,22350,,N,A,I,A,A,H,-,A,A,0,,,,,Y,Y,A,01,0,1,0,0,0,0,0,0,0,"- ","- ",33.112130000000001,-117.32253,"SAN DIEGO",CARLSBAD,-117.32281635,33.112002310000001
8121001,2016,2016-09-16,3706,2016-09-04,2210,499,ESCON,7,5,6,3706,0,0,0,,0,052,"6TH AV","JUNIPER ST",40.00,W,N,A,-,N,,,,,,,,,,Y,2,0,1,3,A,-,03,22350,,F,B,E,A,A,H,-,C,D,0,,,,Y,Y,Y,A,01,1,0,0,0,0,0,0,0,0,"- ","- ",,,"SAN DIEGO",ESCONDIDO,-117.07566193,33.118454040000003
8121168,2016,2016-09-23,3706,2016-09-03,2143,393,ESPD,6,5,6,3706,0,0,0,,0,052,"ESCONDIDO BL","5TH AV",0.00,,Y,A,-,N,,,,,,,,,,Y,4,0,2,2,A,-,01,23152,A,N,D,C,A,A,H,-,C,A,0,,,,,Y,Y,A,01,0,0,2,0,0,0,0,0,0,"- ","- ",,,"SAN DIEGO",ESCONDIDO,-117.08162007999999,33.11667001
8122129,2016,2016-09-15,3711,2016-08-28,0214,6292,,7,5,7,3711,0,0,0,,0,433,"60TH ST","TOOLEY ST",0.00,,Y,A,-,N,,,,,,,,,,Y,3,0,2,2,A,-,05,21460,,N,A,C,A,A,-,-,C,D,0,,,,,Y,Y,A,01,0,1,1,0,0,0,0,0,0,"- ","- ",,,"SAN DIEGO","SAN DIEGO",-117.06818007,32.723880010000002
8122189,2016,2016-11-16,3711,2016-09-01,1526,5418,3711,4,5,7,3711,0,0,0,,0,721,"PALM AV",GEORGIA/PALM,150.00,E,N,B,-,N,,,,,,,,,,Y,4,0,2,3,A,-,04,21703,,N,C,C,A,A,H,-,A,D,0,,,,,Y,Y,-,,0,0,2,0,0,0,0,0,0,"- ","- ",,,"SAN DIEGO","SAN DIEGO",-117.10392594,32.583798100000003
8122191,2016,2016-09-14,3711,2016-09-02,0130,7341,,5,5,7,3711,0,0,0,,0,122,"MISSION BAY DR","DAMON AV",0.00,,Y,A,-,N,,,,,,,,,,N,4,0,1,2,A,-,12,21453,A,M,G,B,B,A,H,-,C,A,0,Y,,,,Y,Y,-,,0,0,1,0,1,0,0,0,0,"- ","- ",,,"SAN DIEGO","SAN DIEGO",-117.21939007,32.807550040000002
8122211,2016,2016-09-19,3711,2016-09-04,0402,7485,,7,5,7,3711,0,0,0,,0,321,"REFLECTION DR","AMBROSIA DR",0.00,,Y,B,-,N,,,,,,,,,,N,4,0,1,2,D,-,00,,,M,G,B,B,A,H,-,C,D,0,Y,,,,Y,Y,-,"- ",0,0,1,0,1,0,0,0,0,"- ","- ",,,"SAN DIEGO","SAN DIEGO",-117.10930001,32.791760070000002
8122232,2016,2016-09-19,3711,2016-09-01,1650,5899,,4,5,7,3711,0,0,0,,0,821,"62ND ST","EL CAJON BL",90.00,S,N,A,-,N,,,,,,,,,,Y,3,0,1,2,A,-,03,22350,,N,C,C,A,A,H,-,A,A,0,,,,,Y,Y,-,,0,1,0,0,0,0,0,0,0,"- ","- ",,,"SAN DIEGO","SAN DIEGO",-117.06452367999999,32.762702070000003
8122236,2016,2016-09-19,3711,2016-09-05,1256,7200,,1,5,7,3711,0,0,0,,0,121,"MISSION BL","SANTA CLARA",75.00,S,N,A,-,N,,,,,,,,,,Y,4,0,1,3,A,-,03,22350,,M,C,C,A,A,H,-,A,A,0,,,,,Y,Y,-,,0,0,1,0,0,0,0,0,0,"- ","- ",,,"SAN DIEGO","SAN DIEGO",-117.25255292,32.782334609999999
8122296,2016,2016-09-14,3711,2016-09-03,0229,7428,SDPD,6,5,7,3711,0,0,0,,0,122,"GRAND AV","INGRAHAM ST",0.00,,Y,A,-,N,,,,,,,,,,N,2,0,1,2,A,-,11,21953,,N,G,B,B,A,H,-,C,A,0,Y,,Y,,Y,Y,N,60,1,0,0,0,1,0,0,0,0,"- ","- ",,,"SAN DIEGO","SAN DIEGO",-117.24028,32.797930030000003
8122304,2016,2016-09-14,3711,2016-09-02,1846,7048,,5,5,7,3711,0,0,0,,0,122,"THOMAS AV",MORRELL,0.00,,Y,A,-,N,,,,,,,,,,Y,3,0,2,3,A,-,12,22450,A,N,D,C,A,A,H,-,A,A,0,,,,,Y,Y,-,,0,2,0,0,0,0,0,0,0,"- ","- ",,,"SAN DIEGO","SAN DIEGO",-117.23261008,32.798440079999999
8122380,2016,2016-09-20,3700,2016-07-08,0330,SH7085,,5,5,5,3713,0,0,0,,0,305,"BOBLINK DR","EAST DR",330.00,N,N,A,-,N,,,,,,,,,,N,3,0,1,2,A,-,01,23152,A,M,E,E,A,A,H,-,C,D,0,,,,,Y,Y,A,01,0,1,0,0,0,0,0,0,0,"- ","- ",,,"SAN DIEGO",VISTA,-117.25222432,33.215660849999999
8123781,2016,2016-09-19,3703,2016-08-23,0720,1270,,2,5,3,3703,0,0,0,,0,002,"D AV","8TH ST",0.00,,Y,A,-,N,,,,,,,,,,N,3,0,1,2,A,-,12,22450,A,N,B,G,A,A,H,-,A,A,0,,Y,,,Y,Y,L,04,0,1,0,0,0,0,1,0,0,"- ","- ",,,"SAN DIEGO",CORONADO,-117.17937010999999,32.689250090000002
8124034,2016,2016-10-20,3705,2016-08-11,2332,EC0324,,4,5,5,3705,0,0,0,,0,009,JAMACHA,"E LEXINGTON",184.00,N,N,A,-,N,,,,,,,,,,Y,3,0,1,4,A,-,01,23152,B,N,B,E,A,A,H,-,C,D,0,,,,,Y,Y,D,22,0,1,0,0,0,0,0,0,0,"- ","- ",,,"SAN DIEGO","EL CAJON",-116.93404529,32.792863369999999
8124479,2016,2016-09-26,3711,2016-09-09,1755,6818,,5,5,7,3711,0,0,0,,0,437,"PARADISE VALLEY RD","PARKWOOD DR",0.00,,Y,A,-,N,,,,,,,,,,Y,3,0,2,2,A,-,09,21801,A,N,A,C,A,A,H,-,A,D,0,,,,,Y,Y,-,,0,2,0,0,0,0,0,0,0,"- ","- ",,,"SAN DIEGO","SAN DIEGO",-117.03306004,32.693200009999998
8124900,2016,2016-09-21,3711,2016-09-06,0200,8181,,2,5,7,3711,0,0,0,,0,315,"CAM DE LA REINA","MISSION CENTER RD",17.00,W,N,B,-,N,,,,,,,,,,Y,3,0,2,1,A,-,03,22350,,N,E,I,A,A,H,-,C,A,0,,,,,Y,Y,-,,0,2,0,0,0,0,0,0,0,"- ","- ",,,"SAN DIEGO","SAN DIEGO",-117.15391964,32.768141919999998
8124936,2016,2016-09-21,3711,2016-09-11,0119,7479,,7,5,7,3711,0,0,0,,0,826,"EL CAJON BL","WINONA AV",0.00,,Y,A,-,N,,,,,,,,,,Y,4,0,1,2,A,-,12,21453,A,M,D,C,A,A,H,-,C,A,0,,,,,Y,Y,-,,0,0,1,0,0,0,0,0,0,"- ","- ",,,"SAN DIEGO","SAN DIEGO",-117.08789007999999,32.756650090000001
8124940,2016,2016-09-21,3711,2016-09-09,0140,4576,,5,5,7,3711,0,0,0,,0,323,"CYPRESS POINT RD","RIDGE MANOR AV",84.00,S,N,A,-,N,,,,,,,,,,Y,3,0,2,1,A,-,08,22107,,N,F,A,A,A,H,-,C,D,0,,,,,Y,Y,A,07,0,2,0,0,0,0,0,0,0,"- ","- ",,,"SAN DIEGO","SAN DIEGO",-117.05669678,32.791789250000001
8124981,2016,2016-09-21,3711,2016-09-09,2240,4576,,5,5,7,3711,0,0,0,,0,313,"SHAWLINE ST","CLAIREMONT MESA BL",128.00,N,N,A,-,N,,,,,,,,,,N,4,0,1,2,A,-,09,21804,A,M,D,G,A,A,H,-,C,D,0,,Y,,,Y,Y,-,99,0,0,1,0,0,0,1,0,0,"- ","- ",,,"SAN DIEGO","SAN DIEGO",-117.16383521,32.833000609999999
8124985,2016,2016-09-21,3711,2016-09-09,2045,7334,,5,5,7,3711,0,0,0,,0,122,"NOYES ST","GARNET AV",5.00,N,N,A,-,N,,,,,,,,,,Y,3,0,1,3,A,-,03,22350,,N,D,E,A,A,H,-,C,D,0,,,,,Y,Y,A,01,0,1,0,0,0,0,0,0,0,"- ","- ",,,"SAN DIEGO","SAN DIEGO",-117.23169426,32.801823220000003
8124986,2016,2016-09-21,3711,2016-09-10,2035,4884,SDPD,6,5,7,3711,0,0,0,,0,233,"CARMEL MOUNTAIN RD","CUCA ST",9.00,W,N,A,-,N,,,,,,,,,,Y,4,0,2,2,A,-,09,21453,C,M,D,C,A,A,H,-,C,A,0,,,,,Y,Y,A,01,0,0,2,0,0,0,0,0,0,"- ","- ",,,"SAN DIEGO","SAN DIEGO",-117.0955309,32.96982276
8125030,2016,2016-09-21,3711,2016-09-08,1425,7417,,4,5,7,3711,0,0,0,,0,443,"ETA ST","S 40TH ST",25.00,E,N,A,-,N,,,,,,,,,,N,4,0,3,4,A,-,21,22106,,M,A,B,E,A,H,-,A,D,0,Y,,,,Y,Y,-,,0,0,3,0,3,0,0,0,0,"- ","- ",,,"SAN DIEGO","SAN DIEGO",-117.10793903,32.686640769999997
8125038,2016,2016-09-21,3711,2016-09-09,2320,7478,,5,5,7,3711,0,0,0,,0,614,"CABLE ST","SARATOGA  AV",0.00,,Y,A,-,N,,,,,,,,,,N,3,0,2,3,A,-,11,21950,B,N,G,B,B,A,H,-,C,D,0,Y,,,,Y,Y,-,,0,1,1,0,2,0,0,0,0,"- ","- ",,,"SAN DIEGO","SAN DIEGO",-117.24787009000001,32.747490120000002
8125443,2016,2017-02-18,3710,2016-09-24,0117,OC1415,,6,5,6,3710,0,0,0,,0,010,"RT 76","BENET RD",800.00,W,N,A,-,Y,SD,11,76,-,R,1.620,H,-,E,Y,4,0,1,2,A,-,01,23152,A,F,C,C,A,A,H,-,C,B,0,,,,Y,Y,Y,A,01,0,0,1,0,0,0,0,0,0,"- ","- ",,,"SAN DIEGO",OCEANSIDE,-117.35977330999999,33.214090540000001
8126029,2016,2016-09-22,3711,2016-09-10,0030,5611,,6,5,7,3711,0,0,0,,0,242,"MAYA LINDA RD","MESA SPRINGS WY",7.00,W,N,B,-,N,,,,,,,,,,Y,3,0,1,6,A,-,08,22107,,N,H,E,A,A,H,-,C,D,0,,,,,Y,Y,A,08,0,1,0,0,0,0,0,0,0,"- ","- ",,,"SAN DIEGO","SAN DIEGO",-117.11855481000001,32.901621259999999
8126415,2016,2016-09-22,3710,2016-09-09,1950,OC1417,,5,5,6,3710,0,0,0,,0,018,"NORTH RIVER RD","SOUTH REDONDO",27.00,S,N,A,-,N,,,,,,,,,,Y,4,0,1,2,A,-,01,23153,A,N,C,C,A,A,H,-,C,A,0,,,,,Y,Y,I,11,0,0,1,0,0,0,0,0,0,"- ","- ",,,"SAN DIEGO",OCEANSIDE,-117.30124379999999,33.249251450000003
8127968,2016,2016-10-03,3710,2016-09-01,0249,0C1177,,4,5,6,3710,0,0,0,,0,007,MISSOURI,CLEMENTINE,10.00,E,N,A,-,N,,,,,,,,,,Y,3,0,1,1,A,-,01,23152,A,N,E,I,A,A,H,-,C,D,0,,,Y,,Y,Y,C,02,0,1,0,0,0,0,0,0,1,"- ","- ",,,"SAN DIEGO",OCEANSIDE,-117.37282325,33.193695660000003
8128521,2016,2016-09-26,3706,2016-09-19,1745,494,ESCON,1,5,6,3706,0,0,0,,0,044,"LINCOLN AV","ASH ST",0.00,,Y,A,-,N,,,,,,,,,,Y,4,0,1,2,A,-,01,23152,A,F,B,C,A,A,H,-,A,A,0,,,,,Y,Y,A,08,0,0,1,0,0,0,0,0,0,"- ","- ",33.139060000000001,-117.07295999999999,"SAN DIEGO",ESCONDIDO,-117.07293013,33.139050109999999
8128545,2016,2017-02-18,3706,2016-09-17,2120,466,ESCON,6,5,6,3706,0,0,0,,0,055,"9TH AV","RT 15",25.00,E,N,A,-,Y,SD,11,15,-,R,29.918,R,4,S,Y,3,0,1,1,A,-,01,23152,A,N,E,I,A,A,H,-,C,D,0,,,,,Y,Y,A,01,0,1,0,0,0,0,0,0,0,"- ",SO,33.108539999999998,-117.09482,"SAN DIEGO",ESCONDIDO,-117.09367251,33.106051399999998
8128602,2016,2017-01-31,3701,2016-09-10,2051,5482,01,6,5,5,3701,0,0,0,,0,001,"CARLSBAD BL","SYCAMORE AV",16.00,S,N,A,-,N,,,,,,,,,,Y,4,0,2,2,A,-,03,22350,,N,C,C,A,A,H,-,C,A,0,,,,,Y,Y,D,22,0,0,2,0,0,0,0,0,0,"- ","- ",33.157290000000003,-117.34966,"SAN DIEGO",CARLSBAD,-117.34971294,33.153252530000003
8129073,2016,2016-09-26,3711,2016-09-13,1415,6542,,2,5,7,3711,0,0,0,,0,437,"CASEY ST",ATTLEBOROUGH,150.00,S,N,A,-,N,,,,,,,,,,N,3,0,1,2,A,-,11,21954,A,N,G,B,D,A,-,-,A,D,0,Y,,,,Y,Y,N,60,0,1,0,0,1,0,0,0,0,"- ","- ",,,"SAN DIEGO","SAN DIEGO",-117.03863353,32.68093081
8129077,2016,2016-09-26,3711,2016-09-14,1954,6532,,3,5,7,3711,0,0,0,,0,613,"VOLTAIRE ST","CATALINA BL",347.00,E,N,A,-,N,,,,,,,,,,Y,3,0,1,2,A,-,08,22107,,N,C,E,A,A,H,-,C,D,0,,,,,Y,Y,-,,0,1,0,0,0,0,0,0,0,"- ","- ",,,"SAN DIEGO","SAN DIEGO",-117.23391393999999,32.743155289999997
8129115,2016,2017-01-21,3710,2016-08-25,1430,OC1274,,4,5,6,3710,0,0,0,,0,033,"RT 76","OLD GROVE RD",65.00,W,N,A,-,Y,SD,11,76,-,R,4.890,H,-,E,Y,4,0,2,2,A,-,01,23152,A,N,C,C,A,A,H,-,A,A,0,,,,,Y,Y,A,01,0,0,2,0,0,0,0,0,0,"- ","- ",,,"SAN DIEGO",OCEANSIDE,-117.30810343,33.232709300000003
8129135,2016,2017-02-18,3710,2016-09-10,2350,OC1426,,6,5,6,3710,0,0,0,,0,013,"JEFFERSON ST","RT 78",0.00,,Y,A,-,Y,SD,11,78,-,-,0.885,R,4,W,Y,4,0,2,2,A,-,01,23153,A,F,F,C,A,A,H,-,C,A,0,,,,,Y,Y,A,01,0,0,2,0,0,0,0,0,0,"- ",WF,,,"SAN DIEGO",OCEANSIDE,-117.33744023,33.181240719999998
8129707,2016,2016-11-16,3700,2016-09-07,1708,SH0021,,3,5,5,3713,0,0,0,,0,314,"SOUTH SANTA FE AV","MONTE VISTA DR",40.00,W,N,A,-,N,,,,,,,,,,Y,4,0,2,3,A,-,01,23152,B,N,C,C,A,A,H,-,-,A,0,,,,,Y,Y,D,22,0,0,2,0,0,0,0,0,0,"- ","- ",,,"SAN DIEGO",VISTA,-117.22722168,33.190115390000003
8129810,2016,2016-09-26,3710,2016-09-18,1919,OC1398,,7,5,6,3710,0,0,0,,0,028,"COLLEGE BL","AVENIDA DE LA PLATA",7.00,N,N,A,-,N,,,,,,,,,,Y,3,0,1,2,A,-,01,23153,A,N,C,C,A,A,H,-,C,A,0,,,,,Y,Y,A,01,0,1,0,0,0,0,0,0,0,"- ","- ",,,"SAN DIEGO",OCEANSIDE,-117.28684616,33.213028469999998
8130066,2016,2016-09-26,3700,2016-09-02,1928,SH3183,,5,5,5,3713,0,0,0,,0,308,"NORTH EMERALD DR","THOMAS ST",9.00,E,N,A,-,N,,,,,,,,,,Y,3,0,2,2,A,-,01,23152,A,N,D,C,A,A,H,-,B,D,0,,,,,Y,Y,A,01,0,2,0,0,0,0,0,0,0,"- ","- ",,,"SAN DIEGO",VISTA,-117.27948000000001,33.197130000000001
8130740,2016,2016-09-28,3700,2016-09-17,1935,SH2619,,6,5,5,3712,0,0,0,,0,355,"SOUTH RANCHO SANTA FE RD","LA MIRADA",231.00,S,N,A,-,N,,,,,,,,,,Y,3,0,1,1,A,-,01,23152,A,N,E,I,A,A,H,-,C,D,0,,,,,Y,Y,D,22,0,1,0,0,0,0,0,0,0,"- ","- ",,,"SAN DIEGO","SAN MARCOS",-117.20218251,33.142600620000003
8130910,2016,2016-09-28,3700,2016-08-21,2357,SH2558,,7,5,5,3712,0,0,0,,0,349,"SAN ELIJO RD","ECLIPSE DR",0.00,,Y,A,-,N,,,,,,,,,,Y,3,0,1,1,A,-,01,23152,A,N,F,I,A,A,H,-,D,D,0,,,,,Y,Y,A,01,0,1,0,0,0,0,0,0,0,"- ","- ",,,"SAN DIEGO","SAN MARCOS",-117.18133011,33.102090080000004
8130917,2016,2016-09-29,3711,2016-09-16,1748,6203,,5,5,7,3711,0,0,0,,0,837,"FAIRMOUNT AV","44TH ST",57.00,N,N,-,-,N,,,,,,,,,,Y,4,0,2,3,A,-,08,22107,,N,C,E,A,A,H,-,A,D,0,,,,,Y,Y,A,01,0,0,2,0,0,0,0,0,0,"- ","- ",,,"SAN DIEGO","SAN DIEGO",-117.10072807,32.729901499999997
8130929,2016,2016-09-29,3711,2016-09-19,2127,4421,,1,5,7,3711,0,0,0,,0,934,"VISTA SORRENTO PKWY","OCEAN BLUFF AV",24.00,N,N,A,-,N,,,,,,,,,,N,4,0,1,2,A,-,03,22350,,N,C,C,A,A,H,-,C,A,0,,,,,Y,Y,-,,0,0,1,0,0,0,0,0,0,"- ","- ",,,"SAN DIEGO","SAN DIEGO",-117.22958531,32.917645630000003
8131211,2016,2016-09-29,3711,2016-09-18,1924,4759,,7,5,7,3711,0,0,0,,0,,"MISSION BL","THOMAS AV",10.00,N,N,B,-,N,,,,,,,,,,N,4,0,1,2,A,-,10,21950,A,M,D,B,B,A,H,-,C,D,0,Y,,,,Y,Y,-,,0,0,1,0,1,0,0,0,0,"- ","- ",,,"SAN DIEGO","SAN DIEGO",-117.25459824000001,32.793656499999997
8131215,2016,2016-09-29,3711,2016-09-20,2128,4310,,2,5,7,3711,0,0,0,,0,116,"CHEYENNE AV","DAKOTA DR",80.00,S,N,B,-,N,,,,,,,,,,Y,3,0,1,2,A,-,08,22107,,N,C,E,A,B,H,-,C,D,0,,,,,Y,Y,A,01,0,1,0,0,0,0,0,0,0,"- ","- ",,,"SAN DIEGO","SAN DIEGO",-117.20002588,32.802184599999997
8131218,2016,2017-02-18,3711,2016-09-17,2340,5315,,6,5,7,3711,0,0,0,,0,623,"HOTEL CIRCLE SOUTH","RT 8",15.00,E,N,B,-,Y,SD,11,8,-,-,1.962,R,4,E,N,4,0,2,2,A,-,03,22350,,N,C,C,A,A,H,-,C,D,0,,,,,Y,Y,-,,0,0,2,0,0,0,0,0,0,"- ",EO,,,"SAN DIEGO","SAN DIEGO",-117.17100493,32.760149319999996
8131222,2016,2016-09-28,3711,2016-09-17,2126,6372,,6,5,7,3711,0,0,0,,0,241,"10000 SCRIPPS RANCH CT","SCRIPPS RANCH",7.00,W,N,A,-,N,,,,,,,,,,Y,3,0,1,1,A,-,03,22350,,N,A,J,A,A,H,-,C,D,0,,,,,Y,Y,A,01,0,1,0,0,0,0,0,0,0,"- ","- ",,,"SAN DIEGO","SAN DIEGO",-117.11105000000001,32.905740000000002
8131279,2016,2016-09-28,3711,2016-09-18,1455,4617,,7,5,7,3711,0,0,0,,0,241,"HIBERT ST","TREENA ST",65.00,N,N,A,-,N,,,,,,,,,,N,3,0,1,2,A,-,03,22350,,N,D,G,A,A,H,-,A,D,0,,Y,,,Y,Y,L,04,0,1,0,0,0,0,1,0,0,"- ","- ",,,"SAN DIEGO","SAN DIEGO",-117.11388438,32.914018009999999
8131296,2016,2016-09-29,3711,2016-09-19,0810,7008,"SAN D",1,5,7,3711,0,0,0,,0,834,"FAIRMOUNT AV","DWIGHT ST",99.00,S,N,B,-,N,,,,,,,,,,N,4,0,1,3,A,-,04,21703,,M,C,D,A,A,H,-,A,A,0,,,,,Y,Y,-,,0,0,1,0,0,0,0,0,0,"- ","- ",,,"SAN DIEGO","SAN DIEGO",-117.10098201,32.743738829999998
8131435,2016,2016-11-16,3711,2016-08-28,0150,5865,,7,5,7,3711,0,0,0,,0,433,"AKINS AV","FERGUS ST",0.00,E,N,A,-,N,,,,,,,,,,Y,3,0,1,1,A,-,08,22107,,M,-,I,A,A,H,-,D,D,0,,,,,Y,Y,A,07,0,1,0,0,0,0,0,0,0,"- ","- ",,,"SAN DIEGO","SAN DIEGO",-117.06545,32.709990019999999
8131923,2016,2016-09-29,3702,2016-07-23,0237,CV1122,,6,5,6,3702,0,0,0,,0,031,"EAST H ST","DEL REY BL",342.00,E,N,A,-,N,,,,,,,,,,Y,4,0,1,2,A,-,01,23152,A,N,B,C,A,A,H,-,C,B,0,,,,,Y,Y,A,01,0,0,1,0,0,0,0,0,0,"- ","- ",,,"SAN DIEGO","CHULA VISTA",-117.03435248,32.637435189999998
8132289,2016,2016-10-04,3710,2016-09-25,1456,OC0828,,7,5,6,3710,0,0,0,,0,009,"S COAST",WHALEY,216.00,N,N,A,-,N,,,,,,,,,,Y,4,0,1,2,A,-,01,23152,A,N,C,C,A,A,H,-,A,A,0,,,,,Y,Y,A,07,0,0,1,0,0,0,0,0,0,"- ","- ",,,"SAN DIEGO",OCEANSIDE,-117.36397605000001,33.177323399999999
8132305,2016,2016-10-04,3710,2016-09-21,1644,OC1413,,3,5,6,3710,0,0,0,,0,027,"COLLEGE BL","OCEANSIDE BL",7.00,N,N,A,-,N,,,,,,,,,,Y,4,0,1,2,A,-,03,22350,,N,C,C,A,A,H,-,A,D,0,,,,,Y,Y,-,,0,0,1,0,0,0,0,0,0,"- ","- ",,,"SAN DIEGO",OCEANSIDE,-117.28505928,33.207319169999998
8132313,2016,2016-10-04,3709,2016-09-25,2035,474,3709,7,5,5,3709,0,0,0,,0,020,"NATIONAL CITY BL","EAST 18TH ST",0.00,,Y,A,-,N,,,,,,,,,,Y,4,0,1,3,A,-,01,23152,A,N,D,C,A,A,H,-,C,A,0,,,,,Y,Y,A,01,0,0,1,0,0,0,0,0,0,"- ","- ",,,"SAN DIEGO","NATIONAL CITY",-117.10356007999999,32.667190040000001
8132324,2016,2016-10-04,3711,2016-09-23,2355,6576,MIDCI,5,5,7,3711,0,0,0,,0,825,"CAMINO DEL RIO S",FAIRMOUNT,15.00,W,N,A,-,N,,,,,,,,,,Y,4,0,1,1,A,-,03,22350,,N,E,I,A,A,-,-,C,A,0,,,,,Y,Y,-,,0,0,1,0,0,0,0,0,0,"- ","- ",,,"SAN DIEGO","SAN DIEGO",-117.09953,32.776179999999997
8132386,2016,2016-10-04,3711,2016-09-21,0051,5762,,3,5,7,3711,0,0,0,,0,326,"COLLEGE AV","MONTEZUMA RD",0.00,,Y,C,-,N,,,,,,,,,,Y,4,0,1,2,A,-,04,21703,,N,-,C,A,B,H,-,C,A,0,,,,,Y,Y,-,,0,0,1,0,0,0,0,0,0,"- ","- ",,,"SAN DIEGO","SAN DIEGO",-117.06981001,32.770710080000001
8132390,2016,2016-10-04,3711,2016-09-21,0052,5762,,3,5,7,3711,0,0,0,,0,326,"CAMPANILE DR","HARDY AV",0.00,,Y,C,-,N,,,,,,,,,,Y,4,0,1,1,A,-,17,21461,A,N,E,I,A,B,H,-,C,A,0,,,,,Y,Y,-,,0,0,1,0,0,0,0,0,0,"- ","- ",,,"SAN DIEGO","SAN DIEGO",-117.07190004,32.772600009999998