CASE_ID,ACCIDENT_YEAR,PROC_DATE,JURIS,COLLISION_DATE,COLLISION_TIME,OFFICER_ID,REPORTING_DISTRICT,DAY_OF_WEEK,CHP_SHIFT,POPULATION,CNTY_CITY_LOC,SPECIAL_COND,BEAT_TYPE,CHP_BEAT_TYPE,CITY_DIVISION_LAPD,CHP_BEAT_CLASS,BEAT_NUMBER,PRIMARY_RD,SECONDARY_RD,DISTANCE,DIRECTION,INTERSECTION,WEATHER_1,WEATHER_2,STATE_HWY_IND,CALTRANS_COUNTY,CALTRANS_DISTRICT,STATE_ROUTE,ROUTE_SUFFIX,POSTMILE_PREFIX,POSTMILE,LOCATION_TYPE,RAMP_INTERSECTION,SIDE_OF_HWY,TOW_AWAY,COLLISION_SEVERITY,NUMBER_KILLED,NUMBER_INJURED,PARTY_COUNT,PRIMARY_COLL_FACTOR,PCF_CODE_OF_VIOL,PCF_VIOL_CATEGORY,PCF_VIOLATION,PCF_VIOL_SUBSECTION,HIT_AND_RUN,TYPE_OF_COLLISION,MVIW,PED_ACTION,ROAD_SURFACE,ROAD_COND_1,ROAD_COND_2,LIGHTING,CONTROL_DEVICE,CHP_ROAD_TYPE,PEDESTRIAN_ACCIDENT,BICYCLE_ACCIDENT,MOTORCYCLE_ACCIDENT,TRUCK_ACCIDENT,NOT_PRIVATE_PROPERTY,ALCOHOL_INVOLVED,STWD_VEHTYPE_AT_FAULT,CHP_VEHTYPE_AT_FAULT,COUNT_SEVERE_INJ,COUNT_VISIBLE_INJ,COUNT_COMPLAINT_PAIN,COUNT_PED_KILLED,COUNT_PED_INJURED,COUNT_BICYCLIST_KILLED,COUNT_BICYCLIST_INJURED,COUNT_MC_KILLED,COUNT_MC_INJURED,PRIMARY_RAMP,SECONDARY_RAMP,LATITUDE,LONGITUDE,COUNTY,CITY,POINT_X,POINT_Y
8474121,2017,2017-10-21,3711,2017-10-07,1237,6293,,6,5,7,3711,0,0,0,,0,122,"JEWELL ST","DIAMOND ST",48.00,S,N,A,-,N,,,,,,,,,,N,4,0,2,2,A,-,03,22350,,N,-,C,A,A,H,-,A,A,0,,,,,Y,Y,A,01,0,0,2,0,0,0,0,0,0,"- ","- ",,,"SAN DIEGO","SAN DIEGO",-117.23981161,32.802832559999999
8474589,2017,2017-11-07,3711,2017-10-01,1723,5988,,7,5,7,3711,0,0,0,,0,242,"CAMINO RUIZ","CAMINO RUIZ 10500",0.00,,N,A,-,N,,,,,,,,,,N,4,0,1,2,A,-,03,22350,,N,C,C,A,A,H,-,A,A,0,,,,,Y,Y,-,,0,0,1,0,0,0,0,0,0,"- ","- ",,,"SAN DIEGO","SAN DIEGO",-117.14530705999999,32.908176490000002
8474910,2017,2017-11-15,3706,2017-10-11,0646,453,ESCOD,3,5,6,3706,0,0,0,,0,046,"WASHINGTON AV","WEATHERBY AV",0.00,,Y,A,-,N,,,,,,,,,,Y,4,0,1,2,A,-,01,23152,A,N,D,C,A,A,H,-,A,D,0,,,,,Y,Y,A,01,0,0,1,0,0,0,0,0,0,"- ","- ",33.145069999999997,-117.04974,"SAN DIEGO",ESCONDIDO,-117.05219006,33.142920109999999
8475320,2017,2017-11-20,3703,2017-10-20,0033,1335,,5,5,3,3703,0,0,0,,0,002,"ORANGE AV","7TH ST",116.00,S,N,A,-,N,,,,,,,,,,Y,3,0,1,2,A,-,01,23152,A,N,C,E,A,A,H,-,C,D,0,,,,,Y,Y,A,01,0,1,0,0,0,0,0,0,0,"- ","- ",,,"SAN DIEGO",CORONADO,-117.17761702999999,32.689925340000002
8475616,2017,2018-06-26,3711,2017-10-28,2218,7298,SANDI,6,5,7,3711,0,0,0,,0,115,"GENESEE AV","RT 5",0.00,,Y,A,-,Y,SD,11,5,-,R,29.632,R,4,S,Y,3,0,1,1,A,-,03,22350,,N,E,I,A,A,D,-,C,A,0,,,,,Y,Y,A,01,0,1,0,0,0,0,0,0,0,"- ",SO,,,"SAN DIEGO","SAN DIEGO",-117.22764788000001,32.889583829999999
8475648,2017,2017-12-02,3711,2017-10-27,1920,7649,,5,5,7,3711,0,0,0,,0,515,"28TH ST","K ST",0.00,,Y,A,-,N,,,,,,,,,,Y,4,0,2,2,A,-,03,22350,,N,C,C,A,A,H,-,C,A,0,,,,,Y,Y,A,01,0,0,2,0,0,0,0,0,0,"- ","- ",32.708880000000001,-117.13367,"SAN DIEGO","SAN DIEGO",-117.13386011999999,32.708460080000002
8475701,2017,2017-12-02,3710,2017-11-05,2115,OC1435,035,7,5,6,3710,0,0,0,,0,009,"NORTH SANTA FE RD","CHAMPLAIN ST",643.00,N,N,A,-,N,,,,,,,,,,Y,3,0,1,1,A,-,01,23152,A,N,H,J,A,A,H,-,C,A,0,,,,,Y,Y,A,01,0,1,0,0,0,0,0,0,0,"- ","- ",,,"SAN DIEGO",OCEANSIDE,-117.27279119000001,33.240186919999999
8475927,2017,2017-10-26,3711,2017-10-12,2331,7516,"SAN D",4,5,7,3711,0,0,0,,0,521,"MARKET ST","6TH ST",18.00,S,N,A,-,N,,,,,,,,,,N,4,0,1,2,A,-,03,22350,,M,G,B,B,A,H,-,C,A,0,Y,,,,Y,Y,-,99,0,0,1,0,1,0,0,0,0,"- ","- ",,,"SAN DIEGO","SAN DIEGO",-117.15927000000001,32.711509999999997
8475949,2017,2017-10-25,3701,2017-09-26,1747,CB5483,,2,5,5,3701,0,0,0,,0,002,"CARLSBAD BL","CEREZO DR",0.00,,Y,A,-,N,,,,,,,,,,Y,4,0,1,2,A,-,01,23152,G,N,C,C,A,A,H,-,A,A,0,,,,,Y,Y,A,07,0,0,1,0,0,0,0,0,0,"- ","- ",,,"SAN DIEGO",CARLSBAD,-117.33270004000001,33.128550109999999
8476049,2017,2017-10-26,3710,2017-10-11,2045,OC1363,002,3,5,6,3710,0,0,0,,0,007,"MISSION AV","PIRATES COVE WY",108.00,W,N,B,-,N,,,,,,,,,,Y,3,0,1,1,A,-,01,23152,A,N,E,I,A,A,H,-,C,D,0,,,,,Y,Y,A,01,0,1,0,0,0,0,0,0,0,"- ","- ",33.199260000000002,-117.37371,"SAN DIEGO",OCEANSIDE,-117.3739544,33.199245099999999
8476352,2017,2017-10-25,3711,2017-09-30,2329,7431,"SAN D",6,5,7,3711,0,0,0,,0,315,"FRIARS RD","FRIARS RD 9600",0.00,,N,A,-,N,,,,,,,,,,Y,4,0,3,3,A,-,03,22350,,N,C,C,A,A,H,-,C,A,0,,,,,Y,Y,-,,0,0,3,0,0,0,0,0,0,"- ","- ",32.787500000000001,-117.11799999999999,"SAN DIEGO","SAN DIEGO",-117.11719751,32.787566159999997
8476441,2017,2017-10-27,3711,2017-10-14,1716,6252,,6,5,7,3711,0,0,0,,0,611,"PACIFIC HWY","ENTERPRISE ST",10.00,N,N,A,-,N,,,,,,,,,,Y,4,0,1,1,A,-,08,22107,,N,E,I,A,A,H,-,A,A,0,,,,,Y,Y,A,07,0,0,1,0,0,0,0,0,0,"- ","- ",,,"SAN DIEGO","SAN DIEGO",-117.19769531,32.747097119999999
8476646,2017,2017-10-25,3706,2017-10-14,0045,493,ESCON,6,5,6,3706,0,0,0,,0,044,"ASH ST","MISSION AV",0.00,,Y,A,-,N,,,,,,,,,,Y,4,0,1,2,A,-,01,23152,A,N,D,D,A,A,H,-,C,A,0,,,,Y,Y,Y,F,26,0,0,1,0,0,0,0,0,0,"- ","- ",33.13608,-117.0705,"SAN DIEGO",ESCONDIDO,-117.07046010000001,33.136090039999999
8478501,2017,2017-11-09,3711,2017-10-15,0015,6854,,7,5,7,3711,0,0,0,,0,811,"34TH ST","34TH ST 4500",0.00,,N,A,-,N,,,,,,,,,,Y,3,0,2,4,A,-,08,22107,,N,C,E,A,A,H,-,C,D,0,,,,,Y,Y,-,,0,1,1,0,0,0,0,0,0,"- ","- ",,,"SAN DIEGO","SAN DIEGO",-117.12066829,32.75910339
8479056,2017,2017-10-31,3700,2017-09-24,0219,SH7341,,7,5,4,3780,0,0,0,,0,415,"COMMUNITY RD","POWAY RD",162.00,N,N,A,-,N,,,,,,,,,,Y,3,0,2,1,A,-,01,23153,A,N,F,I,A,A,H,-,C,D,0,,,,,Y,Y,A,07,0,2,0,0,0,0,0,0,0,"- ","- ",,,"SAN DIEGO",POWAY,-117.04078618,32.956823219999997
8479341,2017,2017-12-07,3711,2017-10-14,1930,7659,,6,5,7,3711,0,0,0,,0,451,"54TH ST","WESTOVER PL",198.00,N,N,A,-,N,,,,,,,,,,N,4,0,1,2,A,-,11,21954,A,N,G,B,E,A,H,-,C,D,0,Y,,,,Y,Y,N,60,0,0,1,0,1,0,0,0,0,"- ","- ",,,"SAN DIEGO","SAN DIEGO",-117.08362022999999,32.725260800000001
8479357,2017,2017-10-30,3711,2017-10-18,0350,5762,,3,5,7,3711,0,0,0,,0,321,"CAMINO DEL RIO N","WARD RD",528.00,E,N,A,-,N,,,,,,,,,,Y,4,0,1,1,A,-,08,22107,,N,E,I,A,A,H,-,D,D,0,,,,,Y,Y,-,,0,0,1,0,0,0,0,0,0,"- ","- ",,,"SAN DIEGO","SAN DIEGO",-117.10873031,32.779772850000001
8479477,2017,2017-10-31,3705,2017-10-15,0529,EC03404,,7,5,5,3705,0,0,0,,0,009,"E WASHINGTON AV","S 3RD AV",19.00,W,N,A,-,N,,,,,,,,,,Y,3,0,1,1,A,-,01,23152,A,N,E,I,A,A,H,-,C,A,0,,,,,Y,Y,A,01,0,1,0,0,0,0,0,0,0,"- ","- ",,,"SAN DIEGO","EL CAJON",-116.92706658,32.787530580000002
8479944,2017,2017-11-01,3710,2017-10-15,1800,OC1063,016,7,5,6,3710,0,0,0,,0,008,"DOUGLAS DR","OLD RIVER ST",0.00,,Y,A,-,N,,,,,,,,,,Y,4,0,1,3,A,-,03,22350,,F,C,C,A,A,H,-,A,A,0,,,,,Y,Y,A,01,0,0,1,0,0,0,0,0,0,"- ","- ",33.241750000000003,-117.32253,"SAN DIEGO",OCEANSIDE,-117.32261010000001,33.241730089999997
8479960,2017,2017-11-01,3706,2017-10-17,1537,322,ESCON,2,5,6,3706,0,0,0,,0,055,"9TH AV","TULIP ST",0.00,,Y,A,-,N,,,,,,,,,,Y,3,0,2,2,A,-,01,23152,A,F,D,C,A,A,H,-,A,A,0,,,,,Y,Y,A,07,0,1,1,0,0,0,0,0,0,"- ","- ",,,"SAN DIEGO",ESCONDIDO,-117.08715013,33.109070119999998
8479977,2017,2017-11-02,3700,2017-09-29,0103,SH1725,,5,5,5,3712,0,0,0,,0,353,"BORDEN RD","ROSE RANCH RD",0.00,,Y,A,-,N,,,,,,,,,,Y,3,0,1,1,A,-,01,23152,A,N,E,I,A,A,H,-,C,A,0,,,,,Y,Y,A,01,0,1,0,0,0,0,0,0,0,"- ","- ",,,"SAN DIEGO","SAN MARCOS",-117.14093004,33.15435007
8480058,2017,2017-11-01,3711,2017-10-17,0815,7169,,2,5,7,3711,0,0,0,,0,822,"EL CAJON BL","55TH ST",50.00,W,N,A,-,N,,,,,,,,,,Y,3,0,2,3,A,-,04,21703,,N,C,C,A,A,H,-,A,D,0,,,,,Y,Y,-,,0,1,1,0,0,0,0,0,0,"- ","- ",,,"SAN DIEGO","SAN DIEGO",-117.07626974999999,32.758286830000003
8480070,2017,2017-11-01,3711,2017-10-18,0031,6722,,3,5,7,3711,0,0,0,,0,234,"18155 WEST BERNARDO","WEST BERNARDO",0.00,,Y,A,-,N,,,,,,,,,,Y,3,0,1,1,A,-,08,22107,,N,F,I,A,A,H,-,C,-,0,,,,,Y,Y,-,,0,1,0,0,0,0,0,0,0,"- ","- ",,,"SAN DIEGO","SAN DIEGO",-117.07678199,33.042396070000002
8480175,2017,2017-11-03,3711,2017-10-20,0413,7310,,5,5,7,3711,0,0,0,,0,315,"FRIARS RD","NORTHSIDE DR",0.00,,Y,A,-,N,,,,,,,,,,Y,4,0,1,2,A,-,00,21455,A,M,D,C,A,A,H,-,C,A,0,,,,,Y,Y,-,,0,0,1,0,0,0,0,0,0,"- ","- ",,,"SAN DIEGO","SAN DIEGO",-117.12788005,32.784090079999999
8480227,2017,2017-11-03,3711,2017-10-22,0030,7372,3711,7,5,7,3711,0,0,0,,0,444,"TOYNE ST","MARKET ST",150.00,S,N,A,-,N,,,,,,,,,,Y,4,0,1,2,A,-,08,22107,,N,D,E,A,A,H,-,C,D,0,,,,,Y,Y,A,01,0,0,1,0,0,0,0,0,0,"- ","- ",,,"SAN DIEGO","SAN DIEGO",-117.10373454,32.711069139999999
8480405,2017,2018-06-20,3710,2017-10-06,0530,OC1418,016,5,5,6,3710,0,0,0,,0,008,"RT 76","DOUGLAS DR",105.00,E,N,A,-,Y,SD,11,76,-,R,3.770,H,-,W,Y,4,0,1,2,A,-,01,23140,A,N,C,C,A,A,H,-,C,A,0,,,,,Y,Y,A,01,0,0,1,0,0,0,0,0,0,"- ","- ",33.225839999999998,-117.32606,"SAN DIEGO",OCEANSIDE,-117.32527288,33.225999700000003
8480553,2017,2017-11-06,3711,2017-10-17,1905,7423,,2,5,7,3711,0,0,0,,0,628,"UNION ST",THORN,75.00,S,N,A,-,N,,,,,,,,,,Y,4,0,1,2,A,-,08,22107,,N,B,E,A,A,H,-,C,D,0,,,Y,,Y,Y,-,,0,0,1,0,0,0,0,0,0,"- ","- ",,,"SAN DIEGO","SAN DIEGO",-117.17446834,32.739349420000003
8480928,2017,2017-11-09,3711,2017-10-25,1540,4884,SDPD,3,5,7,3711,0,0,0,,0,Z32,"TED WILLIAMS PKWY","CHESTNUT LN",150.00,W,N,A,-,N,,,,,,,,,,Y,3,0,1,2,A,-,05,21650,,N,A,C,A,A,H,-,A,D,0,,,,,Y,Y,D,22,0,1,0,0,0,0,0,0,0,"- ","- ",,,"SAN DIEGO","SAN DIEGO",-117.07177699,32.971233720000001
8481256,2017,2017-11-17,3711,2017-10-24,1433,7640,,2,5,7,3711,0,0,0,,0,627,"YWASHINGTON ST","8TH AV",0.00,,Y,A,-,N,,,,,,,,,,Y,4,0,2,2,A,-,08,22107,,N,D,C,A,A,H,-,A,A,0,,,,,Y,Y,-,"- ",0,0,2,0,0,0,0,0,0,"- ","- ",,,"SAN DIEGO","SAN DIEGO",-117.15742994999999,32.750140049999999
8482198,2017,2018-07-09,3710,2017-08-17,1410,OC1382,024,4,5,6,3710,0,0,0,,0,006,"RT 76","RANCHO DEL ORO DR",894.00,W,N,A,-,Y,SD,11,76,-,R,4.040,H,-,E,Y,3,0,1,2,A,-,03,22350,,M,C,C,A,A,H,-,A,A,0,,,,,Y,Y,A,01,0,1,0,0,0,0,0,0,0,"- ","- ",33.227760000000004,-117.31837,"SAN DIEGO",OCEANSIDE,-117.32094530000001,33.227014629999999
8482362,2017,2018-02-27,3706,2017-10-20,1943,318,ESCON,5,5,6,3706,0,0,0,,0,044,"FERN ST","LINCOLN AV",361.00,S,N,A,-,N,,,,,,,,,,Y,4,0,1,2,A,-,01,23152,A,F,B,C,A,A,H,-,C,D,0,,,Y,,Y,Y,D,22,0,0,1,0,0,0,0,0,1,"- ","- ",,,"SAN DIEGO",ESCONDIDO,-117.05959424,33.14574099
8484900,2017,2017-12-07,3706,2017-11-04,2125,406,ESCON,6,5,6,3706,0,0,0,,0,052,"FIG ST","OHIO AV",140.00,N,N,A,-,N,,,,,,,,,,Y,3,0,1,3,A,-,01,23152,A,M,B,E,A,A,H,-,C,D,0,,,,,Y,Y,A,07,0,1,0,0,0,0,0,0,0,"- ","- ",33.125869999999999,-117.07323,"SAN DIEGO",ESCONDIDO,-117.07345583,33.126237170000003
8484908,2017,2017-12-07,3706,2017-11-05,1121,512,ESCON,7,5,6,3706,0,0,0,,0,042,"E LINCOLN PKWY","NORTH BROADWAY",67.00,E,N,A,-,N,,,,,,,,,,N,4,0,1,2,A,-,01,23153,A,F,C,C,A,A,H,-,A,A,0,,,,,Y,Y,A,01,0,0,1,0,0,0,0,0,0,"- ","- ",,,"SAN DIEGO",ESCONDIDO,-117.08632446,33.133176480000003
8484916,2017,2017-12-07,3706,2017-11-06,1717,484,ESCON,1,5,6,3706,0,0,0,,0,045,"CITRACADO PKWY","AVENIDA DEL DIABLO",179.00,N,N,A,-,N,,,,,,,,,,N,3,0,1,1,A,-,01,23152,A,N,E,I,A,A,H,-,B,D,0,,,,,Y,Y,A,07,0,1,0,0,0,0,0,0,0,"- ","- ",,,"SAN DIEGO",ESCONDIDO,-117.11652946,33.103412030000001
8485316,2017,2017-12-05,3700,2017-10-29,2025,SH0601,,7,5,5,3782,0,0,0,,0,222,"ENCINITAS BL","VIA CANTEBRIA",674.00,E,N,B,-,N,,,,,,,,,,Y,2,0,2,2,A,-,09,21804,A,N,F,C,A,A,H,-,C,D,0,,,,,Y,Y,A,01,1,0,1,0,0,0,0,0,0,"- ","- ",,,"SAN DIEGO",ENCINITAS,-117.26468165999999,33.046123059999999
8485557,2017,2018-06-14,3710,2017-09-07,0437,OC1436,022,4,5,6,3710,0,0,0,,0,009,"RT 76","N SANTA FE DR",101.00,W,N,A,-,Y,SD,11,76,-,R,6.700,H,-,W,N,2,0,1,2,A,-,17,21208,A,N,C,G,A,A,H,-,C,A,0,,Y,,,Y,Y,L,04,1,0,0,0,0,0,1,0,0,"- ","- ",,,"SAN DIEGO",OCEANSIDE,-117.2819235,33.245988390000001
8486837,2017,2017-11-29,3700,2017-10-19,0012,SH3183,,4,5,5,3713,0,0,0,,0,319,"SYCAMORE AV","MELROSE DR",120.00,S,N,A,-,N,,,,,,,,,,Y,3,0,1,1,A,-,01,23152,A,N,E,I,A,A,H,-,C,D,0,,,,,Y,Y,A,07,0,1,0,0,0,0,0,0,0,"- ","- ",,,"SAN DIEGO",VISTA,-117.24168859,33.145289310000003
8486841,2017,2017-11-29,3700,2017-10-23,1906,SH0021,,1,5,5,3713,0,0,0,,0,303,"EAST VISTA WY","OAK DR",160.00,N,N,A,-,N,,,,,,,,,,Y,3,0,1,1,A,-,01,23152,A,N,F,J,A,A,H,-,C,D,0,,,Y,,Y,Y,C,02,0,1,0,0,0,0,0,0,1,"- ","- ",,,"SAN DIEGO",VISTA,-117.22838218,33.213837769999998
8486950,2017,2017-12-05,3709,2017-10-23,0401,NC0447,,1,5,5,3709,0,0,0,,0,024,"EAST 24TH ST","A AV",0.00,,Y,A,-,N,,,,,,,,,,Y,4,0,1,2,-,-,"- ",,,N,F,E,A,A,H,-,C,D,0,,,,,Y,Y,-,"- ",0,0,1,0,0,0,0,0,0,"- ","- ",,,"SAN DIEGO","NATIONAL CITY",-117.10051009999999,32.662310040000001
8487055,2017,2018-06-05,3711,2017-10-28,2225,7331,,6,5,7,3711,0,0,0,,0,527,"PACIFIC HWY","WEST BEECH ST",9.00,N,N,B,-,N,,,,,,,,,,N,3,0,1,2,A,-,11,21461,5,N,G,B,D,A,H,-,C,A,0,Y,,,,Y,Y,N,60,0,1,0,0,1,0,0,0,0,"- ","- ",,,"SAN DIEGO","SAN DIEGO",-117.17094,32.720924650000001
8487061,2017,2017-11-17,3711,2017-10-25,1317,7057,,3,5,7,3711,0,0,0,,0,242,"CARROLL CANYON RD","MAYA LINDA RD",21.00,N,N,A,-,N,,,,,,,,,,Y,3,0,2,2,A,-,12,21453,A,N,D,-,A,A,H,-,A,A,0,,,,,Y,Y,-,"- ",0,1,1,0,0,0,0,0,0,"- ","- ",,,"SAN DIEGO","SAN DIEGO",-117.11798,32.903370000000002
8487071,2017,2017-11-30,3711,2017-10-28,0224,5699,,6,5,7,3711,0,0,0,,0,242,"GOLD COAST DR","AMBASSADOR DR",15.00,W,N,E,-,N,,,,,,,,,,Y,3,0,1,3,A,-,08,22107,,N,B,E,A,B,H,-,C,D,0,,,,,Y,Y,-,,0,1,0,0,0,0,0,0,0,"- ","- ",,,"SAN DIEGO","SAN DIEGO",-117.14728871,32.905320000000003
8487092,2017,2018-06-05,3711,2017-10-26,0156,8861,,4,5,7,3711,0,0,0,,0,623,"HOTEL CIRCLE SOUTH","RT 8",2640.00,E,N,A,-,N,,,,,,,,,,N,4,0,1,2,A,-,08,22102,,M,D,C,A,A,H,-,C,D,0,,,,,Y,Y,-,,0,0,1,0,0,0,0,0,0,"- ",EO,,,"SAN DIEGO","SAN DIEGO",-117.16630000000001,32.761299999999999
8487101,2017,2017-11-17,3711,2017-10-26,2057,4310,,4,5,7,3711,0,0,0,,0,432,"EUCLID AV","NARANJA ST",0.00,,Y,A,-,N,,,,,,,,,,Y,4,0,2,2,A,-,08,22107,,N,B,C,A,A,H,-,C,A,0,,,,,Y,Y,A,01,0,0,2,0,0,0,0,0,0,"- ","- ",,,"SAN DIEGO","SAN DIEGO",-117.08504008,32.708630079999999
8487106,2017,2017-11-28,3711,2017-10-30,1900,7461,SANDI,1,5,7,3711,0,0,0,,0,311,SANDROCK,"HAMMOND DR",0.00,,N,A,-,N,,,,,,,,,,N,4,0,1,2,A,-,17,21461,A,N,A,C,A,A,-,-,C,A,0,,,,,Y,Y,-,"- ",0,0,1,0,0,0,0,0,0,"- ","- ",32.804299999999998,-117.1401,"SAN DIEGO","SAN DIEGO",-117.1400101,32.804400059999999
8487118,2017,2017-11-28,3711,2017-10-29,1618,6877,,7,5,7,3711,0,0,0,,0,627,"UNIVERSITY AV","10TH AV",33.00,E,N,A,-,N,,,,,,,,,,N,4,0,1,2,A,-,04,21703,,N,C,C,A,A,H,-,A,A,0,,,,,Y,Y,-,"- ",0,0,1,0,0,0,0,0,0,"- ","- ",,,"SAN DIEGO","SAN DIEGO",-117.15517742,32.748394359999999
8487785,2017,2017-11-30,3701,2017-10-24,1048,CB5363,,2,5,5,3701,0,0,0,,0,003,"TAMARACK AV","ADAMS ST",0.00,,Y,A,-,N,,,,,,,,,,Y,4,0,1,2,A,-,01,23153,A,N,D,C,A,A,H,-,A,A,0,,,,,Y,Y,D,22,0,0,1,0,0,0,0,0,0,"- ","- ",,,"SAN DIEGO",CARLSBAD,-117.33400012,33.153260029999998
8487852,2017,2017-11-15,3701,2017-10-15,0018,CB5496,,7,5,5,3701,0,0,0,,0,001,"CARLSBAD BL","CHESTNUT AV",60.00,N,N,A,-,N,,,,,,,,,,Y,4,0,1,2,A,-,01,23153,A,N,C,C,A,A,H,-,C,D,0,,,,,Y,Y,A,01,0,0,1,0,0,0,0,0,0,"- ","- ",,,"SAN DIEGO",CARLSBAD,-117.34945147000001,33.152890499999998
8487933,2017,2017-11-16,3711,2017-10-21,1911,HB5434,,6,5,7,3711,0,0,0,,0,503,"HARBOR ISLAND DR","HARBOR ISLAND DR 1600",19.00,N,N,A,-,N,,,,,,,,,,N,2,0,1,2,A,-,01,23152,A,N,G,B,-,A,E,-,A,D,0,Y,,,,Y,Y,A,01,1,0,0,0,1,0,0,0,0,"- ","- ",,,"SAN DIEGO","SAN DIEGO",,
8488043,2017,2017-11-15,3700,2017-10-06,2140,SH1725,,5,5,5,3712,0,0,0,,0,356,"WEST MISSION RD","LAS POSAS RD",0.00,,Y,A,-,N,,,,,,,,,,Y,4,0,3,3,A,-,01,23152,A,M,C,C,A,A,H,-,C,A,0,,,,,Y,Y,D,22,0,0,3,0,0,0,0,0,0,"- ","- ",,,"SAN DIEGO","SAN MARCOS",-117.18900010999999,33.148410069999997
8488219,2017,2017-11-22,3700,2017-09-16,0017,SH4791,,6,5,5,3782,0,0,0,,0,223,"N WILLOWSPRING DR","VILLAGE PARK WY",453.00,S,N,A,-,N,,,,,,,,,,N,3,0,1,1,A,-,01,23152,A,N,F,I,A,A,H,-,C,-,0,,,,,Y,Y,-,,0,1,0,0,0,0,0,0,0,"- ","- ",,,"SAN DIEGO",ENCINITAS,-117.24232381,33.054970310000002
8488338,2017,2017-11-22,3700,2017-09-22,1927,SH0690,,5,5,5,3782,0,0,0,,0,214,"ENCINITAS BL","DRIVEWAY OF MOONLIGHT MARKETPLACE",465.00,W,N,A,-,N,,,,,,,,,,Y,2,0,1,2,A,-,11,21954,A,F,G,B,D,A,H,-,C,D,0,Y,,,,Y,Y,N,60,1,0,0,0,1,0,0,0,0,"- ","- ",,,"SAN DIEGO",ENCINITAS,,
8488510,2017,2017-12-05,3711,2017-10-29,1931,7462,,7,5,7,3711,0,0,0,,0,526,"CEDAR ST","2ND AV",0.00,,Y,A,-,N,,,,,,,,,,N,4,0,1,2,A,-,09,21802,A,N,D,G,A,A,H,-,C,D,0,,Y,,,Y,Y,L,04,0,0,1,0,0,0,1,0,0,"- ","- ",,,"SAN DIEGO","SAN DIEGO",-117.16293002,32.721980010000003
8488649,2017,2017-11-22,3711,2017-11-02,1923,7541,SANDI,4,5,7,3711,0,0,0,,0,613,"CATALINA BL","NARRAGANSETT AV",66.00,N,N,A,-,N,,,,,,,,,,N,4,0,1,2,A,-,03,22350,,N,C,C,A,A,H,-,C,A,0,,,,,Y,Y,A,01,0,0,1,0,0,0,0,0,0,"- ","- ",,,"SAN DIEGO","SAN DIEGO",-117.23867706,32.736884529999998
8489169,2017,2017-11-30,3705,2017-09-24,1931,EC0295,,7,5,5,3705,0,0,0,,0,006,"FLETCHER PKWY","JACKMAN ST",5.00,W,N,A,-,N,,,,,,,,,,Y,2,0,1,2,A,-,10,21950,,N,G,B,B,A,H,-,C,D,0,Y,,,,Y,Y,-,"- ",1,0,0,0,1,0,0,0,0,"- ","- ",,,"SAN DIEGO","EL CAJON",-116.97334621,32.807560000000002
8489693,2017,2017-11-21,3708,2017-10-18,0045,LM1158,,3,5,5,3708,0,0,0,,0,002,"GLEN ST","WASHINGTON ST",190.00,N,N,A,-,N,,,,,,,,,,Y,4,0,1,2,A,-,01,23152,A,N,C,E,A,A,H,-,C,D,0,,,,,Y,Y,A,07,0,0,1,0,0,0,0,0,0,"- ","- ",,,"SAN DIEGO","LA MESA",-117.00979684000001,32.77162843
8489882,2017,2017-12-01,3711,2017-10-30,2211,7698,,1,5,7,3711,0,0,0,,0,824,"MONTEZUMA RD","FAIRMOUNT AV",0.00,,Y,A,-,N,,,,,,,,,,Y,3,0,1,1,A,-,06,21755,,N,E,I,A,A,H,-,C,D,0,,,,,Y,Y,-,,0,1,0,0,0,0,0,0,0,"- ","- ",,,"SAN DIEGO","SAN DIEGO",-117.09717003,32.772450030000002
8490169,2017,2017-11-29,3711,2017-10-25,1703,4243,3711,3,5,7,3711,0,0,0,,0,452,"IMPERIAL AV","65TH ST",0.00,,Y,A,-,N,,,,,,,,,,Y,3,0,3,3,A,-,12,21453,A,N,D,C,-,A,H,-,A,A,0,Y,,,,Y,Y,A,01,0,3,0,0,0,0,0,0,0,"- ","- ",,,"SAN DIEGO","SAN DIEGO",-117.05802008000001,32.710550019999999
8490176,2017,2017-12-11,3709,2017-11-04,0635,NC0498,,6,5,5,3709,0,0,0,,0,021,"EUCLID AV","4TH ST",272.00,N,N,A,-,N,,,,,,,,,,Y,3,0,3,3,A,-,01,23153,A,N,D,C,A,A,H,-,C,D,0,,,,,Y,Y,A,01,0,2,1,0,0,0,0,0,0,"- ","- ",,,"SAN DIEGO","NATIONAL CITY",-117.08399928,32.686887579999997
8490216,2017,2017-12-11,3711,2017-11-02,1827,6781,,4,5,7,3711,0,0,0,,0,823,"COLLEGE AV","STREAMVIEW DR",0.00,,Y,A,-,N,,,,,,,,,,N,4,0,1,2,A,-,10,21950,A,M,G,B,B,A,H,-,C,A,0,Y,,,,Y,Y,-,,0,0,1,0,1,0,0,0,0,"- ","- ",,,"SAN DIEGO","SAN DIEGO",-117.05877009,32.745510070000002
8490785,2017,2017-11-29,3706,2017-10-25,1839,406,ESCON,3,5,6,3706,0,0,0,,0,052,"2ND AV","IVY ST",24.00,W,N,A,-,N,,,,,,,,,,Y,4,0,1,1,A,-,01,23152,A,N,E,I,A,A,H,-,C,D,0,,,,,Y,Y,A,01,0,0,1,0,0,0,0,0,0,"- ","- ",33.12285,-117.07674,"SAN DIEGO",ESCONDIDO,-117.07697123,33.122699179999998
8491060,2017,2017-12-12,3711,2017-11-07,1520,7672,,2,5,7,3711,0,0,0,,0,,"UNIVERSITY AV","58TH ST",246.00,W,N,A,-,N,,,,,,,,,,N,3,0,1,2,A,-,08,22107,,N,D,G,A,A,H,-,A,A,0,,Y,,,Y,Y,A,01,0,1,0,0,0,0,1,0,0,"- ","- ",,,"SAN DIEGO","SAN DIEGO",-117.07286999999999,32.749139999999997