CASE_ID,ACCIDENT_YEAR,PROC_DATE,JURIS,COLLISION_DATE,COLLISION_TIME,OFFICER_ID,REPORTING_DISTRICT,DAY_OF_WEEK,CHP_SHIFT,POPULATION,CNTY_CITY_LOC,SPECIAL_COND,BEAT_TYPE,CHP_BEAT_TYPE,CITY_DIVISION_LAPD,CHP_BEAT_CLASS,BEAT_NUMBER,PRIMARY_RD,SECONDARY_RD,DISTANCE,DIRECTION,INTERSECTION,WEATHER_1,WEATHER_2,STATE_HWY_IND,CALTRANS_COUNTY,CALTRANS_DISTRICT,STATE_ROUTE,ROUTE_SUFFIX,POSTMILE_PREFIX,POSTMILE,LOCATION_TYPE,RAMP_INTERSECTION,SIDE_OF_HWY,TOW_AWAY,COLLISION_SEVERITY,NUMBER_KILLED,NUMBER_INJURED,PARTY_COUNT,PRIMARY_COLL_FACTOR,PCF_CODE_OF_VIOL,PCF_VIOL_CATEGORY,PCF_VIOLATION,PCF_VIOL_SUBSECTION,HIT_AND_RUN,TYPE_OF_COLLISION,MVIW,PED_ACTION,ROAD_SURFACE,ROAD_COND_1,ROAD_COND_2,LIGHTING,CONTROL_DEVICE,CHP_ROAD_TYPE,PEDESTRIAN_ACCIDENT,BICYCLE_ACCIDENT,MOTORCYCLE_ACCIDENT,TRUCK_ACCIDENT,NOT_PRIVATE_PROPERTY,ALCOHOL_INVOLVED,STWD_VEHTYPE_AT_FAULT,CHP_VEHTYPE_AT_FAULT,COUNT_SEVERE_INJ,COUNT_VISIBLE_INJ,COUNT_COMPLAINT_PAIN,COUNT_PED_KILLED,COUNT_PED_INJURED,COUNT_BICYCLIST_KILLED,COUNT_BICYCLIST_INJURED,COUNT_MC_KILLED,COUNT_MC_INJURED,PRIMARY_RAMP,SECONDARY_RAMP,LATITUDE,LONGITUDE,COUNTY,CITY,POINT_X,POINT_Y
8613884,2018,2018-04-26,3709,2018-04-15,0155,NC0442,,7,5,5,3709,0,0,0,,0,023,"EAST 24TH ST","HIGHLAND AV",52.00,W,N,A,-,N,,,,,,,,,,Y,4,0,1,2,A,-,01,23152,A,N,H,C,A,A,H,-,C,A,0,,,,,Y,Y,A,01,0,0,1,0,0,0,0,0,0,"- ","- ",,,"SAN DIEGO","NATIONAL CITY",-117.09352111816406,32.664310455322266
8613889,2018,2018-05-02,3700,2018-02-02,1928,SH1725,,5,5,5,3712,0,0,0,,0,355,"SOUTH RANCHO SANTA FE RD","1ST ST",37.00,N,N,A,-,N,,,,,,,,,,Y,2,0,1,2,A,-,11,21954,A,N,G,B,E,A,H,-,C,D,0,Y,,,,Y,Y,N,60,1,0,0,0,1,0,0,0,0,"- ","- ",,,"SAN DIEGO","SAN MARCOS",-117.20473480224609,33.13751220703125
8614043,2018,2018-04-26,3711,2018-03-20,0425,HB5831,,2,5,7,3711,0,0,0,,0,504,"HARBOR DR","FIRST ST",0.00,,Y,B,-,N,,,,,,,,,,N,2,0,1,1,B,-,22,,,N,-,I,A,A,H,-,C,A,0,,,,,Y,Y,-,,1,0,0,0,0,0,0,0,0,"- ","- ",,,"SAN DIEGO","SAN DIEGO",-117.16426849365234,32.708869934082031
8614255,2018,2018-04-27,3711,2018-04-16,2130,8816,,1,5,7,3711,0,0,0,,0,116,"COWLEY WY","CALLE NEIL",10.00,S,N,A,-,N,,,,,,,,,,Y,4,0,1,6,A,-,08,22107,,N,E,A,A,A,H,-,C,B,0,,,,,Y,Y,A,01,0,0,1,0,0,0,0,0,0,"- ","- ",,,"SAN DIEGO","SAN DIEGO",-117.19413757324219,32.800758361816406
8614287,2018,2018-04-27,3711,2018-04-12,1944,7143,,4,5,7,3711,0,0,0,,0,523,"5TH AV","G ST",30.00,S,N,A,-,N,,,,,,,,,,N,3,0,1,2,A,-,00,21235,,M,G,B,F,A,H,-,C,-,0,Y,,,,Y,Y,-,,0,1,0,0,1,0,0,0,0,"- ","- ",,,"SAN DIEGO","SAN DIEGO",-117.16014099121094,32.712486267089844
8614291,2018,2018-04-27,3711,2018-04-14,1705,6701,3711,6,5,7,3711,0,0,0,,0,522,"HARBOR DR","PARK BL",0.00,,Y,A,-,N,,,,,,,,,,Y,3,0,3,3,B,-,22,,,M,C,C,A,A,H,-,A,A,0,,,,,Y,Y,A,,0,1,2,0,0,0,0,0,0,"- ","- ",,,"SAN DIEGO","SAN DIEGO",-117.15775299072266,32.705028533935547
8614299,2018,2018-04-27,3711,2018-04-15,1205,7072,,7,5,7,3711,0,0,0,,0,123,"WEST MISSION BAY DR","QUIVIRA ACCESS",150.00,E,N,A,-,N,,,,,,,,,,N,4,0,1,3,A,-,08,22107,,N,C,C,A,A,H,-,A,A,0,,,,,Y,Y,-,,0,0,1,0,0,0,0,0,0,"- ","- ",,,"SAN DIEGO","SAN DIEGO",-117.23749542236328,32.765277862548828
8615536,2018,2018-05-07,3711,2018-04-25,2020,7642,,3,5,7,3711,0,0,0,,0,122,"GRAND AV","DAWES ST",12.00,E,N,A,-,N,,,,,,,,,,N,4,0,1,2,A,-,08,22107,,N,-,G,A,A,H,-,C,-,0,,Y,,,Y,Y,L,04,0,0,1,0,0,0,1,0,0,"- ","- ",,,"SAN DIEGO","SAN DIEGO",-117.24941253662109,32.795936584472656
8615552,2018,2018-05-07,3711,2018-04-25,0028,4310,,3,5,7,3711,0,0,0,,0,327,"SARANAC ST","67TH ST",18.00,W,N,A,-,N,,,,,,,,,,Y,4,0,1,1,A,-,08,22107,,N,E,I,A,A,H,-,C,D,0,,,,,Y,Y,A,01,0,0,1,0,0,0,0,0,0,"- ","- ",,,"SAN DIEGO","SAN DIEGO",-117.05364990234375,32.771080017089844
8615564,2018,2018-05-07,3711,2018-04-11,0025,4576,,3,5,7,3711,0,0,0,,0,321,"FRIARS RD","SANTO RD",0.00,,Y,A,-,N,,,,,,,,,,Y,2,0,2,2,A,-,12,21453,A,N,A,C,A,A,H,-,C,A,0,,,Y,,Y,Y,C,02,1,0,1,0,0,0,0,0,1,"- ","- ",,,"SAN DIEGO","SAN DIEGO",-117.10511779785156,32.790359497070312
8615678,2018,2018-07-06,3706,2018-03-30,2104,504,ESCON,5,5,6,3706,0,0,0,,0,052,"VALLEY PKWY","BEECH ST",164.00,W,N,A,-,N,,,,,,,,,,N,3,0,1,2,A,-,11,21954,A,N,G,B,D,A,H,-,C,D,0,Y,,,,Y,Y,N,60,0,1,0,0,1,0,0,0,0,"- ","- ",33.129810333251953,-117.06854248046875,"SAN DIEGO",ESCONDIDO,-117.06888580322266,33.129623413085938
8615745,2018,2018-07-30,3711,2018-04-03,2013,4310,,2,5,7,3711,0,0,0,,0,625,"PACIFIC HWY","TAYLOR ST",1320.00,N,N,A,-,N,,,,,,,,,,Y,2,0,1,2,A,-,08,22107,,N,G,B,F,A,H,-,D,D,0,Y,,,,Y,Y,A,01,1,0,0,0,1,0,0,0,0,"- ","- ",,,"SAN DIEGO","SAN DIEGO",-117.20217132568359,32.758884429931641
8615921,2018,2018-08-21,3703,2018-04-15,1340,1016,,7,5,3,3703,0,0,0,,0,003,"SILVER STRAND BL","CORONADO BAY RD",0.00,,Y,A,-,Y,SD,11,75,-,-,14.319,I,5,N,Y,4,0,2,2,A,-,01,23153,A,F,D,C,A,A,H,-,A,A,0,,,,,Y,Y,A,01,0,0,2,0,0,0,0,0,0,"- ","- ",,,"SAN DIEGO",CORONADO,-117.13925933837891,32.629657745361328
8616037,2018,2018-05-18,3711,2018-05-04,1834,7625,,5,5,7,3711,0,0,0,,0,613,"SPORTS ARENA BL","WEST POINT LOMA BL",375.00,N,N,A,-,N,,,,,,,,,,N,4,0,2,2,A,-,03,22350,,N,C,C,A,A,H,-,A,A,0,,,,,Y,Y,A,01,0,0,2,0,0,0,0,0,0,"- ","- ",,,"SAN DIEGO","SAN DIEGO",-117.21829223632812,32.754844665527344
8616065,2018,2018-05-18,3711,2018-05-03,1832,7492,,4,5,7,3711,0,0,0,,0,511,"NATIONAL AV","S EVANS",85.00,W,N,A,-,N,,,,,,,,,,N,3,0,1,2,A,-,03,22350,A,M,B,B,-,A,H,-,A,D,0,Y,,,,Y,Y,-,99,0,1,0,0,1,0,0,0,0,"- ","- ",,,"SAN DIEGO","SAN DIEGO",-117.14199829101562,32.698520660400391
8616142,2018,2018-05-16,3711,2018-04-30,2014,7204,5D,1,5,7,3711,0,0,0,,0,113,"KAMLOOP AV","MORAGA AV",0.00,,Y,C,-,N,,,,,,,,,,N,4,0,1,2,A,-,10,21950,,N,G,B,B,B,H,-,D,D,0,Y,,,,Y,Y,-,,0,0,1,0,1,0,0,0,0,"- ","- ",,,"SAN DIEGO","SAN DIEGO",-117.21347808837891,32.821941375732422
8616442,2018,2018-05-23,3711,2018-05-04,1947,8323,,5,5,7,3711,0,0,0,,0,122,"INGRAHAM ST","LA PLAYA AV",15.00,N,N,A,-,N,,,,,,,,,,Y,3,0,1,2,A,-,09,21801,A,N,D,D,A,A,H,-,B,A,0,,,,,Y,Y,A,01,0,1,0,0,0,0,0,0,0,"- ","- ",,,"SAN DIEGO","SAN DIEGO",-117.23749542236328,32.788780212402344
8617325,2018,2018-05-25,3700,2018-04-28,2500,SH2573,,6,5,5,3782,0,0,0,,0,223,"MOUNTAIN VISTA DR","WANDERING RD",0.00,,Y,A,-,N,,,,,,,,,,Y,3,0,2,2,A,-,01,23152,B,M,C,C,A,A,H,-,C,A,0,,,,,Y,Y,A,01,0,1,1,0,0,0,0,0,0,"- ","- ",,,"SAN DIEGO",ENCINITAS,-117.25572967529297,33.051891326904297
8617357,2018,2018-05-24,3700,2018-04-01,0006,SH0690,,7,5,2,3704,0,0,0,,0,294,"15TH ST","CAMINO DEL MAR",103.00,W,N,A,-,N,,,,,,,,,,N,3,0,1,2,A,-,11,21954,A,N,G,B,E,A,H,-,C,D,0,Y,,,,Y,Y,N,60,0,1,0,0,1,0,0,0,0,"- ","- ",,,"SAN DIEGO","DEL MAR",-117.26565551757812,32.959514617919922
8617450,2018,2018-05-24,3700,2018-03-25,1632,SH3095,,7,5,2,3704,0,0,0,,0,295,"DEL MAR HEIGHTS RD","CAMINO DEL MAR",0.00,,Y,A,-,N,,,,,,,,,,Y,3,0,2,3,A,-,03,22350,,N,C,C,A,A,H,-,A,A,0,,,,,Y,Y,A,01,0,1,1,0,0,0,0,0,0,"- ","- ",,,"SAN DIEGO","DEL MAR",-117.26091766357422,32.948139190673828
8617470,2018,2018-06-05,3700,2018-03-17,0012,SH2573,,6,5,5,3782,0,0,0,,0,242,"EVERGREEN DR","WOODLAKE DR",340.00,N,N,B,-,N,,,,,,,,,,N,4,0,1,2,A,-,01,23152,B,N,D,C,A,A,H,-,C,A,0,,,Y,,Y,Y,C,02,0,0,1,0,0,0,0,0,1,"- ","- ",,,"SAN DIEGO",ENCINITAS,-117.26936340332031,33.033195495605469
8617482,2018,2018-06-27,3700,2018-03-05,0150,SH3284,,1,5,5,3782,0,0,0,,0,241,"CHESTERFIELD DR","RT 101",0.00,,Y,A,-,N,,,,,,,,,,Y,3,0,1,1,A,-,01,23152,A,N,E,I,A,A,H,-,C,A,0,,,,,Y,Y,-,,0,1,0,0,0,0,0,0,0,"- ","- ",,,"SAN DIEGO",ENCINITAS,-117.28233337402344,33.019031524658203
8618410,2018,2018-05-30,3711,2018-05-11,1620,6786,,5,5,7,3711,0,0,0,,0,514,"IMPERIAL AV","IMPERIAL AV 1900",0.00,,N,B,-,N,,,,,,,,,,N,3,0,1,2,A,-,"- ",,,N,B,G,A,A,H,-,A,A,0,,Y,,,Y,Y,L,04,0,1,0,0,0,0,1,0,0,"- ","- ",,,"SAN DIEGO","SAN DIEGO",-117.14658022,32.706259789999997
8618417,2018,2018-05-29,3711,2018-05-14,1715,7403,"SAN D",1,5,7,3711,0,0,0,,0,436,"SKYLINE DR","SOUTH WOODMAN ST",35.00,E,N,A,-,N,,,,,,,,,,Y,4,0,1,2,A,-,12,21453,A,N,D,C,A,A,H,-,A,A,0,,,,,Y,Y,-,,0,0,1,0,0,0,0,0,0,"- ","- ",,,"SAN DIEGO","SAN DIEGO",-117.05458831787109,32.7012939453125
8618563,2018,2018-08-17,3703,2018-05-13,1336,1118,,7,5,3,3703,0,0,0,,0,002,"RT 75","10TH ST",201.00,N,N,A,-,Y,SD,11,75,-,-,18.980,H,-,S,N,4,0,3,2,A,-,04,21703,,N,C,C,A,A,H,-,A,D,0,,,,,Y,Y,-,,0,0,3,0,0,0,0,0,0,"- ","- ",,,"SAN DIEGO",CORONADO,-117.17962646484375,32.686546325683594
8618638,2018,2018-08-21,3700,2018-05-05,2220,SH0817,,6,5,5,3712,0,0,0,,0,357,"NORTH TWIN OAKS VALLEY DR","RT 78",0.00,,Y,A,-,Y,SD,11,78,-,-,12.788,R,4,E,Y,4,0,3,3,A,-,01,23152,A,N,D,D,A,A,H,-,C,A,0,,,,,Y,Y,A,01,0,0,3,0,0,0,0,0,0,"- ",EF,,,"SAN DIEGO","SAN MARCOS",-117.16586303710938,33.136917114257812
8619362,2018,2018-05-30,3711,2018-01-22,2108,7403,SD,1,5,7,3711,0,0,0,,0,434,"CARDIFF ST","JAMACHA RD",72.00,S,N,A,-,N,,,,,,,,,,N,4,0,1,2,A,-,11,21954,A,N,A,B,D,A,H,-,D,D,0,Y,,,,Y,Y,-,"- ",0,0,1,0,1,0,0,0,0,"- ","- ",,,"SAN DIEGO","SAN DIEGO",-117.02581024169922,32.717617034912109
8619581,2018,2018-05-24,3711,2018-05-05,0305,6839,,6,5,7,3711,0,0,0,,0,934,"EL CAMINIO REAL",TOWNSGATE,528.00,N,N,A,-,N,,,,,,,,,,Y,4,0,1,1,A,-,08,22107,,N,A,I,A,A,H,-,C,D,0,,,,,Y,Y,-,,0,0,1,0,0,0,0,0,0,"- ","- ",,,"SAN DIEGO","SAN DIEGO",-117.23503875732422,32.95074462890625
8620584,2017,2018-05-25,3700,2017-11-23,1938,SH0029,,4,5,5,3713,0,0,0,,0,305,"NORTH SANTA FE AV","TOWNSITE DR",0.00,,Y,A,-,N,,,,,,,,,,Y,3,0,1,2,A,-,12,21453,A,F,D,C,A,A,H,-,C,A,0,,,,,Y,Y,A,01,0,1,0,0,0,0,0,0,0,"- ","- ",,,"SAN DIEGO",VISTA,-117.24486004000001,33.21139007
8620708,2018,2018-05-23,3700,2018-04-25,2153,SH0327,,3,5,5,3712,0,0,0,,0,349,"SOUTH RANCHO SANTA FE RD","REDWING ST",250.00,S,N,A,-,N,,,,,,,,,,Y,3,0,1,1,A,-,01,23152,A,N,E,I,A,A,H,-,C,D,0,,,,,Y,Y,A,01,0,1,0,0,0,0,0,0,0,"- ","- ",,,"SAN DIEGO","SAN MARCOS",-117.22621917724609,33.112419128417969
8621284,2018,2018-05-30,3711,2018-05-05,0107,7671,SD,6,5,7,3711,0,0,0,,0,627,"5TH AV","ROBINSON AV",10.00,W,N,A,-,N,,,,,,,,,,N,4,0,1,2,A,-,10,21950,A,N,G,B,B,A,H,-,C,A,0,Y,,,,Y,Y,A,01,0,0,1,0,1,0,0,0,0,"- ","- ",,,"SAN DIEGO","SAN DIEGO",-117.16040802001953,32.746940612792969
8621312,2018,2018-05-24,3711,2018-05-10,2252,4310,,4,5,7,3711,0,0,0,,0,122,"GRAND AV","GRESHAM ST",192.00,W,N,A,-,N,,,,,,,,,,Y,4,0,1,2,A,-,03,22350,,N,C,C,A,A,H,-,C,D,0,,,,,Y,Y,A,01,0,0,1,0,0,0,0,0,0,"- ","- ",,,"SAN DIEGO","SAN DIEGO",-117.24457550048828,32.796985626220703
8621398,2018,2018-05-29,3710,2018-05-15,1713,OC1436,016,2,5,6,3710,0,0,0,,0,008,"EL CAMINO REAL","LOS ARBOLITOS BL",0.00,,Y,A,-,N,,,,,,,,,,Y,3,0,5,4,A,-,01,23152,A,N,D,C,A,A,H,-,A,A,0,,,,Y,Y,Y,A,01,0,1,4,0,0,0,0,0,0,"- ","- ",33.228248596191406,-117.33119201660156,"SAN DIEGO",OCEANSIDE,-117.33106994628906,33.228118896484375
8621441,2018,2018-08-17,3711,2018-05-06,0318,8861,,7,5,7,3711,0,0,0,,0,613,"SUNSET CLIFFS BL","RT 8",16.00,N,N,A,-,Y,SD,11,8,-,T,0.540,I,5,W,Y,3,0,1,3,A,-,12,21453,A,N,B,C,A,A,H,-,C,A,0,,,,,Y,Y,A,01,0,1,0,0,0,0,0,0,0,"- ",WF,,,"SAN DIEGO","SAN DIEGO",-117.23342132568359,32.756137847900391
8621449,2018,2018-05-29,3711,2018-05-09,1231,7314,,3,5,7,3711,0,0,0,,0,115,"PALMILLA DR","ARRIBA ST",42.00,S,N,A,-,N,,,,,,,,,,Y,4,0,1,2,A,-,09,21801,A,N,A,C,A,A,H,-,A,A,0,,,,,Y,Y,-,"- ",0,0,1,0,0,0,0,0,0,"- ","- ",,,"SAN DIEGO","SAN DIEGO",-117.22530364990234,32.861698150634766
8621945,2018,2018-05-29,3706,2018-04-29,2003,491,ESCON,7,5,6,3706,0,0,0,,0,046,"EL NORTE PKWY","WASHINGTON AV",0.00,,Y,A,-,N,,,,,,,,,,N,4,0,1,2,A,-,01,23152,A,F,C,C,A,A,H,-,C,D,0,,,,,Y,Y,A,01,0,0,1,0,0,0,0,0,0,"- ","- ",,,"SAN DIEGO",ESCONDIDO,-117.04399871826172,33.150428771972656
8622678,2018,2018-06-06,3711,2018-05-20,1910,8332,,7,5,7,3711,0,0,0,,0,515,"29TH ST","L ST",39.00,S,N,B,-,N,,,,,,,,,,Y,3,0,1,5,A,-,08,22107,,N,B,E,A,A,H,-,C,D,0,,,,,Y,Y,A,01,0,1,0,0,0,0,0,0,0,"- ","- ",,,"SAN DIEGO","SAN DIEGO",-117.13209533691406,32.707332611083984
8622949,2018,2018-05-30,3711,2018-04-27,2245,7692,,5,5,7,3711,0,0,0,,0,241,"POMERADO RD","LEGACY RD",15.00,N,N,A,-,N,,,,,,,,,,Y,4,0,3,2,A,-,12,21453,A,N,D,C,A,A,H,-,C,A,0,,,,,Y,Y,-,,0,0,3,0,0,0,0,0,0,"- ","- ",,,"SAN DIEGO","SAN DIEGO",-117.05630493164062,32.926048278808594
8624044,2018,2018-06-28,3700,2018-03-23,2320,SH2573,,5,5,5,3782,0,0,0,,0,241,"RT 101","CARDIFF STATE BEACH",110.00,S,N,A,-,N,,,,,,,,,,Y,4,0,1,2,A,-,01,23152,B,N,F,C,A,A,H,-,C,A,0,,,,,Y,Y,A,01,0,0,1,0,0,0,0,0,0,"- ","- ",,,"SAN DIEGO",ENCINITAS,-117.27877599999999,33.009121
8624234,2018,2018-05-30,3711,2018-05-02,1226,6366,,3,5,7,3711,0,0,0,,0,512,"IMPERIAL AV","S 25TH ST",260.00,E,N,B,-,N,,,,,,,,,,N,3,0,1,2,A,-,09,21804,A,N,D,G,A,A,H,-,A,D,0,,Y,,,Y,Y,J,48,0,1,0,0,0,0,1,0,0,"- ","- ",,,"SAN DIEGO","SAN DIEGO",-117.13935089111328,32.706352233886719
8624633,2018,2018-08-17,3703,2018-05-26,0545,1331,,6,5,3,3703,0,0,0,,0,003,"SILVER STRAND BL","HOOPER BL",0.00,,N,B,-,Y,SD,11,75,-,-,12.750,H,-,N,Y,4,0,1,1,A,-,08,22107,,N,E,I,A,A,D,H,A,A,0,,,,,Y,Y,A,07,0,0,1,0,0,0,0,0,0,"- ","- ",,,"SAN DIEGO",CORONADO,-117.13151550292969,32.608161926269531
8624771,2018,2018-06-12,3711,2018-05-12,1700,6947,,6,5,7,3711,0,0,0,,0,721,"THERMAL AV","CORONADO AV",0.00,,Y,B,-,N,,,,,,,,,,Y,4,0,1,2,A,-,12,21453,A,N,B,C,A,A,H,-,A,A,0,,,,,Y,Y,-,"- ",0,0,1,0,0,0,0,0,0,"- ","- ",32.576568603515625,-117.09707641601562,"SAN DIEGO","SAN DIEGO",-117.09705352783203,32.576511383056641
8624779,2018,2018-07-20,3711,2018-05-28,0124,6513,,1,5,7,3711,0,0,0,,0,121,"SAN DIEGO  PL","MISSION BL",99.00,E,N,A,-,N,,,,,,,,,,Y,3,0,1,1,A,-,03,22350,,N,E,I,A,A,H,-,C,D,0,,,,,Y,Y,A,08,0,1,0,0,0,0,0,0,0,"- ","- ",,,"SAN DIEGO","SAN DIEGO",-117.24840545654297,32.759868621826172
8624963,2018,2018-07-20,3711,2018-05-29,2018,5929,,2,5,7,3711,0,0,0,,0,122,"GRESHAM ST","GARNET AV",9.00,N,N,A,-,N,,,,,,,,,,Y,3,0,1,2,A,-,03,22350,A,N,F,C,A,A,H,-,C,D,0,,,,,Y,Y,A,01,0,1,0,0,0,0,0,0,0,"- ","- ",,,"SAN DIEGO","SAN DIEGO",-117.24452972412109,32.798965454101562
8625586,2018,2018-06-18,3711,2018-05-11,1640,7449,,5,5,7,3711,0,0,0,,0,122,"CASS ST","FELSPAR ST",100.00,S,N,C,-,N,,,,,,,,,,Y,4,0,1,2,A,-,09,21804,,N,D,C,A,B,H,-,A,D,0,,,,,Y,Y,-,,0,0,1,0,0,0,0,0,0,"- ","- ",,,"SAN DIEGO","SAN DIEGO",-117.25203704833984,32.798004150390625
8625599,2018,2018-05-31,3706,2018-05-15,2214,318,ESCON,2,5,6,3706,0,0,0,,0,041,"EL NORTE PKWY","FIG ST",29.00,E,N,A,-,N,,,,,,,,,,Y,3,0,1,1,A,-,01,23152,A,N,E,I,A,A,H,-,C,D,0,,,,,Y,Y,A,01,0,1,0,0,0,0,0,0,0,"- ","- ",33.142311096191406,-117.08135223388672,"SAN DIEGO",ESCONDIDO,-117.08127593994141,33.142246246337891
8626086,2018,2018-06-04,3711,2018-05-20,2055,8672,,7,5,7,3711,0,0,0,,0,624,"LOUISIANA ST","MEADE AV",60.00,S,N,A,-,N,,,,,,,,,,Y,3,0,1,4,A,-,03,22350,,N,C,E,A,A,H,-,C,D,0,,,,,Y,Y,-,"- ",0,1,0,0,0,0,0,0,0,"- ","- ",,,"SAN DIEGO","SAN DIEGO",-117.14008331298828,32.757076263427734
8626089,2018,2018-06-07,3711,2018-05-16,0100,KAUB,,3,5,7,3711,0,0,0,,0,524,"MARKET ST","8TH AV",77.00,W,N,A,-,N,,,,,,,,,,N,4,0,1,2,A,-,04,21703,,N,C,C,A,A,H,-,C,A,0,,,,,Y,Y,A,01,0,0,1,0,0,0,0,0,0,"- ","- ",,,"SAN DIEGO","SAN DIEGO",-117.15764617919922,32.711517333984375
8626117,2018,2018-06-06,3711,2018-05-14,0947,7458,,1,5,7,3711,0,0,0,,0,122,"JEWELL ST","GARNET AV",150.00,S,N,A,-,N,,,,,,,,,,Y,3,0,1,2,A,-,09,21804,A,N,D,G,A,A,H,-,A,D,0,,Y,,,Y,Y,L,04,0,1,0,0,0,0,1,0,0,"- ","- ",,,"SAN DIEGO","SAN DIEGO",-117.23886108398438,32.799800872802734
8626369,2018,2018-06-13,3706,2018-04-29,1953,484,ESCON,7,5,6,3706,0,0,0,,0,041,"EL NORTE PKWY","FIG ST",29.00,W,N,A,-,N,,,,,,,,,,Y,4,0,1,2,A,-,03,22350,,N,C,C,A,A,H,-,C,D,0,,,,,Y,Y,A,08,0,0,1,0,0,0,0,0,0,"- ","- ",33.142311096191406,-117.08135223388672,"SAN DIEGO",ESCONDIDO,-117.08145141601562,33.142181396484375
8626556,2018,2018-06-06,3710,2018-05-22,2115,OC1458,037,2,5,6,3710,0,0,0,,0,007,"LAKE BL","TWILIGHT LN",85.00,W,N,A,-,N,,,,,,,,,,Y,4,0,2,2,A,-,01,23152,A,N,B,C,A,A,H,-,C,D,0,,,,,Y,Y,A,01,0,0,2,0,0,0,0,0,0,"- ","- ",33.178028106689453,-117.28163146972656,"SAN DIEGO",OCEANSIDE,-117.28180694580078,33.178195953369141
8626854,2018,2018-06-08,3702,2018-05-17,0008,CV0983,,4,5,6,3702,0,0,0,,0,041,"TELEGRAPH CANYON RD","MEDICAL CENTER DR",10.00,W,N,A,-,N,,,,,,,,,,Y,3,0,1,2,A,-,01,23152,A,N,D,C,A,A,H,-,C,A,0,,,,,Y,Y,A,07,0,1,0,0,0,0,0,0,0,"- ","- ",,,"SAN DIEGO","CHULA VISTA",-117.02565765380859,32.624782562255859
8626858,2018,2018-06-05,3702,2018-05-13,2000,CV1193,,7,5,6,3702,0,0,0,,0,012,"H ST",BROADWAY,21.00,W,N,A,-,N,,,,,,,,,,Y,3,0,1,4,A,-,01,23153,A,N,D,C,A,A,H,-,C,A,0,,,,,Y,Y,D,22,0,1,0,0,0,0,0,0,0,"- ","- ",,,"SAN DIEGO","CHULA VISTA",-117.08952331542969,32.630943298339844
8626941,2018,2018-05-31,3702,2018-05-04,2007,CV1197,,5,5,6,3702,0,0,0,,0,023,"HILLTOP DR","E RIENSTRA",189.00,N,N,A,-,N,,,,,,,,,,Y,3,0,1,2,A,-,01,23152,A,N,B,C,A,A,H,-,C,A,0,,,,,Y,Y,A,08,0,1,0,0,0,0,0,0,0,"- ","- ",,,"SAN DIEGO","CHULA VISTA",-117.05210876464844,32.604881286621094
8627528,2018,2018-06-04,3702,2018-04-12,0120,CV1166,,4,5,6,3702,0,0,0,,0,014,"4TH AV","FLOWER ST",0.00,S,N,A,-,N,,,,,,,,,,Y,2,0,1,2,A,-,01,23152,A,N,E,E,A,A,H,-,C,D,0,,,,,Y,Y,A,01,1,0,0,0,0,0,0,0,0,"- ","- ",,,"SAN DIEGO","CHULA VISTA",-117.08598327636719,32.645351409912109
8627568,2018,2018-06-04,3702,2018-04-01,2048,CV1218,,7,5,6,3702,0,0,0,,0,014,"H ST","1ST ST",21.00,E,N,A,-,N,,,,,,,,,,Y,3,0,1,1,B,-,22,,,N,A,I,A,A,H,-,C,D,0,,,,,Y,Y,A,01,0,1,0,0,0,0,0,0,0,"- ","- ",,,"SAN DIEGO","CHULA VISTA",-117.06898498535156,32.63671875
8627596,2018,2018-06-04,3702,2018-04-18,1045,CV0882,,3,5,6,3702,0,0,0,,0,014,"E ST","2ND AV",16.00,W,N,A,-,N,,,,,,,,,,N,4,0,1,2,A,-,03,22350,,M,C,C,A,A,H,-,A,A,0,,,,,Y,Y,A,07,0,0,1,0,0,0,0,0,0,"- ","- ",,,"SAN DIEGO","CHULA VISTA",-117.07721710205078,32.645877838134766
8627601,2018,2018-06-05,3700,2018-04-04,2006,SH7709,,3,5,4,3780,0,0,0,,0,416,"KIRKHAM WY","COMMUNITY RD",0.00,,Y,A,-,N,,,,,,,,,,Y,2,0,1,2,A,-,01,23152,A,N,D,C,A,A,H,-,C,A,0,,,,,Y,Y,A,01,1,0,0,0,0,0,0,0,0,"- ","- ",,,"SAN DIEGO",POWAY,-117.04621887207031,32.935131072998047
8627609,2018,2018-06-05,3700,2018-04-30,1951,SH0163,,1,5,4,3780,0,0,0,,0,411,"ESPOLA RD","TWIN PEAKS RD",14.00,S,N,C,-,N,,,,,,,,,,N,4,0,1,2,A,-,01,23153,A,N,D,C,A,B,H,-,C,A,0,,,,,Y,Y,A,01,0,0,1,0,0,0,0,0,0,"- ","- ",,,"SAN DIEGO",POWAY,-117.02326202392578,32.978080749511719
8627681,2018,2018-06-04,3702,2018-04-28,2358,CV1206,,6,5,6,3702,0,0,0,,0,022,"MOSS ST","4TH AV",0.00,,Y,A,-,N,,,,,,,,,,Y,4,0,1,2,A,-,01,23152,B,M,D,D,A,A,H,-,C,A,0,,,,,Y,Y,A,01,0,0,1,0,0,0,0,0,0,"- ","- ",,,"SAN DIEGO","CHULA VISTA",-117.07453918457031,32.615978240966797
8627764,2018,2018-06-08,3706,2018-05-16,2043,471,ESCON,3,5,6,3706,0,0,0,,0,052,"ESCONDIDO BL","FELICITA AV",286.00,N,N,A,-,N,,,,,,,,,,N,4,0,2,3,A,-,01,23152,A,N,A,E,A,A,H,-,C,D,0,,,,,Y,Y,A,01,0,0,2,0,0,0,0,0,0,"- ","- ",33.104671478271484,-117.07311248779297,"SAN DIEGO",ESCONDIDO,-117.07359313964844,33.105350494384766
8627780,2018,2018-06-08,3706,2018-05-28,0325,487,ESCON,1,5,6,3706,0,0,0,,0,043,"CORTEZ AV","PIZARRO LN",472.00,W,N,A,-,N,,,,,,,,,,Y,3,0,1,2,A,-,01,23152,A,N,A,E,A,A,H,-,C,D,0,,,,,Y,Y,A,01,0,1,0,0,0,0,0,0,0,"- ","- ",33.151401519775391,-117.11448669433594,"SAN DIEGO",ESCONDIDO,-117.11574554443359,33.152061462402344