CASE_ID,ACCIDENT_YEAR,PROC_DATE,JURIS,COLLISION_DATE,COLLISION_TIME,OFFICER_ID,REPORTING_DISTRICT,DAY_OF_WEEK,CHP_SHIFT,POPULATION,CNTY_CITY_LOC,SPECIAL_COND,BEAT_TYPE,CHP_BEAT_TYPE,CITY_DIVISION_LAPD,CHP_BEAT_CLASS,BEAT_NUMBER,PRIMARY_RD,SECONDARY_RD,DISTANCE,DIRECTION,INTERSECTION,WEATHER_1,WEATHER_2,STATE_HWY_IND,CALTRANS_COUNTY,CALTRANS_DISTRICT,STATE_ROUTE,ROUTE_SUFFIX,POSTMILE_PREFIX,POSTMILE,LOCATION_TYPE,RAMP_INTERSECTION,SIDE_OF_HWY,TOW_AWAY,COLLISION_SEVERITY,NUMBER_KILLED,NUMBER_INJURED,PARTY_COUNT,PRIMARY_COLL_FACTOR,PCF_CODE_OF_VIOL,PCF_VIOL_CATEGORY,PCF_VIOLATION,PCF_VIOL_SUBSECTION,HIT_AND_RUN,TYPE_OF_COLLISION,MVIW,PED_ACTION,ROAD_SURFACE,ROAD_COND_1,ROAD_COND_2,LIGHTING,CONTROL_DEVICE,CHP_ROAD_TYPE,PEDESTRIAN_ACCIDENT,BICYCLE_ACCIDENT,MOTORCYCLE_ACCIDENT,TRUCK_ACCIDENT,NOT_PRIVATE_PROPERTY,ALCOHOL_INVOLVED,STWD_VEHTYPE_AT_FAULT,CHP_VEHTYPE_AT_FAULT,COUNT_SEVERE_INJ,COUNT_VISIBLE_INJ,COUNT_COMPLAINT_PAIN,COUNT_PED_KILLED,COUNT_PED_INJURED,COUNT_BICYCLIST_KILLED,COUNT_BICYCLIST_INJURED,COUNT_MC_KILLED,COUNT_MC_INJURED,PRIMARY_RAMP,SECONDARY_RAMP,LATITUDE,LONGITUDE,COUNTY,CITY,POINT_X,POINT_Y
8657119,2018,2018-09-25,3702,2018-07-07,1624,CV1230,,6,5,6,3702,0,0,0,,0,022,"4TH AV","NAPLES ST",522.00,N,N,A,-,N,,,,,,,,,,Y,3,0,1,3,A,-,01,23152,F,M,B,E,A,A,H,-,A,A,0,,,,,Y,Y,A,01,0,1,0,0,0,0,0,0,0,"- ","- ",,,"SAN DIEGO","CHULA VISTA",-117.07371520996094,32.613861083984375
8657212,2018,2018-09-12,3702,2018-06-16,1400,CV1148,,6,5,6,3702,0,0,0,,0,042,"OLYMPIC PKWY","TOWN CENTER",0.00,,Y,A,-,N,,,,,,,,,,Y,4,0,1,1,A,-,01,23152,A,N,E,I,A,A,H,-,A,A,0,,,,,Y,Y,A,01,0,0,1,0,0,0,0,0,0,"- ","- ",,,"SAN DIEGO","CHULA VISTA",-116.96746063232422,32.628578186035156
8658216,2018,2018-10-05,3711,2018-07-14,2333,7616,,6,5,7,3711,0,0,0,,0,627,"6TH AV",UNIVERSITY,30.00,S,N,A,-,N,,,,,,,,,,N,3,0,1,3,A,-,03,22350,,N,B,C,A,A,H,-,C,D,0,,,,,Y,Y,-,,0,1,0,0,0,0,0,0,0,"- ","- ",,,"SAN DIEGO","SAN DIEGO",-117.15953063964844,32.748249053955078
8658288,2018,2018-08-10,3702,2018-05-29,2145,CV1005,,2,5,6,3702,0,0,0,,0,041,"EAST PALOMAR ST","SANTA FLORA RD",220.00,E,N,A,-,N,,,,,,,,,,Y,3,0,1,1,A,-,01,23152,A,N,E,I,A,B,G,-,C,D,0,,,,,Y,Y,A,01,0,1,0,0,0,0,0,0,0,"- ","- ",,,"SAN DIEGO","CHULA VISTA",-116.99188232421875,32.629989624023438
8658334,2018,2018-08-16,3711,2018-07-14,2040,7757,,6,5,7,3711,0,0,0,,0,813,"EL CAJON BL","UTAH ST",0.00,,Y,A,-,N,,,,,,,,,,N,3,0,1,1,A,-,08,22107,,N,H,A,A,A,H,-,C,A,0,,,,,Y,Y,-,,0,1,0,0,0,0,0,0,0,"- ","- ",,,"SAN DIEGO","SAN DIEGO",-117.13265228271484,32.755401611328125
8659371,2018,2018-08-13,3705,2018-07-04,1722,EC0277,,3,5,5,3705,0,0,0,,0,002,"E MADISON",ORLANDO,0.00,,Y,A,-,N,,,,,,,,,,N,4,0,1,2,A,-,05,21202,A,N,D,G,A,A,H,-,A,D,0,,Y,,,Y,Y,L,04,0,0,1,0,0,0,1,0,0,"- ","- ",,,"SAN DIEGO","EL CAJON",-116.94013977050781,32.800159454345703
8659626,2018,2018-07-30,3711,2018-07-03,1654,7640,,2,5,7,3711,0,0,0,,0,627,"UNIVERSITY AV","RICHMOND ST",0.00,,Y,A,-,N,,,,,,,,,,Y,4,0,4,3,A,-,17,21707,,N,C,C,A,A,H,-,A,A,0,,,,,Y,Y,-,,0,0,4,0,0,0,0,0,0,"- ","- ",,,"SAN DIEGO","SAN DIEGO",-117.15123748779297,32.748561859130859
8659844,2018,2018-07-13,3711,2018-06-30,0215,6146,,6,5,7,3711,0,0,0,,0,122,"GARNET AV","BOND ST",5.20,W,N,A,-,N,,,,,,,,,,N,3,0,1,2,A,-,21,22106,,N,G,B,A,A,H,-,C,A,0,,,,,Y,Y,A,07,0,1,0,0,0,0,0,0,0,"- ","- ",,,"SAN DIEGO","SAN DIEGO",-117.22110748291016,32.805694580078125
8659889,2018,2018-07-23,3706,2018-06-04,1600,342,ESPD,1,5,6,3706,0,0,0,,0,056,"VALLEY PKWY","BEVEN DR",0.00,,Y,A,-,N,,,,,,,,,,N,4,0,1,2,A,-,01,23152,A,F,C,C,A,A,H,-,A,A,0,,,,,Y,Y,A,01,0,0,1,0,0,0,0,0,0,"- ","- ",,,"SAN DIEGO",ESCONDIDO,-117.03153991699219,33.155899047851562
8659941,2018,2018-07-18,3711,2018-06-22,2010,6726,,5,5,7,3711,0,0,0,,0,826,"EL CAJON BL",54TH,14.00,E,N,A,-,N,,,,,,,,,,Y,4,0,1,2,A,-,12,21453,A,M,B,C,A,A,H,-,C,A,0,,,,,Y,Y,-,,0,0,1,0,0,0,0,0,0,"- ","- ",,,"SAN DIEGO","SAN DIEGO",-117.07930755615234,32.757846832275391
8659949,2018,2018-07-18,3711,2018-06-30,2300,7595,,6,5,7,3711,0,0,0,,0,813,"OHIO ST","POLK AV",231.00,S,N,B,-,N,,,,,,,,,,Y,4,0,1,2,A,-,08,22107,,N,B,E,A,A,B,-,C,D,0,,,,,Y,Y,A,01,0,0,1,0,0,0,0,0,0,"- ","- ",,,"SAN DIEGO","SAN DIEGO",-117.12895202636719,32.751598358154297
8660501,2018,2018-07-20,3706,2018-06-22,1901,449,ESCON,5,5,6,3706,0,0,0,,0,053,"CENTRE CITY PKWY","CITRACADO PKWY",0.00,,Y,A,-,N,,,,,,,,,,Y,3,0,3,2,A,-,01,23152,A,N,A,C,A,A,H,-,B,A,0,,,,,Y,Y,A,07,0,2,1,0,0,0,0,0,0,"- ","- ",33.090679168701172,-117.07273101806641,"SAN DIEGO",ESCONDIDO,-117.07308959960938,33.090770721435547
8660719,2018,2018-10-24,3703,2018-07-04,0206,1120,,3,5,3,3703,0,0,0,,0,001,"3RD ST","E AV",71.00,E,N,A,-,Y,SD,11,282,-,-,0.140,H,-,W,Y,4,0,1,3,A,-,01,23152,A,N,C,E,A,A,H,-,E,D,0,,,,,Y,Y,A,01,0,0,1,0,0,0,0,0,0,"- ","- ",,,"SAN DIEGO",CORONADO,-117.17611694335938,32.696796417236328
8660720,2018,2018-07-19,3711,2018-07-02,2313,6432,SANDI,1,5,7,3711,0,0,0,,0,833,"FAIRMONT AV","WIGHTMAN ST",0.00,,Y,A,-,N,,,,,,,,,,N,4,0,1,2,D,-,00,,,M,D,G,A,A,H,-,C,A,0,,Y,,,Y,Y,-,"- ",0,0,1,0,0,0,1,0,0,"- ","- ",,,"SAN DIEGO","SAN DIEGO",-117.10092926025391,32.747879028320312
8661082,2018,2018-07-16,3711,2018-06-17,0211,7462,,7,5,7,3711,0,0,0,,0,523,"MARKET ST","5TH AV",0.00,,Y,A,-,N,,,,,,,,,,N,3,0,1,2,A,-,10,21950,A,N,G,B,B,A,H,-,C,A,0,Y,,,,Y,Y,A,01,0,1,0,0,1,0,0,0,0,"- ","- ",,,"SAN DIEGO","SAN DIEGO",-117.16014862060547,32.711498260498047
8661194,2018,2018-07-20,3711,2018-07-01,1834,7536,,7,5,7,3711,0,0,0,,0,521,"MARKET ST","13TH ST",0.00,,Y,A,-,N,,,,,,,,,,Y,3,0,4,4,A,-,09,21801,A,N,D,-,F,A,H,-,A,A,0,Y,,,,Y,Y,A,01,0,3,1,0,1,0,0,0,0,"- ","- ",,,"SAN DIEGO","SAN DIEGO",-117.15280914306641,32.711540222167969
8661281,2018,2018-07-13,3702,2018-06-03,0651,CV0967,,7,5,6,3702,0,0,0,,0,041,"PASEO RANCHERO","TELEGRAPH CANYON RD",2.00,S,N,A,-,N,,,,,,,,,,Y,3,0,1,1,A,-,01,23152,A,N,E,I,A,A,H,-,A,A,0,,,,,Y,Y,A,01,0,1,0,0,0,0,0,0,0,"- ","- ",,,"SAN DIEGO","CHULA VISTA",-117.00821685791016,32.625579833984375
8661283,2018,2018-07-20,3706,2018-06-28,2206,449,ESCON,4,5,6,3706,0,0,0,,0,045,"WILLOWBROOK ST","VALLEY PKWY",365.00,N,N,A,-,N,,,,,,,,,,Y,3,0,1,1,A,-,01,23152,A,N,E,I,A,A,H,-,C,A,0,,,,,Y,Y,A,01,0,1,0,0,0,0,0,0,0,"- ","- ",33.091720581054688,-117.11477661132812,"SAN DIEGO",ESCONDIDO,-117.11469268798828,33.091720581054688
8661295,2018,2018-07-20,3706,2018-06-15,2037,406,ESCON,5,5,6,3706,0,0,0,,0,042,"MISSION AV","ESCONDIDO BL",242.00,E,N,A,-,N,,,,,,,,,,N,3,0,1,2,A,-,11,21955,,N,G,B,D,A,H,-,C,D,0,Y,,,,Y,Y,N,60,0,1,0,0,1,0,0,0,0,"- ","- ",33.129169464111328,-117.08927917480469,"SAN DIEGO",ESCONDIDO,-117.08863067626953,33.129322052001953
8661299,2018,2018-07-20,3706,2018-06-22,2201,406,ESCON,5,5,6,3706,0,0,0,,0,043,"NUTMEG ST","VIA ALEXANDRA",154.00,S,N,A,-,N,,,,,,,,,,Y,3,0,1,1,A,-,01,23152,A,N,E,I,A,A,H,-,C,D,0,,,,,Y,Y,A,01,0,1,0,0,0,0,0,0,0,"- ","- ",33.152729034423828,-117.10688018798828,"SAN DIEGO",ESCONDIDO,-117.10682678222656,33.152374267578125
8661363,2018,2018-07-18,3705,2018-07-02,1423,EC0163,,1,5,5,3705,0,0,0,,0,003,JAMACHA,MAIN,120.00,S,N,A,-,N,,,,,,,,,,Y,4,0,1,3,A,-,01,23152,A,N,C,C,A,A,H,-,A,A,0,,,,,Y,Y,A,01,0,0,1,0,0,0,0,0,0,"- ","- ",,,"SAN DIEGO","EL CAJON",-116.93573760986328,32.795082092285156
8662737,2018,2018-07-26,3700,2018-05-04,0110,SH1725,,5,5,5,3712,0,0,0,,0,359,"WEST SAN MARCOS BL","S BENT AV",27.00,E,N,A,-,N,,,,,,,,,,Y,3,0,1,1,A,-,01,23152,A,N,E,I,A,A,H,-,C,D,0,,,,,Y,Y,A,01,0,1,0,0,0,0,0,0,0,"- ","- ",,,"SAN DIEGO","SAN MARCOS",-117.18194580078125,33.136463165283203
8662741,2018,2018-07-26,3700,2018-05-04,0109,SH1725,,5,5,5,3712,0,0,0,,0,359,"WEST SAN MARCOS BL","PARK AV",15.00,W,N,A,-,N,,,,,,,,,,Y,3,0,2,2,A,-,01,23152,A,M,C,C,A,A,H,-,C,D,0,,,,,Y,Y,A,01,0,1,1,0,0,0,0,0,0,"- ","- ",,,"SAN DIEGO","SAN MARCOS",-117.18598937988281,33.135368347167969
8663157,2018,2018-07-18,3711,2018-06-11,2031,6146,,1,5,7,3711,0,0,0,,0,624,"WASHINGTON ST","RICHMOND ST",766.00,W,N,A,-,N,,,,,,,,,,N,2,0,1,2,A,-,08,22107,,N,D,C,A,A,H,-,D,D,0,,,Y,,Y,Y,C,03,1,0,0,0,0,0,0,0,1,"- ","- ",,,"SAN DIEGO","SAN DIEGO",-117.1533203125,32.750644683837891
8663691,2018,2018-07-19,3711,2018-06-23,2146,6817,SANDI,6,5,7,3711,0,0,0,,0,622,"LINDA VISTA RD","MOLLIE ST",15.00,N,N,A,-,N,,,,,,,,,,N,3,0,1,1,A,-,08,22107,,N,F,A,A,A,H,-,C,D,0,,Y,,,Y,Y,L,04,0,1,0,0,0,0,1,0,0,"- ","- ",,,"SAN DIEGO","SAN DIEGO",-117.19511413574219,32.767471313476562
8663695,2018,2018-07-19,3711,2018-06-24,2013,6817,,7,5,7,3711,0,0,0,,0,627,"1ST AV","ROBINSON AV",9.00,S,N,A,-,N,,,,,,,,,,N,3,0,1,1,A,-,08,22107,,N,F,I,A,A,H,-,C,D,0,,,,,Y,Y,-,,0,1,0,0,0,0,0,0,0,"- ","- ",,,"SAN DIEGO","SAN DIEGO",-117.16388702392578,32.74688720703125
8663699,2018,2018-08-27,3711,2018-07-07,1700,7535,,6,5,7,3711,0,0,0,,0,432,"EUCLID AV",IMPERIAL,100.00,S,N,A,-,N,,,,,,,,,,N,3,0,1,2,A,-,11,21950,B,N,G,B,E,A,H,-,A,D,0,Y,,,,Y,Y,A,01,0,1,0,0,1,0,0,0,0,"- ","- ",,,"SAN DIEGO","SAN DIEGO",-117.08499908447266,32.704509735107422
8663828,2018,2018-07-24,3711,2018-07-05,0438,8447,,4,5,7,3711,0,0,0,,0,903,"PICADOR BL","BEYER WAY",25.00,N,N,A,-,N,,,,,,,,,,N,3,0,1,2,A,-,11,21954,A,N,G,B,D,A,H,-,C,D,0,Y,,,,Y,Y,N,60,0,1,0,0,1,0,0,0,0,"- ","- ",,,"SAN DIEGO","SAN DIEGO",-117.06201171875,32.583770751953125
8663836,2018,2018-07-24,3711,2018-07-08,0204,7274,,7,5,7,3711,0,0,0,,0,621,"TAIT ST","ABBE ST",0.00,,Y,A,-,N,,,,,,,,,,Y,3,0,1,2,A,-,03,22350,,N,B,E,A,A,H,-,C,D,0,,,,,Y,Y,A,01,0,1,0,0,0,0,0,0,0,"- ","- ",,,"SAN DIEGO","SAN DIEGO",-117.16802215576172,32.781261444091797
8664240,2018,2018-10-24,3709,2018-07-01,2000,NC0494,,7,5,5,3709,0,0,0,,0,024,"HIGHLAND AV","RT 54",0.00,,Y,A,-,Y,SD,11,54,-,-,1.115,R,4,W,Y,4,0,1,1,A,-,01,23152,A,N,A,I,A,A,H,-,C,A,0,,,,,Y,Y,A,01,0,0,1,0,0,0,0,0,0,"- ",WO,,,"SAN DIEGO","NATIONAL CITY",-117.0870361328125,32.657794952392578
8664273,2018,2018-07-27,3709,2018-06-26,1950,NC0458,,2,5,5,3709,0,0,0,,0,024,"HIGHLAND AV","E 27TH ST",108.00,S,N,A,-,N,,,,,,,,,,N,3,0,1,2,A,-,08,22107,,F,C,C,A,A,H,-,B,D,0,,,,,Y,Y,D,22,0,1,0,0,0,0,0,0,0,"- ","- ",,,"SAN DIEGO","NATIONAL CITY",,
8664305,2018,2018-07-31,3706,2018-07-08,1308,1603,ESCON,7,5,6,3706,0,0,0,,0,045,"AUTO PARK WY","AUTO PARK WY 1550",0.00,,-,A,-,N,,,,,,,,,,Y,3,0,1,2,A,-,01,23152,A,N,B,E,A,A,H,-,A,D,0,,,,,Y,Y,D,22,0,1,0,0,0,0,0,0,0,"- ","- ",33.113998413085938,-117.10504913330078,"SAN DIEGO",ESCONDIDO,-117.10502654,33.114060379999998
8664417,2018,2018-07-20,3701,2018-07-06,1030,CB5519,,5,5,5,3701,0,0,0,,0,005,"EL FUERTE ST","FARADAY AV",19.00,S,N,A,-,N,,,,,,,,,,Y,3,0,1,1,A,-,03,22350,,N,E,I,A,A,H,-,A,A,0,,,,,Y,Y,A,01,0,1,0,0,0,0,0,0,0,"- ","- ",,,"SAN DIEGO",CARLSBAD,-117.25880432128906,33.13787841796875
8664722,2018,2018-08-27,3711,2018-07-08,2247,7523,SD,7,5,7,3711,0,0,0,,0,452,"VALENCIA PKWY","VALENCIA PKWY 100",0.00,,N,A,-,N,,,,,,,,,,N,3,0,1,2,A,-,08,22107,,N,B,C,A,A,H,-,C,D,0,,,,,Y,Y,-,,0,1,0,0,0,0,0,0,0,"- ","- ",,,"SAN DIEGO","SAN DIEGO",,
8664726,2018,2018-07-30,3711,2018-07-08,0302,6641,,7,5,7,3711,0,0,0,,0,936,"CAMINO DEL SUR","HIGHLANDS VILLAGE PL",60.00,N,N,A,-,N,,,,,,,,,,Y,3,0,1,1,A,-,08,22107,,N,E,I,A,A,H,-,C,D,0,,,,,Y,Y,-,,0,1,0,0,0,0,0,0,0,"- ","- ",,,"SAN DIEGO","SAN DIEGO",-117.15263366699219,32.961917877197266
8664729,2018,2018-09-11,3711,2018-07-07,1730,8332,,6,5,7,3711,0,0,0,,0,524,"G ST","8TH AV",0.00,,Y,A,-,N,,,,,,,,,,Y,3,0,2,2,A,-,09,21453,B,N,D,C,A,A,H,-,A,A,0,,,,,Y,Y,A,01,0,1,1,0,0,0,0,0,0,"- ","- ",,,"SAN DIEGO","SAN DIEGO",-117.15740966796875,32.712589263916016
8664757,2018,2018-09-11,3711,2018-07-05,2315,8816,,4,5,7,3711,0,0,0,,0,124,"NAUTILUS ST","NEPTUNE PL",1000.00,E,N,A,-,N,,,,,,,,,,Y,4,0,1,5,A,-,08,22107,,N,A,E,A,A,H,-,C,D,0,,,,,Y,Y,A,01,0,0,1,0,0,0,0,0,0,"- ","- ",,,"SAN DIEGO","SAN DIEGO",-117.27753448486328,32.831600189208984
8664794,2018,2018-07-30,3711,2018-07-06,0407,6252,,5,5,7,3711,0,0,0,,0,531,"PERSHING DR","26TH ST",164.00,N,N,A,-,N,,,,,,,,,,Y,2,0,2,1,A,-,08,22107,,N,E,I,A,A,H,-,A,D,0,,,,,Y,Y,A,01,1,0,1,0,0,0,0,0,0,"- ","- ",,,"SAN DIEGO","SAN DIEGO",-117.14240264892578,32.723129272460938
8666129,2018,2018-10-10,3706,2018-07-25,0455,374,ESCON,3,5,6,3706,0,0,0,,0,041,"LINCOLN AV","GAMBLE ST",21.00,W,N,A,-,N,,,,,,,,,,Y,4,0,2,2,A,-,03,22350,,N,C,C,A,A,H,-,C,D,0,,,,,Y,Y,A,01,0,0,2,0,0,0,0,0,0,"- ","- ",33.135261535644531,-117.08233642578125,"SAN DIEGO",ESCONDIDO,-117.08229064941406,33.135181427001953
8666141,2018,2018-10-10,3700,2018-07-24,1939,SH0327,,2,5,5,3712,0,0,0,,0,355,"GRAND AV","RANCHO SANTA FE RD",78.00,W,N,A,-,N,,,,,,,,,,Y,4,0,1,2,A,-,01,23152,A,N,A,C,A,A,H,-,B,D,0,,,,,Y,Y,D,22,0,0,1,0,0,0,0,0,0,"- ","- ",,,"SAN DIEGO","SAN MARCOS",-117.20065307617188,33.146163940429688
8666402,2018,2018-07-30,3701,2018-07-03,1013,CB5342,,2,5,5,3701,0,0,0,,0,004,"EL CAMINIO REAL","PLAZA DR",129.00,S,N,A,-,N,,,,,,,,,,N,4,0,1,2,A,-,11,21954,A,N,G,B,D,A,H,-,A,A,0,Y,,,,Y,Y,N,60,0,0,1,0,1,0,0,0,0,"- ","- ",,,"SAN DIEGO",CARLSBAD,-117.32681274414062,33.178958892822266
8666448,2018,2018-08-01,3711,2018-07-15,0127,7747,,7,5,7,3711,0,0,0,,0,121,"MARINERS WY","WEST MISSION BAY DR",198.00,S,N,A,-,N,,,,,,,,,,Y,3,0,1,1,A,-,03,22350,,N,E,I,A,A,H,-,C,D,0,,,,,Y,Y,D,22,0,1,0,0,0,0,0,0,0,"- ","- ",,,"SAN DIEGO","SAN DIEGO",-117.24727630615234,32.770778656005859
8666452,2018,2018-08-01,3711,2018-07-12,0126,8816,,4,5,7,3711,0,0,0,,0,115,"AVENIDA NAVIDAD","NOBEL DR",10.00,W,N,A,-,N,,,,,,,,,,Y,3,0,1,2,A,-,08,22107,,N,D,E,A,A,H,-,C,A,0,,,,,Y,Y,A,01,0,1,0,0,0,0,0,0,0,"- ","- ",,,"SAN DIEGO","SAN DIEGO",-117.20870208740234,32.865299224853516
8666459,2018,2018-08-29,3711,2018-07-16,1748,7702,,1,5,7,3711,0,0,0,,0,113,"LUNA AV","GALLATIN WY",49.00,W,N,A,-,N,,,,,,,,,,N,4,0,1,2,A,-,03,22350,,N,C,E,A,A,H,-,A,D,0,,,,,Y,Y,A,01,0,0,1,0,0,0,0,0,0,"- ","- ",,,"SAN DIEGO","SAN DIEGO",-117.22284698486328,32.834663391113281
8666479,2018,2018-08-08,3711,2018-07-13,2240,SMITH,,5,5,7,3711,0,0,0,,0,12Y,"DAWES ST","TOURMALINE ST",9.00,N,N,A,-,N,,,,,,,,,,N,3,0,1,1,D,-,00,,,N,H,-,A,A,H,-,D,D,0,,Y,,,Y,Y,-,"- ",0,1,0,0,0,0,1,0,0,"- ","- ",,,"SAN DIEGO","SAN DIEGO",-117.25316619873047,32.808113098144531
8666859,2018,2018-10-18,3711,2018-07-08,0110,7592,SD,7,5,7,3711,0,0,0,,0,112,"BOYD AV","GENESEE AV",75.00,W,N,A,-,N,,,,,,,,,,Y,3,0,2,1,A,-,03,22350,,N,E,I,A,A,H,-,D,D,0,,,,,Y,Y,-,,0,2,0,0,0,0,0,0,0,"- ","- ",,,"SAN DIEGO","SAN DIEGO",-117.17792510986328,32.810611724853516
8666954,2018,2018-10-18,3706,2018-07-13,1721,449,ESCON,5,5,6,3706,0,0,0,,0,043,"CENTRE CITY PKWY","COUNTRY CLUB LN",83.00,N,N,A,-,N,,,,,,,,,,Y,3,0,3,5,A,-,01,23152,A,N,C,C,A,A,H,-,A,A,0,,,,,Y,Y,A,01,0,1,2,0,0,0,0,0,0,"- ","- ",33.158161163330078,-117.10193634033203,"SAN DIEGO",ESCONDIDO,-117.10227203369141,33.158348083496094
8667115,2018,2018-08-15,3710,2018-06-08,0420,OC1415,006,5,5,6,3710,0,0,0,,0,001,"RT 76","NORTH COAST HWY",1033.00,E,N,A,-,Y,SD,11,76,-,R,0.020,H,-,W,Y,4,0,2,1,A,-,01,23152,A,N,E,I,A,B,H,-,C,A,0,,,,,Y,Y,A,01,0,0,2,0,0,0,0,0,0,"- ","- ",,,"SAN DIEGO",OCEANSIDE,-117.3831787109375,33.205127716064453
8667270,2018,2018-08-08,3702,2018-06-10,2208,CV1201,,7,5,6,3702,0,0,0,,0,014,"BONITA GLEN DR","VISTA DR",96.00,N,N,A,-,N,,,,,,,,,,Y,3,0,1,2,A,-,01,23152,B,N,F,E,A,A,H,-,D,D,0,,,,,Y,Y,A,01,0,1,0,0,0,0,0,0,0,"- ","- ",,,"SAN DIEGO","CHULA VISTA",-117.06198883056641,32.646076202392578
8667285,2018,2018-10-24,3710,2018-07-19,2030,OC1399,,4,5,6,3710,0,0,0,,0,,"RT 76","LORETTA ST",1200.00,E,N,A,-,Y,SD,11,76,-,R,0.720,H,-,W,Y,3,0,1,1,A,-,01,23153,B,N,E,I,A,A,H,-,D,D,0,,,,,Y,Y,A,01,0,1,0,0,0,0,0,0,0,"- ","- ",33.210178375244141,-117.37818145751953,"SAN DIEGO",OCEANSIDE,-117.37465667724609,33.212284088134766
8668436,2018,2018-08-07,3709,2018-07-14,0030,NC0501,,6,5,5,3709,0,0,0,,0,021,"EAST PLAZA BL","HARBISON AV",0.00,,Y,A,-,N,,,,,,,,,,N,4,0,1,2,B,-,22,,,N,B,C,A,A,H,-,C,A,0,,,,,Y,Y,A,01,0,0,1,0,0,0,0,0,0,"- ","- ",,,"SAN DIEGO","NATIONAL CITY",-117.07401275634766,32.681709289550781
8668447,2018,2018-08-02,3706,2018-07-14,1553,507,ESCON,6,5,6,3706,0,0,0,,0,042,"WASHINGTON AV",BROADWAY,0.00,,Y,A,-,N,,,78,,,,,,,Y,3,0,1,2,A,-,01,23152,A,F,A,C,A,A,H,-,A,A,0,,,,,Y,Y,A,07,0,1,0,0,0,0,0,0,0,"- ","- ",33.126991271972656,-117.08374786376953,"SAN DIEGO",ESCONDIDO,-117.08375549316406,33.126998901367188
8668560,2018,2018-07-26,3700,2018-05-26,1735,SH2573,,6,5,5,3782,0,0,0,,0,212,"SAXONY RD","SEA CREST WY",0.00,,Y,A,-,N,,,,,,,,,,N,3,0,1,2,A,-,01,21200,5,N,C,G,A,A,H,-,A,A,0,,Y,,,Y,Y,L,04,0,1,0,0,0,0,1,0,0,"- ","- ",,,"SAN DIEGO",ENCINITAS,-117.28565979003906,33.050891876220703
8668596,2018,2018-08-09,3700,2018-05-07,2328,SH3084,,1,5,5,3782,0,0,0,,0,224,"MANCHESTER AV","ENCINITAS BL",263.00,S,N,A,-,N,,,,,,,,,,Y,3,0,2,2,A,-,01,23152,A,N,C,E,A,A,H,-,C,A,0,,,,Y,Y,Y,A,01,0,2,0,0,0,0,0,0,0,"- ","- ",,,"SAN DIEGO",ENCINITAS,-117.23898315429688,33.036567687988281
8668728,2018,2018-09-26,3700,2018-05-31,1549,SH3306,,4,5,5,3782,0,0,0,,0,221,"RT 101","WEST K ST",250.00,S,N,A,-,N,,,,,,,,,,Y,4,0,3,2,A,-,01,23153,A,F,C,C,A,A,H,-,A,D,0,,,,,Y,Y,A,01,0,0,3,0,0,0,0,0,0,"- ","- ",,,"SAN DIEGO",ENCINITAS,-117.29201507568359,33.036212921142578
8669231,2018,2018-08-14,3710,2018-07-14,0325,OC1417,,6,5,6,3710,0,0,0,,0,,"OCEANSIDE BL","PARKWOOD LN",261.00,E,N,A,-,N,,,,,,,,,,N,4,0,1,1,A,-,01,23152,A,N,E,I,A,A,H,-,C,A,0,,,,,Y,Y,A,01,0,0,1,0,0,0,0,0,0,"- ","- ",33.189701080322266,-117.36325073242188,"SAN DIEGO",OCEANSIDE,-117.36265563964844,33.190113067626953
8669235,2018,2018-08-14,3710,2018-07-23,1930,OC1355,026,1,5,6,3710,0,0,0,,0,006,"EL CAMINO REAL","VISTA WY",300.00,N,N,A,-,N,,,,,,,,,,Y,4,0,1,2,A,-,01,23152,A,N,C,C,A,A,H,-,A,D,0,,,,,Y,Y,A,01,0,0,1,0,0,0,0,0,0,"- ","- ",33.183208465576172,-117.32698822021484,"SAN DIEGO",OCEANSIDE,-117.32725524902344,33.183994293212891
8669240,2018,2018-08-14,3711,2018-07-23,2235,7233,,1,5,7,3711,0,0,0,,0,234,"BERNARDO CENTER DR","WEST BERNARDO DR",0.00,,Y,A,-,N,,,,,,,,,,Y,3,0,2,2,A,-,03,22350,,N,C,C,A,A,D,-,C,A,0,,,,,Y,Y,A,01,0,1,1,0,0,0,0,0,0,"- ","- ",,,"SAN DIEGO","SAN DIEGO",-117.08882141113281,33.0081787109375
8669289,2018,2018-08-14,3711,2018-07-13,1855,8332,,5,5,7,3711,0,0,0,,0,512,"COMMERCIAL ST","22ND ST",170.00,E,N,A,-,N,,,,,,,,,,N,4,0,1,2,A,-,05,21651,B,N,A,G,A,A,H,-,A,D,0,,Y,,,Y,Y,L,04,0,0,1,0,0,0,1,0,0,"- ","- ",,,"SAN DIEGO","SAN DIEGO",-117.14338684082031,32.705291748046875
8669309,2018,2018-08-14,3711,2018-07-22,2149,7233,,7,5,7,3711,0,0,0,,0,326,"ADAMS AV","EL CERRITO PL",96.00,E,N,B,-,N,,,,,,,,,,Y,3,0,2,1,A,-,03,22350,,N,E,I,A,A,H,-,C,D,0,,,,,Y,Y,A,01,0,2,0,0,0,0,0,0,0,"- ","- ",,,"SAN DIEGO","SAN DIEGO",-117.07279968261719,32.762611389160156
8669569,2018,2018-08-28,3700,2018-06-30,2354,SH0315,,6,5,5,3782,0,0,0,,0,224,"MANCHESTER AV","RT 5",1693.00,E,N,A,-,N,,,,,,,,,,Y,2,0,1,1,A,-,08,22107,,N,H,A,A,A,H,-,D,D,0,,,Y,,Y,Y,C,02,1,0,0,0,0,0,0,0,1,"- ",NO,,,"SAN DIEGO",ENCINITAS,-117.26451873779297,33.010440826416016