CASE_ID,ACCIDENT_YEAR,PROC_DATE,JURIS,COLLISION_DATE,COLLISION_TIME,OFFICER_ID,REPORTING_DISTRICT,DAY_OF_WEEK,CHP_SHIFT,POPULATION,CNTY_CITY_LOC,SPECIAL_COND,BEAT_TYPE,CHP_BEAT_TYPE,CITY_DIVISION_LAPD,CHP_BEAT_CLASS,BEAT_NUMBER,PRIMARY_RD,SECONDARY_RD,DISTANCE,DIRECTION,INTERSECTION,WEATHER_1,WEATHER_2,STATE_HWY_IND,CALTRANS_COUNTY,CALTRANS_DISTRICT,STATE_ROUTE,ROUTE_SUFFIX,POSTMILE_PREFIX,POSTMILE,LOCATION_TYPE,RAMP_INTERSECTION,SIDE_OF_HWY,TOW_AWAY,COLLISION_SEVERITY,NUMBER_KILLED,NUMBER_INJURED,PARTY_COUNT,PRIMARY_COLL_FACTOR,PCF_CODE_OF_VIOL,PCF_VIOL_CATEGORY,PCF_VIOLATION,PCF_VIOL_SUBSECTION,HIT_AND_RUN,TYPE_OF_COLLISION,MVIW,PED_ACTION,ROAD_SURFACE,ROAD_COND_1,ROAD_COND_2,LIGHTING,CONTROL_DEVICE,CHP_ROAD_TYPE,PEDESTRIAN_ACCIDENT,BICYCLE_ACCIDENT,MOTORCYCLE_ACCIDENT,TRUCK_ACCIDENT,NOT_PRIVATE_PROPERTY,ALCOHOL_INVOLVED,STWD_VEHTYPE_AT_FAULT,CHP_VEHTYPE_AT_FAULT,COUNT_SEVERE_INJ,COUNT_VISIBLE_INJ,COUNT_COMPLAINT_PAIN,COUNT_PED_KILLED,COUNT_PED_INJURED,COUNT_BICYCLIST_KILLED,COUNT_BICYCLIST_INJURED,COUNT_MC_KILLED,COUNT_MC_INJURED,PRIMARY_RAMP,SECONDARY_RAMP,LATITUDE,LONGITUDE,COUNTY,CITY,POINT_X,POINT_Y
8843822,2019,2019-04-18,3711,2019-04-07,1820,6082,,7,5,7,3711,0,0,0,,0,122,"DIAMOND ST","FANUEL ST",0.00,,Y,A,-,N,,,,,,,,,,N,3,0,1,1,A,-,03,22350,,N,F,I,A,A,H,-,A,A,0,,,Y,,Y,Y,C,06,0,1,0,0,0,0,0,0,1,"- ","- ",,,"SAN DIEGO","SAN DIEGO",-117.24720001220703,32.801319122314453
8843825,2019,2019-05-06,3711,2019-04-04,1836,7536,,4,5,7,3711,0,0,0,,0,122,"GRAND AV","LEE ST",0.00,,Y,A,-,N,,,,,,,,,,Y,3,0,5,2,A,-,04,21703,,N,-,C,A,A,H,-,A,A,0,,,,,Y,Y,-,,0,1,4,0,0,0,0,0,0,"- ","- ",,,"SAN DIEGO","SAN DIEGO",-117.22464752197266,32.801368713378906
8843826,2019,2019-05-06,3711,2019-04-07,1741,7263,N2,7,5,7,3711,0,0,0,,0,122,"GARNET AV","GARNET AV 1700 SOUTH ALLEY",0.00,,-,A,-,N,,,,,,,,,,N,3,0,1,1,A,-,03,22350,,N,H,A,A,A,H,-,A,D,0,,,Y,,Y,Y,C,06,0,1,0,0,0,0,0,0,1,"- ","- ",,,"SAN DIEGO","SAN DIEGO",,
8843834,2019,2019-04-18,3711,2019-04-05,2001,7790,,5,5,7,3711,0,0,0,,0,614,"SUNSET CLIFFS BL","SANTA MONICA AV",126.00,N,N,A,-,N,,,,,,,,,,N,3,0,1,1,A,-,17,21235,E,N,H,C,A,A,H,-,C,-,0,,,Y,,Y,Y,C,03,0,1,0,0,0,0,0,0,1,"- ","- ",,,"SAN DIEGO","SAN DIEGO",-117.24663543701172,32.745876312255859
8844595,2019,2019-05-22,3711,2019-04-04,1636,8334,,4,5,7,3711,0,0,0,,0,431,"BOLLENBACHER ST","KELTON RD",0.00,,Y,B,-,N,,,,,,,,,,Y,3,0,2,2,A,-,12,22450,A,N,D,C,A,A,H,-,A,A,0,,,,,Y,Y,A,01,0,1,1,0,0,0,0,0,0,"- ","- ",,,"SAN DIEGO","SAN DIEGO",-117.07433319091797,32.714069366455078
8844641,2019,2019-04-25,3711,2019-03-23,1654,HB5101,,6,5,7,3711,0,0,0,,0,504,"HARBOR DR",BROADWAY,0.00,,N,A,-,N,,,,,,,,,,N,4,0,2,2,A,-,01,23152,A,N,C,C,A,A,H,-,A,D,0,,,,,Y,Y,D,22,0,0,2,0,0,0,0,0,0,"- ","- ",,,"SAN DIEGO","SAN DIEGO",-117.17311859130859,32.7156982421875
8844734,2019,2019-04-25,3711,2019-04-02,1440,6389,,2,5,7,3711,0,0,0,,0,121,"MISSION BAY DR","MISSION BL",26.00,E,N,A,-,N,,,,,,,,,,Y,3,0,1,3,A,-,08,22107,,N,A,C,A,A,H,-,A,A,0,,,,,Y,Y,-,,0,1,0,0,0,0,0,0,0,"- ","- ",,,"SAN DIEGO","SAN DIEGO",-117.25104522705078,32.772041320800781
8844746,2019,2019-04-25,3711,2019-04-10,2338,8816,,3,5,7,3711,0,0,0,,0,122,"RIVIERA DR","FORTUNA AV",200.00,N,N,A,-,N,,,,,,,,,,N,3,0,1,2,A,-,04,21703,,N,C,C,A,A,H,-,C,A,0,,,,,Y,Y,A,01,0,1,0,0,0,0,0,0,0,"- ","- ",,,"SAN DIEGO","SAN DIEGO",-117.24147796630859,32.792289733886719
8845650,2019,2019-05-13,3711,2019-04-14,0120,SD4576,,7,5,7,3711,0,0,0,,0,111,"ASHFORD ST","ECKSTROM AV",226.00,S,N,A,-,N,,,,,,,,,,Y,3,0,1,2,A,-,05,21460,A,N,A,E,A,A,H,-,C,B,0,,,,Y,Y,Y,A,01,0,1,0,0,0,0,0,0,0,"- ","- ",,,"SAN DIEGO","SAN DIEGO",-117.16339874267578,32.819580078125
8845870,2019,2019-04-30,3711,2019-04-05,1327,SD5672,,5,5,7,3711,0,0,0,,0,311,"MISSION VILLAGE DR","SHAWN  AV",393.00,S,N,B,-,N,,,,,,,,,,Y,3,0,1,2,A,-,08,22107,,N,B,C,A,A,H,-,A,D,0,,,,,Y,Y,A,01,0,1,0,0,0,0,0,0,0,"- ","- ",,,"SAN DIEGO","SAN DIEGO",-117.12358856201172,32.793781280517578
8845874,2019,2019-04-30,3711,2019-04-02,0949,SD5654,,2,5,7,3711,0,0,0,,0,621,"GENESEE AV","RICHMOND ST",68.00,W,N,A,-,N,,,,,,,,,,N,4,0,1,2,A,-,03,22350,,M,C,C,A,A,D,-,A,A,0,,,,,Y,Y,-,99,0,0,1,0,0,0,0,0,0,"- ","- ",,,"SAN DIEGO","SAN DIEGO",,
8845890,2019,2019-04-30,3711,2019-04-08,0218,7300,MIDCI,1,5,7,3711,0,0,0,,0,824,"COLLWOOD BL","COLLWOOD LN",21.00,N,N,B,-,N,,,,,,,,,,Y,3,0,1,3,A,-,07,21658,A,N,C,C,A,A,H,-,C,D,0,,,,,Y,Y,-,,0,1,0,0,0,0,0,0,0,"- ","- ",,,"SAN DIEGO","SAN DIEGO",-117.08376312255859,32.766635894775391
8845920,2019,2019-04-26,3711,2019-04-10,2012,8447,,3,5,7,3711,0,0,0,,0,725,"PALM AV","DENNERY RD",28.00,E,N,A,-,N,,,,,,,,,,Y,4,0,2,2,A,-,03,22350,,M,A,C,A,A,H,-,C,A,0,,,,,Y,Y,-,,0,0,2,0,0,0,0,0,0,"- ","- ",,,"SAN DIEGO","SAN DIEGO",-117.03240203857422,32.583919525146484
8846667,2019,2019-06-24,3705,2019-04-21,2147,EC0371,,7,5,5,3705,0,0,0,,0,002,BROADWAY,"MOLLISON AV",405.00,E,N,A,-,N,,,,,,,,,,Y,4,0,1,1,A,-,01,23152,A,N,E,I,A,A,H,-,C,D,0,,,Y,,Y,Y,C,02,0,0,1,0,0,0,0,0,1,"- ","- ",,,"SAN DIEGO","EL CAJON",-116.94965362548828,32.807701110839844
8846813,2019,2019-08-27,3710,2019-05-01,1744,OC1185,,3,5,6,3710,0,0,0,,0,010,"RT 76","AIRPORT RD",120.00,E,N,A,-,Y,SD,11,76,-,R,2.170,H,-,W,Y,3,0,3,3,A,-,01,23152,A,N,C,C,A,A,H,-,A,D,0,,,,,Y,Y,A,01,0,1,2,0,0,0,0,0,0,"- ","- ",,,"SAN DIEGO",OCEANSIDE,-117.35067749023438,33.216670989990234
8846887,2019,2019-08-27,3710,2019-05-12,0638,OC1065,,7,5,6,3710,0,0,0,,0,001,"RT 76","RT 5",300.00,E,N,B,-,Y,SD,11,5,-,R,53.741,R,4,S,Y,3,0,2,2,A,-,01,23153,,N,A,C,A,A,H,-,A,D,0,,,,,Y,Y,A,01,0,1,1,0,0,0,0,0,0,"- ",SO,,,"SAN DIEGO",OCEANSIDE,-117.38050842285156,33.20306396484375
8847003,2019,2019-06-24,3700,2019-02-03,0752,SH0431,,7,5,4,3720,0,0,0,,0,604,"69TH ST","MOUNT VERNON ST",0.00,,N,A,-,N,,,,,,,,,,Y,3,0,1,2,A,-,01,23152,A,N,E,E,A,A,H,-,A,A,0,,,,,Y,Y,A,01,0,1,0,0,0,0,0,0,0,"- ","- ",,,"SAN DIEGO","LEMON GROVE",-117.04939270019531,32.731540679931641
8847030,2019,2019-05-23,3711,2019-05-05,2015,SD4576,,7,5,7,3711,0,0,0,,0,315,"CAMINO DEL RIO S","TEXAS ST",1038.00,W,N,B,-,N,,,,,,,,,,Y,3,0,2,1,A,-,08,22107,,N,E,I,A,A,H,-,C,D,0,,,,,Y,Y,A,01,0,2,0,0,0,0,0,0,0,"- ","- ",,,"SAN DIEGO","SAN DIEGO",-117.14194488525391,32.768650054931641
8847489,2019,2019-06-24,3709,2019-04-02,0747,NC0471,,2,5,5,3709,0,0,0,,0,023,"HIGHLAND AV","EAST 24TH ST",0.00,,Y,A,-,N,,,,,,,,,,N,4,0,1,4,A,-,12,21453,A,N,F,C,A,A,H,-,A,A,0,,,,Y,Y,Y,F,26,0,0,1,0,0,0,0,0,0,"- ","- ",,,"SAN DIEGO","NATIONAL CITY",-117.09336090087891,32.664360046386719
8847528,2019,2019-04-22,3706,2019-03-21,0828,453,ECOND,4,5,6,3706,0,0,0,,0,044,"VALLEY PKWY","ROSE ST",0.00,,Y,B,-,N,,,,,,,,,,,3,0,1,2,A,-,10,21950,A,F,G,B,B,A,H,-,A,A,0,Y,,,,Y,Y,A,01,0,1,0,0,1,0,0,0,0,"- ","- ",,,"SAN DIEGO",ESCONDIDO,-117.05947875976562,33.133968353271484
8847770,2019,2019-05-29,3700,2019-02-06,1110,SH2573,,3,5,5,3782,0,0,0,,0,212,"LEUCADIA BL","RT 5",4.00,E,N,A,-,Y,SD,11,5,-,R,42.542,R,4,N,Y,4,0,1,2,A,-,12,21453,A,M,D,C,A,A,H,-,A,A,0,,,,,Y,Y,A,01,0,0,1,0,0,0,0,0,0,"- ","- ",,,"SAN DIEGO",ENCINITAS,-117.29140472412109,33.062732696533203
8848274,2019,2019-05-10,3711,2019-04-15,0028,7701,,1,5,7,3711,0,0,0,,0,122,"GRAND AV","EVERTS ST 4300",218.00,W,N,A,-,N,,,,,,,,,,Y,3,0,1,2,A,-,22,23123,A,N,B,E,A,A,H,-,C,A,0,,,,,Y,Y,A,01,0,1,0,0,0,0,0,0,0,"- ","- ",,,"SAN DIEGO","SAN DIEGO",,
8848349,2019,2019-04-30,3711,2019-04-02,0611,6702,,2,5,7,3711,0,0,0,,0,903,"SAN YSIDRO BL","CAMINO DE LA PLAZA",0.00,,Y,A,-,N,,,,,,,,,,Y,3,0,2,2,A,-,12,21453,A,M,D,C,A,A,H,-,A,A,0,,,,,Y,Y,A,07,0,1,1,0,0,0,0,0,0,"- ","- ",,,"SAN DIEGO","SAN DIEGO",-117.03127288818359,32.546100616455078
8848361,2019,2019-04-29,3711,2019-04-13,2025,7470,N2,6,5,7,3711,0,0,0,,0,122,"GRAND AV","GRAND AV 1900",0.00,,-,A,-,N,,,,,,,,,,Y,4,0,1,3,A,-,03,22350,,N,C,C,A,A,H,-,C,D,0,,,,,Y,Y,-,,0,0,1,0,0,0,0,0,0,"- ","- ",,,"SAN DIEGO","SAN DIEGO",,
8848369,2019,2019-06-04,3711,2019-04-16,2101,SD6684,,2,5,7,3711,0,0,0,,0,312,"TIERRASANTA BL","SANTO RD",0.00,,Y,B,-,N,,,,,,,,,,Y,4,0,1,3,A,-,08,22107,,N,D,E,A,A,H,-,D,A,0,,,,,Y,Y,A,01,0,0,1,0,0,0,0,0,0,"- ","- ",,,"SAN DIEGO","SAN DIEGO",-117.10418701171875,32.823398590087891
8848426,2019,2019-04-26,3705,2019-03-28,0945,EC5356,,4,5,5,3705,0,0,0,,0,002,"N 1ST",MARLINE,0.00,,Y,A,-,N,,,,,,,,,,Y,4,0,1,2,A,-,09,21800,B,N,D,C,A,A,H,-,A,D,0,,,,,Y,Y,A,08,0,0,1,0,0,0,0,0,0,"- ","- ",,,"SAN DIEGO","EL CAJON",-116.94460296630859,32.805130004882812
8848482,2019,2019-04-26,3705,2019-04-10,1610,EC5368,,3,5,5,3705,0,0,0,,0,002,"N MOLLISON AV","VALLEY VILLAGE",695.00,N,N,A,-,N,,,,,,,,,,N,3,0,1,2,A,-,10,21952,,N,G,B,B,A,H,-,A,D,0,Y,,,,Y,Y,A,01,0,1,0,0,1,0,0,0,0,"- ","- ",,,"SAN DIEGO","EL CAJON",-116.95099639892578,32.811412811279297
8848774,2019,2019-04-29,3711,2019-02-14,0008,6949,,4,5,7,3711,0,0,0,,0,522,"HARBOR DR","5TH AV",30.00,E,N,B,-,N,,,,,,,,,,N,3,0,1,2,A,-,11,21456,B,N,G,B,B,A,H,-,C,A,0,Y,,,,Y,Y,N,60,0,1,0,0,1,0,0,0,0,"- ","- ",,,"SAN DIEGO","SAN DIEGO",-117.16049957275391,32.706806182861328
8848889,2019,2019-05-01,3711,2019-04-05,2341,4310,,5,5,7,3711,0,0,0,,0,122,"MORRELL ST","REED AV",86.00,S,N,B,-,N,,,,,,,,,,N,3,0,1,2,A,-,08,22107,,N,B,E,A,A,H,-,C,D,0,,,Y,,Y,Y,C,03,0,1,0,0,0,0,0,0,1,"- ","- ",,,"SAN DIEGO","SAN DIEGO",-117.23224639892578,32.797290802001953
8848890,2019,2019-05-06,3700,2019-04-17,0110,SH1725,,3,5,5,3712,0,0,0,,0,356,"LAS POSAS RD","ARMORLITE DR",0.00,,Y,A,-,N,,,,,,,,,,Y,3,0,1,1,A,-,08,22107,,N,E,I,A,A,H,-,C,A,0,,,,,Y,Y,A,01,0,1,0,0,0,0,0,0,0,"- ","- ",,,"SAN DIEGO","SAN MARCOS",-117.18978881835938,33.146881103515625
8848894,2019,2019-05-06,3700,2019-04-23,0120,SH0690,,2,5,5,3712,0,0,0,,0,357,"CARMEL ST","HILL ST",0.00,,Y,A,-,N,,,,,,,,,,Y,3,0,1,1,A,-,01,23153,A,N,E,I,A,A,H,-,C,D,0,,,,,Y,Y,A,01,0,1,0,0,0,0,0,0,0,"- ","- ",,,"SAN DIEGO","SAN MARCOS",-117.15151214599609,33.138820648193359
8848906,2019,2019-05-03,3709,2019-04-07,0711,NC0487,,7,5,5,3709,0,0,0,,0,023,"24TH ST","GRANGER AV",0.00,,Y,A,-,N,,,,,,,,,,N,4,0,1,2,A,-,12,22450,A,N,G,B,B,A,H,-,A,D,0,Y,,,,Y,Y,A,01,0,0,1,0,1,0,0,0,0,"- ","- ",,,"SAN DIEGO","NATIONAL CITY",-117.07289886474609,32.670059204101562
8848917,2019,2019-05-08,3711,2019-04-17,2225,7523,SD,3,5,7,3711,0,0,0,,0,438,"ALLEGHANY ST","YELLOWTAIL WY",262.00,E,N,A,-,N,,,,,,,,,,Y,3,0,1,3,A,-,08,22107,,N,B,E,A,A,H,-,C,D,0,,,,,Y,Y,-,,0,1,0,0,0,0,0,0,0,"- ","- ",,,"SAN DIEGO","SAN DIEGO",-117.06183624267578,32.680812835693359
8849463,2019,2019-05-06,3711,2019-04-14,0045,7153,,7,5,7,3711,0,0,0,,0,122,"GARNET AV","CASS ST",0.00,,-,A,-,N,,,,,,,,,,Y,4,0,1,2,A,-,11,21954,A,M,A,B,E,A,H,-,C,A,0,Y,,,,Y,Y,N,60,0,0,1,0,1,0,0,0,0,"- ","- ",,,"SAN DIEGO","SAN DIEGO",-117.2518310546875,32.797340393066406
8849476,2019,2019-08-27,3705,2019-04-21,0625,EC0392,,7,5,5,3705,0,0,0,,0,003,"GREENFIELD DR","RT 8",0.00,,Y,A,-,Y,SD,11,8,-,R,18.620,R,4,E,Y,3,0,1,1,A,-,01,23152,A,N,E,I,A,A,H,-,B,A,0,,,,,Y,Y,A,07,0,1,0,0,0,0,0,0,0,"- ",EF,,,"SAN DIEGO","EL CAJON",-116.91800689697266,32.810218811035156
8850924,2019,2019-05-03,3701,2019-03-29,2144,CB5427,002,5,5,5,3701,0,0,0,,0,001,"STATE ST","CHRISTIANSEN WY",0.00,,Y,A,-,N,,,,,,,,,,Y,2,0,2,3,A,-,01,23152,A,N,D,C,A,A,H,-,C,A,0,,,Y,,Y,Y,A,01,2,0,0,0,0,0,0,0,2,"- ","- ",33.161640167236328,-117.35028076171875,"SAN DIEGO",CARLSBAD,-117.35015300000001,33.161326000000003
8851026,2019,2019-05-06,3710,2019-04-17,2500,OC1425,,3,5,6,3710,0,0,0,,0,019,"VANDEGRIFT BL","DOUGLAS DR",386.00,S,N,A,-,N,,,,,,,,,,Y,4,0,3,2,A,-,01,23153,F,N,A,C,A,A,H,-,C,A,0,,,,,Y,Y,A,01,0,0,3,0,0,0,0,0,0,"- ","- ",,,"SAN DIEGO",OCEANSIDE,-117.29621887207031,33.272426605224609
8852231,2019,2019-05-06,3711,2019-04-07,0650,SD7314,,7,5,7,3711,0,0,0,,0,512,"NATIONAL AV","S 30TH ST",0.00,,Y,-,-,N,,,,,,,,,,Y,4,0,1,2,A,-,03,22350,,N,C,C,A,A,H,-,A,A,0,,,,,Y,Y,A,07,0,0,1,0,0,0,0,0,0,"- ","- ",,,"SAN DIEGO","SAN DIEGO",-117.12947845458984,32.695960998535156
8853043,2019,2019-05-01,3711,2019-04-21,1537,SD6366,,7,5,7,3711,0,0,0,,0,122,"REED AV","LAMONT ST",15.00,E,N,A,-,N,,,,,,,,,,N,3,0,1,1,A,-,03,22350,,N,F,A,A,A,H,-,A,D,0,,,Y,,Y,Y,C,03,0,1,0,0,0,0,0,0,1,"- ","- ",,,"SAN DIEGO","SAN DIEGO",-117.23410034179688,32.797168731689453
8853047,2019,2019-05-01,3711,2019-04-21,1837,SD6366,,7,5,7,3711,0,0,0,,0,122,"GRAND AV","MISSION BL",151.00,W,N,A,-,N,,,,,,,,,,N,3,0,1,1,A,-,08,22107,,N,F,I,A,A,H,-,A,D,0,,,Y,,Y,Y,C,03,0,1,0,0,0,0,0,0,1,"- ","- ",,,"SAN DIEGO","SAN DIEGO",-117.25539398193359,32.794605255126953
8853064,2019,2019-05-01,3711,2019-04-22,2119,SD7504,,1,5,7,3711,0,0,0,,0,935,"EL CAMINIO REAL","SEA COUNTRY LN",528.00,N,N,A,-,N,,,,,,,,,,N,3,0,1,1,A,-,03,22350,,N,F,I,A,A,H,-,C,D,0,,,,,Y,Y,A,01,0,1,0,0,0,0,0,0,0,"- ","- ",,,"SAN DIEGO","SAN DIEGO",-117.23941802978516,32.970222473144531
8853076,2019,2019-05-01,3711,2019-04-14,1716,SD6146,,7,5,7,3711,0,0,0,,0,246,"SPRING CANYON RD","SCRIPPS RANCH BL",20.00,S,N,A,-,N,,,,,,,,,,Y,3,0,6,2,A,-,03,22350,,N,D,C,A,A,H,-,A,A,0,,,,,Y,Y,A,01,0,3,3,0,0,0,0,0,0,"- ","- ",,,"SAN DIEGO","SAN DIEGO",-117.09290313720703,32.926082611083984
8853088,2019,2019-05-10,3711,2019-04-14,0009,SD7731,,7,5,7,3711,0,0,0,,0,524,"PACIFIC HWY","PACIFIC HWY 1200",0.00,,-,A,-,N,,,,,,,,,,N,3,0,1,1,A,-,03,22350,,N,H,A,A,A,H,-,C,D,0,,,,,Y,Y,-,,0,1,0,0,0,0,0,0,0,"- ","- ",,,"SAN DIEGO","SAN DIEGO",,
8853101,2019,2019-05-02,3711,2019-03-31,0206,8382,,7,5,7,3711,0,0,0,,0,124,"TORREY PINES RD","LA JOLLA SHORES DR",108.00,E,N,A,-,N,,,,,,,,,,Y,3,0,1,2,A,-,08,22107,,N,E,I,A,A,H,-,C,A,0,,,,,Y,Y,A,01,0,1,0,0,0,0,0,0,0,"- ","- ",,,"SAN DIEGO","SAN DIEGO",-117.25484466552734,32.850528717041016
8853106,2019,2019-05-01,3711,2019-04-20,2247,SD4310,,6,5,7,3711,0,0,0,,0,514,"25TH ST","ISLAND AV",51.00,S,N,A,-,N,,,,,,,,,,Y,3,0,2,2,A,-,03,22350,,N,C,C,A,A,H,-,C,A,0,,,,,Y,Y,A,07,0,1,1,0,0,0,0,0,0,"- ","- ",,,"SAN DIEGO","SAN DIEGO",-117.14020538330078,32.710391998291016
8853114,2019,2019-05-01,3711,2019-04-21,1530,SD6009,,7,5,7,3711,0,0,0,,0,326,"MONTEZUMA RD","CAMPANILE DR",0.00,,Y,-,-,N,,,,,,,,,,Y,4,0,1,2,A,-,04,21703,,N,-,-,A,-,-,-,-,-,0,,,,,Y,Y,A,01,0,0,1,0,0,0,0,0,0,"- ","- ",,,"SAN DIEGO","SAN DIEGO",-117.07192230224609,32.770709991455078
8853119,2019,2019-05-01,3711,2019-04-20,0005,7339,SANDI,6,5,7,3711,0,0,0,,0,451,"COLLEGE GROVE DR","COLLEGE GROVE WY",1760.00,W,N,A,-,N,,,,,,,,,,Y,3,0,1,1,A,-,08,22107,,N,A,I,A,A,H,-,C,D,0,,,,,Y,Y,A,01,0,1,0,0,0,0,0,0,0,"- ","- ",,,"SAN DIEGO","SAN DIEGO",-117.06282043457031,32.735446929931641
8853332,2019,2019-05-11,3706,2019-04-14,2046,501,ESCON,7,5,6,3706,0,0,0,,0,055,"PINE ST","6TH AV",0.00,,Y,A,-,N,,,,,,,,,,N,3,0,1,2,D,-,00,,,F,D,G,A,A,H,-,D,D,0,,Y,,,Y,Y,-,"- ",0,1,0,0,0,0,1,0,0,"- ","- ",33.11444091796875,-117.08377075195312,"SAN DIEGO",ESCONDIDO,-117.08371734619141,33.114421844482422
8853429,2019,2019-05-11,3706,2019-04-17,0535,374,ESCON,3,5,6,3706,0,0,0,,0,045,"WASHINGTON AV","QUINCE ST",0.00,,Y,B,-,N,,,,,,,,,,N,3,0,1,2,A,-,01,23152,A,N,D,C,A,A,H,-,C,A,0,,,Y,,Y,Y,A,07,0,1,0,0,0,0,0,0,1,"- ","- ",33.124530792236328,-117.09188842773438,"SAN DIEGO",ESCONDIDO,-117.09195709228516,33.124439239501953
8853430,2019,2019-05-11,3706,2019-04-01,1330,441,ESCON,1,5,6,3706,0,0,0,,0,045,"MISSION RD","NORDAHL RD",0.00,,Y,A,-,N,,,,,,,,,,N,3,0,1,2,A,-,03,22350,,F,D,G,A,A,H,-,A,A,0,,Y,,,Y,Y,-,,0,1,0,0,0,0,1,0,0,"- ","- ",33.130561828613281,-117.12290191650391,"SAN DIEGO",ESCONDIDO,-117.122715,33.130543000000003
8853552,2019,2019-05-15,3706,2019-03-27,2000,450,ESCON,3,5,6,3706,0,0,0,,0,041,BROADWAY,"ESPANAS GLEN",0.00,,Y,A,-,N,,,,,,,,,,,3,0,1,2,D,-,00,,,N,G,B,B,A,H,-,C,C,0,Y,,,,Y,Y,-,"- ",0,1,0,0,1,0,0,0,0,"- ","- ",33.137001037597656,-117.08799743652344,"SAN DIEGO",ESCONDIDO,-117.08847045898438,33.137428283691406
8853931,2019,2019-05-09,3711,2019-04-25,0700,4759,,4,5,7,3711,0,0,0,,0,121,"OCEAN FRONT WALK","JAMAICA CT",1.00,N,N,B,-,N,,,,,,,,,,N,3,0,1,1,A,-,03,22350,A,N,H,A,A,A,E,-,A,D,0,,,,,Y,Y,-,,0,1,0,0,0,0,0,0,0,"- ","- ",,,"SAN DIEGO","SAN DIEGO",-117.25299072265625,32.773601531982422
8853988,2019,2019-05-08,3711,2019-04-26,1820,SD6252,,5,5,7,3711,0,0,0,,0,232,"CARMEL MOUNTAIN RD","CAMINO DEL NORTE",0.00,,Y,A,-,N,,,,,,,,,,Y,4,0,3,3,A,-,03,22350,,N,D,C,A,A,H,-,A,A,0,,,,,Y,Y,A,01,0,0,3,0,0,0,0,0,0,"- ","- ",,,"SAN DIEGO","SAN DIEGO",-117.07228088378906,32.990871429443359
8853992,2019,2019-05-08,3711,2019-04-30,0845,SD7903,,2,5,7,3711,0,0,0,,0,512,"WEBSTER AV","S 30TH ST",150.00,W,N,C,-,N,,,,,,,,,,N,4,0,2,3,A,-,09,21804,A,N,D,C,A,B,H,-,A,D,0,,,,,Y,Y,A,01,0,0,2,0,0,0,0,0,0,"- ","- ",,,"SAN DIEGO","SAN DIEGO",-117.1300048828125,32.704296112060547
8854582,2019,2019-05-13,3711,2019-05-01,0044,7899,,3,5,7,3711,0,0,0,,0,436,"69TH ST","ELVADO WY",6.00,E,N,A,-,N,,,,,,,,,,Y,4,0,1,2,A,-,08,22107,,N,E,E,A,A,H,-,C,D,0,,,,,Y,Y,A,01,0,0,1,0,0,0,0,0,0,"- ","- ",,,"SAN DIEGO","SAN DIEGO",-117.04856109619141,32.705520629882812
8854585,2019,2019-06-24,3710,2019-05-04,1738,OC1351,,6,5,6,3710,0,0,0,,0,006,"NORTH COAST HWY","RT 76",276.00,N,N,A,-,N,,,,,,,,,,Y,4,0,3,3,A,-,01,23152,B,N,C,C,A,A,H,-,A,D,0,,,,,Y,Y,A,01,0,0,3,0,0,0,0,0,0,"- ","- ",,,"SAN DIEGO",OCEANSIDE,-117.38423156738281,33.202396392822266
8854723,2019,2019-05-09,3700,2019-04-14,0108,SH0817,,7,5,5,3712,0,0,0,,0,361,"SOUTH TWIN OAKS VALLEY RD","BARHAM DR",50.00,N,N,A,-,N,,,,,,,,,,Y,2,0,4,2,A,-,01,23152,A,N,C,C,A,A,H,-,C,A,0,,,,,Y,Y,D,22,1,2,1,0,0,0,0,0,0,"- ","- ",,,"SAN DIEGO","SAN MARCOS",-117.16458129882812,33.132244110107422
8854762,2019,2019-05-10,3700,2019-03-19,0430,SH3468,,2,5,5,3782,0,0,0,,0,240,"RT 101","SWAMIS BEACH",1400.00,S,N,A,-,N,,,,,,,,,,Y,4,0,2,2,A,-,01,23153,A,N,C,C,A,A,H,-,D,D,0,,,,,Y,Y,A,01,0,0,2,0,0,0,0,0,0,"- ","- ",,,"SAN DIEGO",ENCINITAS,,
8854828,2019,2019-05-06,3700,2019-03-26,2206,SH3468,,2,5,5,3782,0,0,0,,0,214,"SYLVIA ST","MELROSE AV",15.00,W,N,A,-,N,,,,,,,,,,Y,3,0,1,2,A,-,01,23152,A,N,D,E,A,A,H,-,C,D,0,,,,,Y,Y,A,01,0,1,0,0,0,0,0,0,0,"- ","- ",,,"SAN DIEGO",ENCINITAS,-117.29647827148438,33.050849914550781
8854840,2019,2019-05-17,3700,2019-03-09,1327,SH0236,,6,5,5,3782,0,0,0,,0,210,"RT 101","LA COSTA AV",51.00,S,N,A,-,N,,,,,,,,,,Y,3,0,1,1,D,-,00,,,N,H,J,A,A,D,-,A,D,0,,,Y,,Y,Y,-,"- ",0,1,0,0,0,0,0,0,1,"- ","- ",,,"SAN DIEGO",ENCINITAS,-117.30874633789062,33.082378387451172
8854844,2019,2019-05-07,3700,2019-03-05,1815,SH0236,,2,5,5,3782,0,0,0,,0,212,"LEUCADIA BL","DEL RIO AV",22.50,E,N,A,-,N,,,,,,,,,,N,3,0,1,2,A,-,11,21954,A,N,G,B,D,B,H,-,C,D,0,Y,,,,Y,Y,N,60,0,1,0,0,1,0,0,0,0,"- ","- ",,,"SAN DIEGO",ENCINITAS,-117.28615570068359,33.065036773681641
8855033,2019,2019-05-17,3711,2019-04-17,1820,5418,,3,5,7,3711,0,0,0,,0,723,"IRIS AV","27TH ST",4.00,E,N,B,-,N,,,,,,,,,,Y,3,0,1,1,A,-,01,23152,A,N,E,I,A,A,H,-,B,A,0,,,,,Y,Y,-,,0,1,0,0,0,0,0,0,0,"- ","- ",,,"SAN DIEGO","SAN DIEGO",-117.07546997070312,32.569160461425781