CASE_ID,ACCIDENT_YEAR,PROC_DATE,JURIS,COLLISION_DATE,COLLISION_TIME,OFFICER_ID,REPORTING_DISTRICT,DAY_OF_WEEK,CHP_SHIFT,POPULATION,CNTY_CITY_LOC,SPECIAL_COND,BEAT_TYPE,CHP_BEAT_TYPE,CITY_DIVISION_LAPD,CHP_BEAT_CLASS,BEAT_NUMBER,PRIMARY_RD,SECONDARY_RD,DISTANCE,DIRECTION,INTERSECTION,WEATHER_1,WEATHER_2,STATE_HWY_IND,CALTRANS_COUNTY,CALTRANS_DISTRICT,STATE_ROUTE,ROUTE_SUFFIX,POSTMILE_PREFIX,POSTMILE,LOCATION_TYPE,RAMP_INTERSECTION,SIDE_OF_HWY,TOW_AWAY,COLLISION_SEVERITY,NUMBER_KILLED,NUMBER_INJURED,PARTY_COUNT,PRIMARY_COLL_FACTOR,PCF_CODE_OF_VIOL,PCF_VIOL_CATEGORY,PCF_VIOLATION,PCF_VIOL_SUBSECTION,HIT_AND_RUN,TYPE_OF_COLLISION,MVIW,PED_ACTION,ROAD_SURFACE,ROAD_COND_1,ROAD_COND_2,LIGHTING,CONTROL_DEVICE,CHP_ROAD_TYPE,PEDESTRIAN_ACCIDENT,BICYCLE_ACCIDENT,MOTORCYCLE_ACCIDENT,TRUCK_ACCIDENT,NOT_PRIVATE_PROPERTY,ALCOHOL_INVOLVED,STWD_VEHTYPE_AT_FAULT,CHP_VEHTYPE_AT_FAULT,COUNT_SEVERE_INJ,COUNT_VISIBLE_INJ,COUNT_COMPLAINT_PAIN,COUNT_PED_KILLED,COUNT_PED_INJURED,COUNT_BICYCLIST_KILLED,COUNT_BICYCLIST_INJURED,COUNT_MC_KILLED,COUNT_MC_INJURED,PRIMARY_RAMP,SECONDARY_RAMP,LATITUDE,LONGITUDE,COUNTY,CITY,POINT_X,POINT_Y
8855207,2019,2019-05-09,3711,2019-04-26,1810,SD8377,,5,5,7,3711,0,0,0,,0,512,"NATIONAL AV","NATIONAL AV 2900",0.00,,-,A,-,N,,,,,,,,,,N,4,0,1,2,A,-,03,22350,,N,C,C,A,A,H,-,B,A,0,,,,,Y,Y,A,01,0,0,1,0,0,0,0,0,0,"- ","- ",,,"SAN DIEGO","SAN DIEGO",,
8855912,2019,2019-05-16,3702,2019-04-07,1845,CV1111,,7,5,6,3702,0,0,0,,0,024,"MAIN ST","FRONTAGE RD",192.00,E,N,A,-,N,,,,,,,,,,Y,4,0,3,1,A,-,03,22350,,N,E,I,A,A,H,-,A,D,0,,,,,Y,Y,A,01,0,0,3,0,0,0,0,0,0,"- ","- ",,,"SAN DIEGO","CHULA VISTA",-117.09029388427734,32.594963073730469
8855920,2019,2019-05-17,3702,2019-04-16,0125,CV1171,,2,5,6,3702,0,0,0,,0,024,"MAIN ST","MAPLELEAF CT",0.00,E,N,A,-,N,,,,,,,,,,N,4,0,2,2,A,-,01,23153,A,N,D,C,A,A,H,-,C,D,0,,,,,Y,Y,A,01,0,0,2,0,0,0,0,0,0,"- ","- ",,,"SAN DIEGO","CHULA VISTA",-117.04218292236328,32.594779968261719
8855986,2019,2019-05-30,3711,2019-05-04,2130,8672,,6,5,7,3711,0,0,0,,0,627,"6TH AV","ROBINSON AV",36.00,S,N,A,-,N,,,,,,,,,,N,4,0,1,2,A,-,03,22350,,M,C,C,A,A,H,-,C,A,0,,,,,Y,Y,D,22,0,0,1,0,0,0,0,0,0,"- ","- ",,,"SAN DIEGO","SAN DIEGO",-117.15953063964844,32.746829986572266
8855998,2019,2019-06-06,3711,2019-05-07,0632,SD7885,,2,5,7,3711,0,0,0,,0,514,"MARKET ST","24TH ST",0.00,,Y,A,-,N,,,,,,,,,,Y,4,0,2,2,A,-,04,21703,,N,C,C,A,A,H,-,A,A,0,,,,Y,Y,Y,A,01,0,0,2,0,0,0,0,0,0,"- ","- ",,,"SAN DIEGO","SAN DIEGO",-117.14244079589844,32.711578369140625
8856001,2019,2019-05-16,3702,2019-04-14,0244,CV0767,,7,5,6,3702,0,0,0,,0,042,"OLYMPIC PKWY","EAST PALOMAR ST",40.00,W,N,A,-,N,,,,,,,,,,Y,3,0,3,3,A,-,01,23153,A,N,C,C,A,A,H,-,A,A,0,,,,,Y,Y,A,01,0,1,2,0,0,0,0,0,0,"- ","- ",,,"SAN DIEGO","CHULA VISTA",-116.97962188720703,32.629493713378906
8856033,2019,2019-05-16,3702,2019-04-16,0115,CV1086,,2,5,6,3702,0,0,0,,0,014,"EAST H ST","HILLTOP DR",30.00,E,N,A,-,N,,,,,,,,,,Y,4,0,1,2,A,-,01,23152,A,N,A,C,A,A,H,-,C,A,0,,,,,Y,Y,A,01,0,0,1,0,0,0,0,0,0,"- ","- ",,,"SAN DIEGO","CHULA VISTA",-117.06498718261719,32.637828826904297
8856289,2019,2019-05-20,3705,2019-03-08,1844,EC0360,,5,5,5,3705,0,0,0,,0,003,"JAMACHA RD",GUSTAVO,0.00,,Y,A,-,N,,,,,,,,,,Y,4,0,2,2,A,-,12,21453,A,N,D,C,A,A,H,-,C,A,0,,,,,Y,Y,A,01,0,0,2,0,0,0,0,0,0,"- ","- ",,,"SAN DIEGO","EL CAJON",-116.92790222167969,32.782341003417969
8856297,2019,2019-05-17,3702,2019-03-14,2124,CV1222,,4,5,6,3702,0,0,0,,0,014,"E ST","3RD AV",430.00,E,N,A,-,N,,,,,,,,,,N,4,0,1,2,A,-,11,21954,A,N,G,B,D,A,H,-,C,D,0,Y,,,,Y,Y,N,60,0,0,1,0,1,0,0,0,0,"- ","- ",,,"SAN DIEGO","CHULA VISTA",-117.07992553710938,32.645133972167969
8856540,2019,2019-05-20,3708,2019-04-17,2021,LM1259,,3,5,5,3708,0,0,0,,0,001,"70TH ST","BRUCE CT",371.00,N,N,A,-,N,,,,,,,,,,Y,4,0,1,3,A,-,01,23153,B,N,D,C,A,A,H,-,C,D,0,,,,,Y,Y,D,22,0,0,1,0,0,0,0,0,0,"- ","- ",,,"SAN DIEGO","LA MESA",-117.04686737060547,32.761478424072266
8856893,2019,2019-06-25,3711,2019-04-26,1824,HB5874,,5,5,7,3711,0,0,0,,0,503,"HARBOR DR","WINSHIP LN",0.00,,Y,A,-,N,,,,,,,,,,Y,4,0,2,2,A,-,01,23153,A,N,C,C,A,A,H,-,A,A,0,,,,,Y,Y,A,01,0,0,2,0,0,0,0,0,0,"- ","- ",,,"SAN DIEGO","SAN DIEGO",-117.19106292724609,32.729740142822266
8856915,2019,2019-05-07,3709,2019-04-21,2500,NC0473,,7,5,5,3709,0,0,0,,0,024,"HIGHLAND AV","E 21ST ST",0.00,,Y,A,-,N,,,,,,,,,,N,2,0,1,2,D,-,00,,,F,G,B,B,A,H,-,C,B,0,Y,,,,Y,Y,-,"- ",1,0,0,0,1,0,0,0,0,"- ","- ",,,"SAN DIEGO","NATIONAL CITY",-117.09432983398438,32.666881561279297
8857155,2019,2019-05-16,3700,2019-04-17,2035,SH0320,,3,5,5,3713,0,0,0,,0,305,"OLIVE AV","PLYMOUTH DR",791.00,E,N,A,-,N,,,,,,,,,,Y,2,0,2,2,A,-,01,23152,A,N,A,C,A,A,H,-,C,D,0,,,,,Y,Y,A,01,1,1,0,0,0,0,0,0,0,"- ","- ",,,"SAN DIEGO",VISTA,-117.24832153320312,33.204998016357422
8857358,2019,2019-05-10,3705,2019-04-29,1341,EC0324,,1,5,5,3705,0,0,0,,0,002,LEXINGTON,FILBERT,30.00,W,N,A,-,N,,,,,,,,,,Y,4,0,1,3,A,-,01,23152,B,M,A,E,A,A,H,-,A,D,0,,,,,Y,Y,A,01,0,0,1,0,0,0,0,0,0,"- ","- ",,,"SAN DIEGO","EL CAJON",-116.95515441894531,32.792709350585938
8857369,2019,2019-05-20,3708,2019-04-21,0436,LM1279,,7,5,5,3708,0,0,0,,0,003,"LAKE MURRAY BL","AZTEC DR",552.00,W,N,A,-,N,,,,,,,,,,N,4,0,1,2,A,-,01,23153,A,N,C,C,A,A,H,-,C,D,0,,,,,Y,Y,A,01,0,0,1,0,0,0,0,0,0,"- ","- ",,,"SAN DIEGO","LA MESA",-117.03056335449219,32.781833648681641
8858876,2019,2019-05-20,3710,2019-05-08,1643,OC1460,,3,5,6,3710,0,0,0,,0,028,"MESA DR","WOODVIEW DR",0.00,,Y,A,-,N,,,,,,,,,,N,3,0,1,2,B,-,22,,,N,D,D,A,A,H,-,A,D,0,,,,,Y,Y,A,01,0,1,0,0,0,0,0,0,0,"- ","- ",,,"SAN DIEGO",OCEANSIDE,-117.28150177001953,33.231101989746094
8859342,2019,2019-05-22,3711,2019-05-08,1956,8447,,3,5,7,3711,0,0,0,,0,722,"IRIS AV","GREEN BAY ST",9.00,E,N,A,-,N,,,,,,,,,,N,4,0,1,2,A,-,10,21950,A,M,G,B,B,A,H,-,C,D,0,Y,,,,Y,Y,-,,0,0,1,0,1,0,0,0,0,"- ","- ",,,"SAN DIEGO","SAN DIEGO",-117.08836364746094,32.569198608398438
8859433,2019,2019-05-21,3700,2019-04-09,2302,SH0013,,2,5,5,3781,0,0,0,,0,502,"MAST BL","DUNBARTON RD",43.00,E,N,A,-,N,,,,,,,,,,Y,3,0,1,2,A,-,01,23152,A,M,C,E,A,A,H,-,C,D,0,,,,,Y,Y,A,01,0,1,0,0,0,0,0,0,0,"- ","- ",,,"SAN DIEGO",SANTEE,-117.00180053710938,32.851066589355469
8860028,2019,2019-05-29,3700,2019-05-05,0047,SH0817,,7,5,5,3712,0,0,0,,0,357,"EAST MISSION RD","WOODWARD ST",1225.00,E,N,A,-,N,,,,,,,,,,Y,3,0,1,1,A,-,01,23152,A,N,E,I,A,A,H,-,C,D,0,,,,,Y,Y,A,07,0,1,0,0,0,0,0,0,0,"- ","- ",,,"SAN DIEGO","SAN MARCOS",-117.15659332275391,33.142345428466797
8860052,2019,2019-05-29,3700,2019-05-04,0142,SH0817,,6,5,5,3712,0,0,0,,0,353,"FULTON RD","BENNETT AV",253.00,W,N,A,-,N,,,,,,,,,,Y,4,0,1,2,A,-,01,23152,A,N,C,E,A,A,H,-,D,D,0,,,,,Y,Y,A,01,0,0,1,0,0,0,0,0,0,"- ","- ",,,"SAN DIEGO","SAN MARCOS",-117.12261962890625,33.151927947998047
8860089,2019,2019-11-08,3706,2019-05-10,2347,470,ESCON,5,5,6,3706,0,0,0,,0,042,"WASHINGTON AV","GRAPE ST",0.00,,Y,A,-,Y,SD,11,78,-,T,18.490,I,5,E,Y,4,0,1,3,A,-,01,23152,A,N,D,C,A,A,H,-,C,D,0,,,,Y,Y,Y,A,01,0,0,1,0,0,0,0,0,0,"- ","- ",33.129051208496094,-117.07737731933594,"SAN DIEGO",ESCONDIDO,-117.07704162597656,33.129085540771484
8862016,2019,2019-05-23,3711,2019-05-11,0035,8404,,6,5,7,3711,0,0,0,,0,612,"LOTUS DR","POINSETTIA DR",92.00,E,N,B,-,N,,,,,,,,,,Y,3,0,2,3,A,-,03,22350,,N,A,E,A,A,H,-,C,D,0,,,,,Y,Y,A,01,0,2,0,0,0,0,0,0,0,"- ","- ",,,"SAN DIEGO","SAN DIEGO",-117.22368621826172,32.747188568115234
8862036,2019,2019-05-23,3711,2019-05-05,1103,SD7314,,7,5,7,3711,0,0,0,,0,524,"B ST","5TH AV",0.00,,Y,A,-,N,,,,,,,,,,N,3,0,1,2,A,-,12,21453,A,N,F,C,A,A,H,-,A,A,0,,,,,Y,Y,A,07,0,1,0,0,0,0,0,0,0,"- ","- ",,,"SAN DIEGO","SAN DIEGO",-117.16018676757812,32.717800140380859
8862052,2019,2019-05-23,3711,2019-05-03,2236,SD4310,,5,5,7,3711,0,0,0,,0,234,"POMERADO RD","HIGA PL",27.00,N,N,A,-,N,,,,,,,,,,Y,3,0,1,1,A,-,05,21651,B,N,E,I,A,A,H,-,C,D,0,,,,,Y,Y,A,01,0,1,0,0,0,0,0,0,0,"- ","- ",,,"SAN DIEGO","SAN DIEGO",-117.05645751953125,33.011501312255859
8862655,2019,2019-05-21,3711,2019-03-27,0012,8816,,3,5,7,3711,0,0,0,,0,122,"OCEAN BL","THOMAS AV",0.00,,Y,A,-,N,,,,,,,,,,N,3,0,1,1,A,-,03,22350,,N,E,I,A,A,H,-,C,A,0,,,Y,,Y,Y,C,03,0,1,0,0,0,0,0,0,1,"- ","- ",,,"SAN DIEGO","SAN DIEGO",-117.25572967529297,32.793388366699219
8862861,2019,2019-05-28,3711,2019-05-03,2328,SD7406,,5,5,7,3711,0,0,0,,0,122,"MISSION BL","EMERALD ST",0.00,,Y,-,-,N,,,,,,,,,,N,4,0,1,2,A,-,10,21950,A,N,-,-,-,-,-,-,-,-,0,Y,,,,Y,Y,A,07,0,0,1,0,1,0,0,0,0,"- ","- ",,,"SAN DIEGO","SAN DIEGO",-117.25605773925781,32.798408508300781
8862865,2019,2019-05-28,3711,2019-05-03,1750,SD5105,,5,5,7,3711,0,0,0,,0,241,"POMERADO RD","AVENUE OF NATIONS",5280.00,W,N,-,-,N,,,,,,,,,,Y,4,0,2,2,A,-,04,21703,,N,-,C,A,A,H,-,A,B,0,,,,,Y,Y,A,01,0,0,2,0,0,0,0,0,0,"- ","- ",,,"SAN DIEGO","SAN DIEGO",-117.11515808105469,32.8931884765625
8863618,2019,2019-07-09,3701,2019-05-09,2103,CB5363,068,4,5,5,3701,0,0,0,,0,002,"CARLSBAD BL","TIERRA DEL ORO",0.00,,Y,B,-,N,,,,,,,,,,Y,2,0,1,2,A,-,11,21954,A,N,G,B,B,A,H,-,C,A,0,Y,,,,Y,Y,N,60,1,0,0,0,1,0,0,0,0,"- ","- ",,,"SAN DIEGO",CARLSBAD,-117.33606719970703,33.133350372314453
8863674,2019,2019-05-24,3711,2019-05-11,0647,7727,,6,5,7,3711,0,0,0,,0,431,"OLD MEMORY LN","ROSWELL ST",100.00,E,N,B,C,N,,,,,,,,,,Y,3,0,1,1,A,-,08,22107,,N,E,I,A,B,H,-,B,D,0,,,,,Y,Y,-,"- ",0,1,0,0,0,0,0,0,0,"- ","- ",,,"SAN DIEGO","SAN DIEGO",-117.07101440429688,32.718917846679688
8864184,2019,2019-05-31,3706,2019-05-12,0410,508,ESCON,7,5,6,3706,0,0,0,,0,056,"BEAR VALLEY PKWY","OAK HILL DR",0.00,,Y,B,-,N,,,,,,,,,,Y,3,0,1,2,A,-,01,23152,A,N,B,C,A,A,H,-,C,A,0,,,,,Y,Y,A,01,0,1,0,0,0,0,0,0,0,"- ","- ",33.132358551025391,-117.04519653320312,"SAN DIEGO",ESCONDIDO,-117.04518127441406,33.132270812988281
8864188,2019,2019-05-31,3706,2019-05-16,1844,488,ESCON,4,5,6,3706,0,0,0,,0,043,"EL NORTE PKWY","CENTRE CITY PKWY",320.00,W,N,A,-,N,,,,,,,,,,,4,0,1,2,A,-,01,23152,A,N,C,C,A,A,H,-,A,D,0,,,,,Y,Y,A,01,0,0,1,0,0,0,0,0,0,"- ","- ",33.139499664306641,-117.09343719482422,"SAN DIEGO",ESCONDIDO,-117.09415435791016,33.140377044677734
8864536,2019,2019-06-03,3710,2019-05-23,2232,OC1434,,4,5,6,3710,0,0,0,,0,009,"VISTA WAY","S MORENO ST",52.00,W,N,A,-,N,,,,,,,,,,Y,4,0,3,2,A,-,01,23152,A,F,C,C,A,A,H,-,C,D,0,,,,,Y,Y,A,01,0,0,3,0,0,0,0,0,0,"- ","- ",,,"SAN DIEGO",OCEANSIDE,-117.35257720947266,33.176246643066406
8866168,2019,2019-05-23,3711,2019-05-05,2150,SD7504,,7,5,7,3711,0,0,0,,0,932,"NORTH TORREY PINES RD","CARMEL VALLEY RD",8448.00,S,N,A,-,N,,,,,,,,,,Y,3,0,1,1,A,-,03,22350,,N,F,I,A,A,H,-,D,D,0,,,,,Y,Y,A,01,0,1,0,0,0,0,0,0,0,"- ","- ",,,"SAN DIEGO","SAN DIEGO",-117.26123046875,32.938179016113281
8866170,2019,2019-05-23,3711,2019-04-29,2025,SD6192,,1,5,7,3711,0,0,0,,0,242,"CAMINO RUIZ","GOLD COAST DR",0.00,,Y,A,-,N,,,,,,,,,,Y,4,0,2,2,A,-,09,21800,D,N,A,C,A,A,H,-,E,B,0,,,,,Y,Y,A,01,0,0,2,0,0,0,0,0,0,"- ","- ",,,"SAN DIEGO","SAN DIEGO",-117.14618682861328,32.905330657958984
8866172,2019,2019-05-23,3711,2019-05-05,1706,SD6794,,7,5,7,3711,0,0,0,,0,233,"AZUAGA ST","CAMTO CLERA",0.00,,Y,A,-,N,,,,,,,,,,Y,4,0,2,1,A,-,03,22350,,N,E,I,A,A,H,-,A,D,0,,,,,Y,Y,A,01,0,0,2,0,0,0,0,0,0,"- ","- ",,,"SAN DIEGO","SAN DIEGO",,
8866174,2019,2019-05-23,3711,2019-04-28,2001,SD6366,,7,5,7,3711,0,0,0,,0,121,"MISSION BL","SAN FERNANDO PL",51.00,S,N,A,-,N,,,,,,,,,,N,3,0,1,1,A,-,08,22107,,N,E,I,A,A,H,-,A,D,0,,,Y,,Y,Y,C,03,0,1,0,0,0,0,0,0,1,"- ","- ",,,"SAN DIEGO","SAN DIEGO",-117.25100708007812,32.767581939697266
8866221,2019,2019-05-23,3711,2019-04-26,2114,SD4310,,5,5,7,3711,0,0,0,,0,524,"A ST","3RD AV",35.00,W,N,A,-,N,,,,,,,,,,Y,4,0,1,2,A,-,07,21658,A,M,B,C,A,A,H,-,C,A,0,,,,,Y,Y,A,01,0,0,1,0,0,0,0,0,0,"- ","- ",,,"SAN DIEGO","SAN DIEGO",-117.16213226318359,32.718830108642578
8866662,2019,2019-06-06,3701,2019-05-18,2313,CB5512,102,6,5,5,3701,0,0,0,,0,007,"LA COSTA AV","PIRAEUS ST",367.00,E,N,A,-,N,,,,,,,,,,N,4,0,1,2,A,-,01,23153,A,N,B,C,A,A,H,-,C,D,0,,,,,Y,Y,A,01,0,0,1,0,0,0,0,0,0,"- ","- ",,,"SAN DIEGO",CARLSBAD,-117.2952880859375,33.085140228271484
8867345,2019,2019-07-05,3706,2019-06-09,0033,474,ESCOD,7,5,6,3706,0,0,0,,0,041,"BALL AV","FIG ST",345.00,E,N,A,-,N,,,,,,,,,,N,3,0,1,2,A,-,01,23152,A,M,C,E,A,A,H,-,C,D,0,,,,,Y,Y,A,01,0,1,0,0,0,0,0,0,0,"- ","- ",33.139461517333984,-117.08036804199219,"SAN DIEGO",ESCONDIDO,-117.07923889160156,33.140144348144531
8867346,2019,2019-07-05,3706,2019-05-17,0419,507,ESCON,5,5,6,3706,0,0,0,,0,056,"HIDDEN TRAILS RD","SYCAMORE HEIGHTS PL",118.00,S,N,A,-,N,,,,,,,,,,N,3,0,1,2,A,-,03,22350,,N,C,E,A,A,H,-,C,D,0,,,,,Y,Y,A,01,0,1,0,0,0,0,0,0,0,"- ","- ",33.139400482177734,-117.02223205566406,"SAN DIEGO",ESCONDIDO,-117.02191925048828,33.139698028564453
8867359,2019,2019-07-17,3702,2019-06-02,0733,C0967,,7,5,6,3702,0,0,0,,0,042,"LAKE CREST DR","RAMBLING VISTA RD",0.00,,Y,B,-,N,,,,,,,,,,Y,4,0,1,2,A,-,01,23152,A,F,D,C,A,A,H,-,A,A,0,,,,,Y,Y,A,01,0,0,1,0,0,0,0,0,0,"- ","- ",,,"SAN DIEGO","CHULA VISTA",-116.93515014648438,32.638080596923828
8867963,2019,2019-05-31,3711,2019-05-19,2133,8334,,7,5,7,3711,0,0,0,,0,432,"IMPERIAL AV","EUCLID AV",500.00,E,N,B,-,N,,,,,,,,,,Y,4,0,1,3,A,-,03,22350,A,N,D,C,A,A,H,-,D,D,0,,,,,Y,Y,D,22,0,0,1,0,0,0,0,0,0,"- ","- ",,,"SAN DIEGO","SAN DIEGO",-117.08358001708984,32.705173492431641
8867967,2019,2019-06-06,3711,2019-05-17,2210,7897,,5,5,7,3711,0,0,0,,0,122,"LAW ST","FANUEL ST",50.00,E,N,A,-,N,,,,,,,,,,Y,4,0,1,2,A,-,08,22107,,M,C,E,A,A,H,-,D,-,0,,,,,Y,Y,A,01,0,0,1,0,0,0,0,0,0,"- ","- ",,,"SAN DIEGO","SAN DIEGO",-117.24790191650391,32.804203033447266
8868144,2019,2019-05-29,3711,2019-05-09,0718,SD6104,,4,5,7,3711,0,0,0,,0,824,"MONROE AV","52ND ST",94.00,E,N,B,-,N,,,,,,,,,,Y,3,0,2,1,A,-,08,22107,,N,E,J,A,B,H,-,A,D,0,,,,,Y,Y,A,07,0,1,1,0,0,0,0,0,0,"- ","- ",,,"SAN DIEGO","SAN DIEGO",-117.08326721191406,32.758949279785156
8868177,2019,2019-05-30,3711,2019-05-18,1900,7202,,6,5,7,3711,0,0,0,,0,435,"FEDERAL BL","ORIOLE ST",0.00,,Y,A,-,N,,,,,,,,,,Y,4,0,3,3,A,-,01,23152,A,N,C,C,A,A,H,-,B,A,0,,,,,Y,Y,-,,0,0,3,0,0,0,0,0,0,"- ","- ",,,"SAN DIEGO","SAN DIEGO",-117.06229999999999,32.729610000000001
8868220,2019,2019-06-11,3711,2019-03-30,2157,SD233,,6,5,7,3711,0,0,0,,0,121,"OCEAN FRONT WALK","KINGSTON CT",21.00,N,N,A,-,N,,,,,,,,,,N,2,0,1,1,A,-,03,22350,A,N,F,A,A,A,H,-,C,D,0,,,Y,,Y,Y,C,03,1,0,0,0,0,0,0,0,1,"- ","- ",,,"SAN DIEGO","SAN DIEGO",-117.25311279296875,32.775718688964844
8868679,2019,2019-06-11,3700,2019-05-17,0635,SH7085,,5,5,5,3713,0,0,0,,0,307,"CYPRESS DR","ALTA VISTA TER",280.00,N,N,A,-,N,,,,,,,,,,Y,4,0,1,2,A,-,01,23152,A,N,C,E,A,A,H,-,A,D,0,,,,,Y,Y,D,22,0,0,1,0,0,0,0,0,0,"- ","- ",,,"SAN DIEGO",VISTA,-117.21987152099609,33.193168640136719
8868948,2019,2019-06-11,3705,2019-05-02,0215,EC0328,,4,5,5,3705,0,0,0,,0,002,1ST,"MARLINE AV",132.00,N,N,A,-,N,,,,,,,,,,Y,4,0,1,3,A,-,01,23152,B,N,C,C,A,A,H,-,D,D,0,,,,Y,Y,Y,A,01,0,0,1,0,0,0,0,0,0,"- ","- ",,,"SAN DIEGO","EL CAJON",-116.94460296630859,32.805492401123047
8869137,2019,2019-06-05,3701,2019-05-13,2120,CB5522,003,1,5,5,3701,0,0,0,,0,002,"CARLSBAD VILLAGE DR","HARDING ST",414.00,E,N,A,-,N,,,,,,,,,,Y,3,0,1,2,A,-,01,23153,,N,G,B,D,A,H,-,C,D,0,Y,,,,Y,Y,A,01,0,1,0,0,1,0,0,0,0,"- ","- ",,,"SAN DIEGO",CARLSBAD,-117.34354400634766,33.162616729736328
8869153,2019,2019-06-05,3709,2019-05-18,0345,NC0514,,6,5,5,3709,0,0,0,,0,021,"EAST PLAZA BL","MANCHESTER ST",4.00,N,N,B,-,N,,,,,,,,,,Y,3,0,1,1,A,-,01,23152,A,N,E,J,A,A,H,-,C,A,0,,,Y,,Y,Y,C,06,0,1,0,0,0,0,0,0,1,"- ","- ",,,"SAN DIEGO","NATIONAL CITY",-117.07079315185547,32.684829711914062
8869631,2019,2019-06-10,3705,2019-05-27,1911,EC0324,,1,5,5,3705,0,0,0,,0,004,MAGNOLIA,RENETTE,0.00,,Y,A,-,N,,,,,,,,,,Y,4,0,3,2,A,-,01,23153,A,N,D,C,A,A,H,-,A,D,0,,,,,Y,Y,A,07,0,0,3,0,0,0,0,0,0,"- ","- ",,,"SAN DIEGO","EL CAJON",-116.96230316162109,32.784080505371094
8870480,2019,2019-06-13,3700,2019-04-14,2119,SH7085,,7,5,5,3782,0,0,0,,0,222,"MELBA RD","BRACERO RD",165.00,W,N,A,-,N,,,,,,,,,,Y,4,0,1,2,A,-,01,23152,A,M,A,C,A,A,H,-,D,D,0,,,,,Y,Y,D,22,0,0,1,0,0,0,0,0,0,"- ","- ",,,"SAN DIEGO",ENCINITAS,-117.27546691894531,33.039852142333984
8870660,2019,2019-06-11,3706,2019-05-08,2145,507,ESCON,3,5,6,3706,0,0,0,,0,045,"HOWARD AV","AUTO PARK WY",0.00,,Y,B,-,N,,,,,,,,,,,3,0,1,2,A,-,12,21453,A,N,H,G,A,A,H,-,C,A,0,,Y,,,Y,Y,-,"- ",0,1,0,0,0,0,1,0,0,"- ","- ",33.115211486816406,-117.10901641845703,"SAN DIEGO",ESCONDIDO,-117.10894775390625,33.115211486816406
8871556,2019,2019-06-24,3702,2019-04-14,1711,CV1232,,7,5,6,3702,0,0,0,,0,042,"OLYMPIC PKWY","LA MEDIA RD",100.00,W,N,A,-,N,,,,,,,,,,Y,4,0,1,1,A,-,01,23152,A,N,E,J,A,A,H,-,A,D,0,,,Y,,Y,Y,C,02,0,0,1,0,0,0,0,0,1,"- ","- ",,,"SAN DIEGO","CHULA VISTA",-116.98651123046875,32.624927520751953
8871607,2019,2019-06-26,3708,2019-05-12,0729,LM1281,,7,5,5,3708,0,0,0,,0,001,"70TH ST","ADAMS AV",434.00,S,N,A,-,N,,,,,,,,,,Y,3,0,1,4,A,-,01,23152,A,M,B,E,A,A,H,-,A,D,0,,,,,Y,Y,-,,0,1,0,0,0,0,0,0,0,"- ","- ",,,"SAN DIEGO","LA MESA",-117.04683685302734,32.763019561767578
8871644,2019,2019-06-26,3700,2019-06-05,2009,SH3913,,3,5,5,3712,0,0,0,,0,360,"WEST SAN MARCOS BL","GRAND AV",0.00,,Y,A,-,N,,,,,,,,,,Y,3,0,4,2,A,-,12,21453,A,F,D,C,A,A,H,-,A,A,0,,,,,Y,Y,D,23,0,1,3,0,0,0,0,0,0,"- ","- ",,,"SAN DIEGO","SAN MARCOS",-117.17909240722656,33.137229919433594
8871859,2019,2019-06-25,3702,2019-05-24,1314,CV1031,,5,5,6,3702,0,0,0,,0,024,"EAST ORANGE AV","MAX AV",0.00,,Y,A,-,N,,,,,,,,,,Y,4,0,1,2,A,-,01,23152,B,M,B,C,A,A,H,-,B,A,0,,,,,Y,Y,A,01,0,0,1,0,0,0,0,0,0,"- ","- ",,,"SAN DIEGO","CHULA VISTA",-117.04445648193359,32.601879119873047
8871906,2019,2019-06-25,3702,2019-05-25,0156,CV1212,,6,5,6,3702,0,0,0,,0,031,"EAST H ST","HIDDEN VISTA DR",534.00,W,N,A,-,N,,,,,,,,,,Y,2,0,1,1,A,-,01,23152,A,N,F,I,A,A,H,-,C,D,0,,,,,Y,Y,A,01,1,0,0,0,0,0,0,0,0,"- ","- ",,,"SAN DIEGO","CHULA VISTA",-117.05092620849609,32.641273498535156
8872172,2019,2019-06-07,3711,2019-05-17,2205,7897,,5,5,7,3711,0,0,0,,0,122,"MISSION BL","MISSION BL 4600",0.00,,N,A,-,N,,,,,,,,,,Y,4,0,1,2,A,-,08,22107,,M,B,C,A,A,H,-,C,A,0,,,,,Y,Y,A,01,0,0,1,0,0,0,0,0,0,"- ","- ",,,"SAN DIEGO","SAN DIEGO",,
8872246,2019,2019-06-10,3711,2019-05-12,0125,SD7884,,7,5,7,3711,0,0,0,,0,122,"GARNET AV","INGRAHAM ST",0.00,,Y,A,-,N,,,,,,,,,,N,3,0,1,1,A,-,03,22350,,N,E,I,A,A,H,-,C,A,0,,,,,Y,Y,-,,0,1,0,0,0,0,0,0,0,"- ","- ",,,"SAN DIEGO","SAN DIEGO",-117.24083709716797,32.799758911132812
8872352,2019,2019-06-12,3711,2019-05-13,1500,SD6192,,1,5,7,3711,0,0,0,,0,246,"SCRIPPS POWAY PKWY","SCRIPPS CREEK DR",51.00,E,N,A,-,N,,,,,,,,,,Y,4,0,1,4,A,-,03,22350,,N,C,C,A,A,H,-,A,D,0,,,,,Y,Y,A,08,0,0,1,0,0,0,0,0,0,"- ","- ",,,"SAN DIEGO","SAN DIEGO",-117.08885955810547,32.934791564941406
8872449,2019,2019-11-08,3711,2019-05-14,2250,SD7869,,2,5,7,3711,0,0,0,,0,314,"KEARNY VILLA RD","RT 805",0.00,,Y,A,-,Y,SD,11,805,-,-,19.984,R,4,N,N,4,0,1,1,A,-,08,22107,,N,H,A,A,A,H,-,C,A,0,,,Y,,Y,Y,C,02,0,0,1,0,0,0,0,0,1,"- ",NF,,,"SAN DIEGO","SAN DIEGO",-117.14974975585938,32.800369262695312