CASE_ID,ACCIDENT_YEAR,PROC_DATE,JURIS,COLLISION_DATE,COLLISION_TIME,OFFICER_ID,REPORTING_DISTRICT,DAY_OF_WEEK,CHP_SHIFT,POPULATION,CNTY_CITY_LOC,SPECIAL_COND,BEAT_TYPE,CHP_BEAT_TYPE,CITY_DIVISION_LAPD,CHP_BEAT_CLASS,BEAT_NUMBER,PRIMARY_RD,SECONDARY_RD,DISTANCE,DIRECTION,INTERSECTION,WEATHER_1,WEATHER_2,STATE_HWY_IND,CALTRANS_COUNTY,CALTRANS_DISTRICT,STATE_ROUTE,ROUTE_SUFFIX,POSTMILE_PREFIX,POSTMILE,LOCATION_TYPE,RAMP_INTERSECTION,SIDE_OF_HWY,TOW_AWAY,COLLISION_SEVERITY,NUMBER_KILLED,NUMBER_INJURED,PARTY_COUNT,PRIMARY_COLL_FACTOR,PCF_CODE_OF_VIOL,PCF_VIOL_CATEGORY,PCF_VIOLATION,PCF_VIOL_SUBSECTION,HIT_AND_RUN,TYPE_OF_COLLISION,MVIW,PED_ACTION,ROAD_SURFACE,ROAD_COND_1,ROAD_COND_2,LIGHTING,CONTROL_DEVICE,CHP_ROAD_TYPE,PEDESTRIAN_ACCIDENT,BICYCLE_ACCIDENT,MOTORCYCLE_ACCIDENT,TRUCK_ACCIDENT,NOT_PRIVATE_PROPERTY,ALCOHOL_INVOLVED,STWD_VEHTYPE_AT_FAULT,CHP_VEHTYPE_AT_FAULT,COUNT_SEVERE_INJ,COUNT_VISIBLE_INJ,COUNT_COMPLAINT_PAIN,COUNT_PED_KILLED,COUNT_PED_INJURED,COUNT_BICYCLIST_KILLED,COUNT_BICYCLIST_INJURED,COUNT_MC_KILLED,COUNT_MC_INJURED,PRIMARY_RAMP,SECONDARY_RAMP,LATITUDE,LONGITUDE,COUNTY,CITY,POINT_X,POINT_Y
8886688,2019,2019-08-23,3711,2019-06-11,2155,SD7335,,2,5,7,3711,0,0,0,,0,315,"MISSION CENTER RD","HAZARD CENTER DR",0.00,,Y,A,-,N,,,,,,,,,,N,3,0,1,1,A,-,17,21235,G,N,H,A,A,A,H,-,C,A,0,,,Y,,Y,Y,C,03,0,1,0,0,0,0,0,0,1,"- ","- ",,,"SAN DIEGO","SAN DIEGO",-117.15482330322266,32.770809173583984
8886689,2019,2019-07-18,3711,2019-06-11,2215,DS7314,,2,5,7,3711,0,0,0,,0,524,"5TH AV","A ST",0.00,,Y,B,-,N,,,,,,,,,,N,4,0,1,1,A,-,03,22350,,N,H,J,A,A,H,-,C,A,0,,,,,Y,Y,-,,0,0,1,0,0,0,0,0,0,"- ","- ",,,"SAN DIEGO","SAN DIEGO",-117.16018676757812,32.718849182128906
8886695,2019,2019-07-18,3711,2019-06-13,1400,SD7911,,4,5,7,3711,0,0,0,,0,243,"DISTRIBUTION AV","MIRAMAR RD",528.00,N,N,B,-,N,,,,,,,,,,Y,4,0,1,2,A,-,09,21804,A,N,B,-,A,A,H,-,A,D,0,,,,,Y,Y,A,01,0,0,1,0,0,0,0,0,0,"- ","- ",,,"SAN DIEGO","SAN DIEGO",-117.16288757324219,32.880561828613281
8886699,2019,2019-07-18,3711,2019-06-12,2126,SD8382,,3,5,7,3711,0,0,0,,0,121,"BAYSIDE WALK","N ALLEY SEAGIRT CT",0.00,,Y,B,-,N,,,,,,,,,,N,3,0,1,2,A,-,03,22350,,M,G,B,E,A,H,-,C,D,0,Y,,,,Y,Y,-,99,0,1,0,0,1,0,0,0,0,"- ","- ",,,"SAN DIEGO","SAN DIEGO",-117.25205099999999,32.785553999999998
8886765,2019,2019-07-08,3711,2019-04-22,1908,SD4310,,1,5,7,3711,0,0,0,,0,451,"54TH ST","FRONTAGE RD",5.00,S,N,A,-,N,,,,,,,,,,Y,2,0,2,1,A,-,03,22350,,N,E,I,A,A,H,-,A,D,0,,,,,Y,Y,A,01,1,1,0,0,0,0,0,0,0,"- ","- ",,,"SAN DIEGO","SAN DIEGO",,
8887703,2019,2019-07-08,3705,2019-05-22,1656,EC5352,,3,5,5,3705,0,0,0,,0,002,"MADISON AV","JUNE WY",0.00,,Y,C,-,N,,,,,,,,,,Y,4,0,2,2,A,-,09,21453,C,N,D,C,A,B,-,-,A,A,0,,,,,Y,Y,A,07,0,0,2,0,0,0,0,0,0,"- ","- ",,,"SAN DIEGO","EL CAJON",-116.94837188720703,32.8001708984375
8887708,2019,2019-07-03,3701,2019-05-29,1900,CB5493,002,3,5,5,3701,0,0,0,,0,001,"GRAND AV","MADISON ST",0.00,,Y,A,-,N,,,,,,,,,,N,3,0,1,2,A,-,09,21801,A,N,A,C,A,A,H,-,A,A,0,,,Y,,Y,Y,A,01,0,1,0,0,0,0,0,0,0,"- ","- ",33.161899566650391,-117.34751892089844,"SAN DIEGO",CARLSBAD,-117.34754180908203,33.161838531494141
8887716,2019,2019-07-03,3701,2019-05-27,1623,CB5535,119,1,5,5,3701,0,0,0,,0,008,"CALLE BARCELONA","WOODFERN LN",63.00,W,N,A,-,N,,,,,,,,,,N,4,0,1,2,A,-,03,22350,,F,C,C,A,A,H,-,A,A,0,,,,,Y,Y,A,01,0,0,1,0,0,0,0,0,0,"- ","- ",,,"SAN DIEGO",CARLSBAD,-117.26593780517578,33.072944641113281
8887733,2019,2019-07-19,3711,2019-05-29,2130,8382,,3,5,7,3711,0,0,0,,0,122,"PACIFIC BEACH DR","INGRAHAM ST",0.00,,Y,B,-,N,,,,,,,,,,Y,3,0,2,2,A,-,08,22107,,N,A,C,A,A,H,-,C,A,0,,,,,Y,Y,A,07,0,1,1,0,0,0,0,0,0,"- ","- ",,,"SAN DIEGO","SAN DIEGO",-117.23909759521484,32.793941497802734
8887803,2019,2019-07-22,3711,2019-06-20,2303,7400,,4,5,7,3711,0,0,0,,0,613,"NIMITZ BL","NIMITZ BL 3700",0.00,,Y,B,-,N,,,,,,,,,,Y,4,0,2,1,A,-,01,23152,A,N,E,I,A,A,H,-,C,D,0,,,,,Y,Y,-,,0,0,2,0,0,0,0,0,0,"- ","- ",32.737998962402344,-117.23100280761719,"SAN DIEGO","SAN DIEGO",,
8887807,2019,2019-08-20,3711,2019-06-18,0020,8404,,2,5,7,3711,0,0,0,,0,627,"8TH AV","8TH AV 4000",0.00,,Y,A,-,N,,,,,,,,,,Y,4,0,1,5,A,-,08,22107,,N,A,C,A,A,H,-,C,D,0,,,,,Y,Y,A,07,0,0,1,0,0,0,0,0,0,"- ","- ",32.750251770019531,-117.15744781494141,"SAN DIEGO","SAN DIEGO",-117.15740599999999,32.750200999999997
8887809,2019,2019-07-22,3711,2019-06-18,2254,SD7233,,2,5,7,3711,0,0,0,,0,327,"COLLEGE AV","ALVARADO RD",133.00,S,N,A,-,N,,,,,,,,,,N,3,0,1,2,A,-,11,21954,A,N,G,B,D,A,H,-,C,D,0,Y,,,,Y,Y,N,60,0,1,0,0,1,0,0,0,0,"- ","- ",,,"SAN DIEGO","SAN DIEGO",-117.06790924072266,32.776420593261719
8887814,2019,2019-07-22,3711,2019-06-22,0208,SD7185,,6,5,7,3711,0,0,0,,0,315,"MISSION CENTER RD","MISSION CENTER CT",40.00,S,N,A,-,N,,,,,,,,,,Y,3,0,1,2,A,-,03,22350,,N,C,C,A,A,H,-,C,A,0,,,,,Y,Y,A,01,0,1,0,0,0,0,0,0,0,"- ","- ",,,"SAN DIEGO","SAN DIEGO",-117.15421295166016,32.773475646972656
8887822,2019,2019-07-18,3711,2019-06-14,2341,SD6146,,5,5,7,3711,0,0,0,,0,524,"7TH AV","MARKET ST",27.00,N,N,A,-,N,,,,,,,,,,Y,2,0,2,1,A,-,03,22350,,N,E,I,A,A,H,-,C,A,0,,,,,Y,Y,A,01,1,1,0,0,0,0,0,0,0,"- ","- ",,,"SAN DIEGO","SAN DIEGO",-117.15833282470703,32.711582183837891
8887825,2019,2019-08-05,3711,2019-06-21,2239,7371,SD,5,5,7,3711,0,0,0,,0,821,"EL CAJON BL","71ST ST",1.00,E,N,C,-,N,,,,,,,,,,N,3,0,2,3,A,-,11,21954,A,N,G,B,D,B,H,-,C,D,0,Y,,,,Y,Y,N,60,0,2,0,0,1,0,0,0,0,"- ","- ",,,"SAN DIEGO","SAN DIEGO",-117.04483795166016,32.768741607666016
8887828,2019,2019-07-18,3711,2019-06-18,2205,SD7314,,2,5,7,3711,0,0,0,,0,523,"K ST","6TH AV",0.00,,Y,B,-,N,,,,,,,,,,N,4,0,1,2,A,-,05,21651,A,N,A,C,A,A,H,-,C,D,0,,,,,Y,Y,A,07,0,0,1,0,0,0,0,0,0,"- ","- ",,,"SAN DIEGO","SAN DIEGO",-117.1591796875,32.708328247070312
8887835,2019,2019-07-18,3711,2019-06-09,1155,SD4576,,7,5,7,3711,0,0,0,,0,121,"STRAND WY","PISMO CT",8.00,N,N,A,-,N,,,,,,,,,,N,2,0,1,1,A,-,03,22350,,N,H,A,A,A,A,-,A,D,0,,,Y,,Y,Y,C,03,1,0,0,0,0,0,0,0,1,"- ","- ",,,"SAN DIEGO","SAN DIEGO",-117.25331115722656,32.783283233642578
8887836,2019,2019-08-05,3711,2019-06-18,1510,SD7750,,2,5,7,3711,0,0,0,,0,621,"WESTINGHOUSE ST","WESTINGHOUSE ST 1900",0.00,,Y,A,-,N,,,,,,,,,,N,4,0,1,2,A,-,21,22106,,N,C,C,A,A,-,-,A,D,0,,,,,Y,Y,A,01,0,0,1,0,0,0,0,0,0,"- ","- ",,,"SAN DIEGO","SAN DIEGO",,
8887839,2019,2019-07-18,3711,2019-06-07,2045,SD6146,,5,5,7,3711,0,0,0,,0,611,"ROSECRANS ST","MIDWAY DR",303.00,N,N,B,-,N,,,,,,,,,,N,2,0,1,2,A,-,05,21650,1,N,D,G,A,A,H,-,C,D,0,,Y,,,Y,Y,L,04,1,0,0,0,0,0,1,0,0,"- ","- ",,,"SAN DIEGO","SAN DIEGO",-117.20561218261719,32.750381469726562
8889007,2019,2019-07-09,3700,2019-06-22,2057,SH0320,,6,5,5,3713,0,0,0,,0,310,"NORTH SANTA FE AV","VISTA VILLAGE DR",100.00,S,N,A,-,N,,,,,,,,,,Y,4,0,6,3,A,-,01,23152,A,N,C,C,A,A,H,-,C,D,0,,,,,Y,Y,A,01,0,0,6,0,0,0,0,0,0,"- ","- ",,,"SAN DIEGO",VISTA,-117.24375915527344,33.202152252197266
8889266,2019,2019-07-15,3711,2019-06-18,0045,SD4576,,2,5,7,3711,0,0,0,,0,531,"PERSHING DR","26TH ST",165.00,N,N,B,-,N,,,,,,,,,,Y,2,0,2,1,A,-,08,22107,,N,E,I,A,A,H,-,D,D,0,,,,,Y,Y,D,22,1,0,1,0,0,0,0,0,0,"- ","- ",,,"SAN DIEGO","SAN DIEGO",-117.14240264892578,32.723129272460938
8889270,2019,2019-07-15,3711,2019-06-20,0005,SD8382,,4,5,7,3711,0,0,0,,0,111,"CHATEAU DR","CAMBER DR",54.00,E,N,B,-,N,,,,,,,,,,Y,3,0,1,4,A,-,08,22107,,N,B,E,A,A,H,-,C,D,0,,,,,Y,Y,D,22,0,1,0,0,0,0,0,0,0,"- ","- ",,,"SAN DIEGO","SAN DIEGO",-117.17729949951172,32.823612213134766
8889299,2019,2019-07-10,3706,2019-06-29,2137,524,ESCON,6,5,6,3706,0,0,0,,0,041,"ASH ST","SENDERO  AV",0.00,,Y,A,-,N,,,,,,,,,,N,4,0,3,2,A,-,01,23152,A,N,A,C,A,A,H,-,C,D,0,,,,,Y,Y,A,07,0,0,3,0,0,0,0,0,0,"- ","- ",33.142578125,-117.075927734375,"SAN DIEGO",ESCONDIDO,-117.07595062255859,33.142528533935547
8889601,2019,2019-07-22,3708,2019-06-07,1548,LM1259,,5,5,5,3708,0,0,0,,0,002,"ECHO DR","PANORAMA DR",236.00,W,N,A,-,N,,,,,,,,,,Y,4,0,1,1,A,-,01,23152,B,N,E,I,A,A,H,-,A,D,0,,,,,Y,Y,A,01,0,0,1,0,0,0,0,0,0,"- ","- ",,,"SAN DIEGO","LA MESA",-117.00856018066406,32.756557464599609
8889723,2019,2019-08-16,3708,2019-07-02,2138,LM1250,,2,5,5,3708,0,0,0,,0,001,"UNIVERSITY AV","70TH ST",0.00,,Y,A,-,N,,,,,,,,,,Y,3,0,2,2,A,-,01,23152,A,F,D,C,A,A,H,-,C,A,0,,,,,Y,Y,A,01,0,1,1,0,0,0,0,0,0,"- ","- ",,,"SAN DIEGO","LA MESA",-117.04753875732422,32.755329132080078
8890173,2019,2019-07-19,3701,2019-06-16,1753,CB5512,001,7,5,5,3701,0,0,0,,0,001,"WALNUT AV","GARFIELD ST",14.00,E,N,A,-,N,,,,,,,,,,Y,3,0,1,4,A,-,01,23152,A,N,C,E,A,A,H,-,A,A,0,,,,,Y,Y,A,01,0,1,0,0,0,0,0,0,0,"- ","- ",,,"SAN DIEGO",CARLSBAD,-117.34897613525391,33.154560089111328
8890174,2019,2019-07-24,3706,2019-06-02,2032,491,ESCON,7,5,6,3706,0,0,0,,0,056,"VALLEY PKWY","CITRUS AV",0.00,,Y,A,-,N,,,,,,,,,,,4,0,3,2,A,-,01,23152,A,N,D,C,A,A,H,-,C,A,0,,,,,Y,Y,A,01,0,0,3,0,0,0,0,0,0,"- ","- ",33.140518188476562,-117.04438781738281,"SAN DIEGO",ESCONDIDO,-117.04425048828125,33.140998840332031
8890176,2019,2019-07-24,3701,2019-06-18,1917,CB5493,117,2,5,5,3701,0,0,0,,0,008,"LA COSTA AV","LA COSTA TOWNE CENTER NORTH DY",0.00,,Y,A,-,N,,,,,,,,,,,3,0,1,2,A,-,22,23123,A,N,G,B,B,A,H,-,A,A,0,Y,,,,Y,Y,A,01,0,1,0,0,1,0,0,0,0,"- ","- ",33.085540771484375,-117.26709747314453,"SAN DIEGO",CARLSBAD,-117.26705800000001,33.085527999999996
8890381,2019,2019-07-15,3711,2019-06-20,1434,SD5654,,4,5,7,3711,0,0,0,,0,627,"1ST AV","ROBINSON AV",158.00,S,N,B,-,N,,,,,,,,,,Y,3,0,1,2,A,-,05,21460,A,N,A,C,A,B,H,-,A,D,0,,,,,Y,Y,A,01,0,1,0,0,0,0,0,0,0,"- ","- ",,,"SAN DIEGO","SAN DIEGO",-117.16387939453125,32.746479034423828
8890398,2019,2019-07-15,3711,2019-06-23,1748,SD7878,,7,5,7,3711,0,0,0,,0,122,"MISSION BL","FELSPAR ST",0.00,,Y,-,-,N,,,,,,,,,,N,3,0,1,1,A,-,03,22350,,N,-,-,A,-,-,-,-,-,0,,,,,Y,Y,-,,0,1,0,0,0,0,0,0,0,"- ","- ",,,"SAN DIEGO","SAN DIEGO",-117.25576019287109,32.797481536865234
8891089,2019,2019-07-12,3711,2019-06-23,0235,SD4310,,7,5,7,3711,0,0,0,,0,521,"K ST","K ST 600",0.00,,Y,B,-,N,,,,,,,,,,N,3,0,1,2,A,-,12,21453,A,M,D,C,A,A,H,-,C,A,0,,,Y,,Y,Y,C,03,0,1,0,0,0,0,0,0,1,"- ","- ",,,"SAN DIEGO","SAN DIEGO",,
8891092,2019,2019-08-07,3711,2019-06-20,1425,SD6151,,4,5,7,3711,0,0,0,,0,313,"BALBOA AV","VIEWRIDGE AV",100.00,E,N,B,-,N,,,,,,,,,,N,4,0,1,2,A,-,"- ",,,N,H,C,A,A,H,-,A,A,0,,,,,Y,Y,-,"- ",0,0,1,0,0,0,0,0,0,"- ","- ",,,"SAN DIEGO","SAN DIEGO",-117.1246337890625,32.822444915771484
8891096,2019,2019-07-12,3711,2019-06-22,2033,SD7201,,6,5,7,3711,0,0,0,,0,315,"CAMINO DE LA REINA","MISSION CENTER RD",390.00,E,N,A,-,N,,,,,,,,,,N,4,0,2,2,A,-,09,21804,A,N,D,C,A,B,H,-,C,D,0,,,,,Y,Y,A,01,0,0,2,0,0,0,0,0,0,"- ","- ",,,"SAN DIEGO","SAN DIEGO",-117.15264892578125,32.768482208251953
8892634,2019,2019-07-24,3710,2019-06-25,0055,OC1419,,2,5,6,3710,0,0,0,,0,011,"MISSION AV","BUTLER ST",415.00,E,N,A,-,N,,,,,,,,,,Y,4,0,3,2,A,-,01,23152,A,N,A,C,A,A,H,-,C,D,0,,,,,Y,Y,A,01,0,0,3,0,0,0,0,0,0,"- ","- ",,,"SAN DIEGO",OCEANSIDE,-117.34992980957031,33.21221923828125
8892699,2019,2019-08-20,3710,2019-07-08,2046,OC1432,,1,5,6,3710,0,0,0,,0,006,"N PACIFIC","NEPTUNE S",454.00,N,N,A,-,N,,,,,,,,,,Y,3,0,2,3,A,-,01,23153,A,N,B,E,A,A,H,-,C,D,0,,,,,Y,Y,A,01,0,1,1,0,0,0,0,0,0,"- ","- ",,,"SAN DIEGO",OCEANSIDE,-117.38780212402344,33.200149536132812
8892711,2019,2019-08-20,3710,2019-07-06,2330,OC1472,,6,5,6,3710,0,0,0,,0,027,"COLLEGE BL","VISTA WAY",0.00,,Y,A,-,N,,,,,,,,,,Y,4,0,2,2,A,-,01,23152,A,N,D,C,A,A,H,-,C,A,0,,,,,Y,Y,A,01,0,0,2,0,0,0,0,0,0,"- ","- ",,,"SAN DIEGO",OCEANSIDE,-117.29650115966797,33.184001922607422
8893502,2019,2019-08-01,3711,2019-07-03,1826,7657,,3,5,7,3711,0,0,0,,0,721,"ELM AV","18TH ST",15.00,W,N,A,-,N,,,,,,,,,,Y,4,0,2,3,A,-,12,22450,,N,D,C,A,A,H,-,A,D,0,,,,,Y,Y,-,"- ",0,0,2,0,0,0,0,0,0,"- ","- ",,,"SAN DIEGO","SAN DIEGO",-117.09490203857422,32.580650329589844
8893524,2019,2019-07-23,3711,2019-06-30,0210,7227,,7,5,7,3711,0,0,0,,0,833,"FAIRMOUNT AV","LANDIS ST",80.00,S,N,A,-,N,,,,,,,,,,,3,0,1,2,A,-,08,22107,,N,A,E,A,A,H,-,C,D,0,,,,,Y,Y,-,,0,1,0,0,0,0,0,0,0,"- ","- ",,,"SAN DIEGO","SAN DIEGO",-117.10094451904297,32.745651245117188
8893621,2019,2019-08-01,3705,2019-06-26,1302,EC5368,,3,5,5,3705,0,0,0,,0,002,"EAST MAIN ST","SULZFED WY",55.00,E,N,A,-,N,,,,,,,,,,N,4,0,1,4,A,-,03,22350,,N,C,C,A,A,H,-,A,D,0,,,,Y,Y,Y,F,26,0,0,1,0,0,0,0,0,0,"- ","- ",,,"SAN DIEGO","EL CAJON",-116.95997619628906,32.794944763183594
8893825,2019,2020-01-28,3700,2019-07-09,0152,SH0690,,2,5,5,3712,0,0,0,,0,354,"NORDAHL RD","RT 78",0.00,,Y,A,-,Y,SD,11,78,-,R,15.647,R,4,W,Y,4,0,1,1,A,-,03,22350,,N,E,I,A,A,H,-,C,A,0,,,,,Y,Y,A,01,0,0,1,0,0,0,0,0,0,"- ",WF,,,"SAN DIEGO","SAN MARCOS",-117.11896514892578,33.131141662597656
8893839,2019,2019-09-06,3709,2019-07-12,0152,NC0415,,5,5,5,3709,0,0,0,,0,024,"NATIONAL CITY BL","MILE OF CARS WY",170.00,N,N,A,-,N,,,,,,,,,,Y,4,0,1,2,A,-,01,23152,A,M,E,I,A,A,H,-,C,D,0,,,,,Y,Y,A,01,0,0,1,0,0,0,0,0,0,"- ","- ",,,"SAN DIEGO","NATIONAL CITY",-117.10173797607422,32.662483215332031
8895598,2019,2019-07-18,3701,2019-03-27,1930,CB5534,80,3,5,5,3701,0,0,0,,0,006,"POINSETTIA LN","CASSIA RD",33.00,W,N,A,-,N,,,,,,,,,,Y,3,0,1,2,A,-,01,23152,A,N,C,C,A,A,H,-,C,A,0,,,,,Y,Y,A,07,0,1,0,0,0,0,0,0,0,"- ","- ",,,"SAN DIEGO",CARLSBAD,-117.27950286865234,33.112380981445312
8895642,2019,2019-11-08,3703,2019-06-28,2339,1120,,5,5,3,3703,0,0,0,,0,001,"3RD ST","B AV",10.00,E,N,A,-,Y,SD,11,75,-,R,19.860,H,-,S,Y,4,0,1,1,A,-,01,23152,A,M,E,I,A,A,H,-,C,D,0,,,,Y,Y,Y,F,26,0,0,1,0,0,0,0,0,0,"- ","- ",,,"SAN DIEGO",CORONADO,-117.17157745361328,32.694889068603516
8895685,2019,2019-07-16,3703,2019-06-30,2216,1343,,7,5,3,3703,0,0,0,,0,001,"ALAMEDA BL","6TH ST",254.00,N,N,A,-,N,,,,,,,,,,Y,3,0,1,2,A,-,01,23152,A,M,B,E,A,A,H,-,D,D,0,,,,,Y,Y,A,07,0,1,0,0,0,0,0,0,0,"- ","- ",,,"SAN DIEGO",CORONADO,-117.18508911132812,32.695991516113281
8895723,2019,2019-07-16,3710,2019-06-02,0050,OC1472,,7,5,6,3710,0,0,0,,0,016,"DOUGLAS DR","PALA RD",0.00,,Y,A,-,N,,,,,,,,,,Y,4,0,1,2,A,-,12,21453,A,F,D,C,A,A,H,-,C,A,0,,,,,Y,Y,A,01,0,0,1,0,0,0,0,0,0,"- ","- ",,,"SAN DIEGO",OCEANSIDE,-117.32257080078125,33.237998962402344
8896226,2019,2019-10-17,3711,2019-06-30,0001,SD7912,,7,5,7,3711,0,0,0,,0,628,"INDIA ST","W UPAS ST",0.00,,Y,A,-,N,,,,,,,,,,N,3,0,1,1,D,-,00,,,N,H,-,A,A,H,-,C,A,0,,,,,Y,Y,-,"- ",0,1,0,0,0,0,0,0,0,"- ","- ",,,"SAN DIEGO","SAN DIEGO",-117.17739868164062,32.738948822021484
8896227,2019,2020-05-27,3711,2019-06-30,1452,SD7629,,7,5,7,3711,0,0,0,,0,825,"EL CAJON BL","RT 15",0.00,,Y,A,-,Y,SD,11,15,-,M,4.925,R,1,N,N,4,0,1,2,A,-,12,21453,A,N,D,G,A,A,H,-,A,A,0,,Y,,,Y,Y,A,01,0,0,1,0,0,0,1,0,0,"- ",NF,,,"SAN DIEGO","SAN DIEGO",-117.10860443115234,32.753673553466797
8896376,2019,2019-09-25,3711,2019-06-27,1245,SD7287,,4,5,7,3711,0,0,0,,0,612,"BARNETT AV","LYTTON ST",0.00,,Y,A,-,N,,,,,,,,,,Y,4,0,1,2,A,-,03,22350,,N,C,C,A,A,H,-,A,A,0,,,,,Y,Y,A,08,0,0,1,0,0,0,0,0,0,"- ","- ",,,"SAN DIEGO","SAN DIEGO",-117.20954895019531,32.742568969726562
8896532,2019,2019-08-29,3708,2019-07-06,2231,LM1158,,6,5,5,3708,0,0,0,,0,004,"AMAYA DR","FLETCHER PKWY",45.00,E,N,A,-,N,,,,,,,,,,N,4,0,2,2,A,-,01,23152,A,N,C,C,A,A,H,-,D,A,0,,,,,Y,Y,A,01,0,0,2,0,0,0,0,0,0,"- ","- ",,,"SAN DIEGO","LA MESA",-117.00304412841797,32.786735534667969
8896670,2019,2020-09-18,3710,2019-07-15,2500,OC1425,,1,5,6,3710,0,0,0,,0,035,"RT 76","COLLEGE BL",160.00,W,N,A,-,Y,SD,11,76,-,R,6.180,H,-,E,Y,3,0,1,2,A,-,01,23153,A,N,C,C,A,A,H,-,C,A,0,,,Y,,Y,Y,C,02,0,1,0,0,0,0,0,0,1,"- ","- ",,,"SAN DIEGO",OCEANSIDE,-117.29023742675781,33.243602752685547
8896686,2019,2019-11-08,3700,2019-07-16,1637,SH0690,,2,5,5,3712,0,0,0,,0,354,"NORDAHL RD","RT 78",0.00,,Y,A,-,Y,SD,11,78,-,-,15.340,R,4,W,N,2,0,1,2,A,-,11,21950,B,N,G,B,B,A,H,-,A,A,0,Y,,,,Y,Y,N,60,1,0,0,0,1,0,0,0,0,"- ",WO,,,"SAN DIEGO","SAN MARCOS",-117.12368011474609,33.133216857910156
8896886,2019,2021-05-20,3700,2019-05-07,0500,SH5656,,2,5,5,3781,0,0,0,,0,515,"N MAGNOLIA AV","RIVERVIEW PKWY",125.00,S,N,E,-,N,,,,,,,,,,Y,1,1,0,2,A,-,08,22107,,F,G,B,E,B,H,-,C,D,0,Y,,,,Y,Y,A,01,0,0,0,1,0,0,0,0,0,"- ","- ",,,"SAN DIEGO",SANTEE,-116.96929168701172,32.843967437744141
8896910,2019,2019-08-06,3711,2019-06-13,2234,SD4310,,4,5,7,3711,0,0,0,,0,121,"MISSION BL","MISSION BL 3800",0.00,,Y,A,-,N,,,,,,,,,,N,3,0,1,1,A,-,08,22107,,N,E,I,A,A,H,-,C,D,0,,,Y,,Y,Y,C,03,0,1,0,0,0,0,0,0,1,"- ","- ",,,"SAN DIEGO","SAN DIEGO",,
8897896,2019,2019-07-29,3711,2019-06-19,2233,SD7233,,3,5,7,3711,0,0,0,,0,839,"LANDIS ST","36TH ST",0.00,,Y,A,-,N,,,,,,,,,,N,2,0,1,2,A,-,03,22350,,N,D,G,A,A,H,-,C,D,0,,Y,,,Y,Y,L,04,1,0,0,0,0,0,1,0,0,"- ","- ",,,"SAN DIEGO","SAN DIEGO",-117.11560821533203,32.745979309082031
8898406,2019,2019-07-22,3711,2019-06-28,2350,SD8382,,5,5,7,3711,0,0,0,,0,122,"INGRAHAM ST","CHALCEDONY ST",40.00,N,N,B,-,N,,,,,,,,,,Y,3,0,1,4,A,-,08,22107,,N,C,E,A,A,H,-,C,D,0,,,,,Y,Y,A,01,0,1,0,0,0,0,0,0,0,"- ","- ",,,"SAN DIEGO","SAN DIEGO",-117.24234008789062,32.80450439453125
8898449,2019,2019-08-12,3711,2019-06-28,1530,SD7398,,5,5,7,3711,0,0,0,,0,113,"BALBOA AV","CLAIREMONT DR",0.00,,Y,A,-,N,,,,,,,,,,N,4,0,1,2,A,-,03,22350,,N,C,C,A,A,H,-,A,A,0,,,,Y,Y,Y,F,25,0,0,1,0,0,0,0,0,0,"- ","- ",,,"SAN DIEGO","SAN DIEGO",-117.20107269287109,32.811820983886719
8898522,2019,2019-07-17,3711,2019-06-28,0230,SD7956,,5,5,7,3711,0,0,0,,0,111,"BALBOA AV","CANNINGTON DR",0.00,,-,A,-,N,,,,,,,,,,Y,3,0,1,1,A,-,07,21658,A,N,E,I,A,A,H,-,C,A,0,,,,,Y,Y,A,01,0,1,0,0,0,0,0,0,0,"- ","- ",,,"SAN DIEGO","SAN DIEGO",-117.17151641845703,32.820358276367188
8898523,2019,2019-08-23,3711,2019-06-19,1630,7921,,3,5,7,3711,0,0,0,,0,826,"MARLBOROUGH DR",MADISON,20.00,N,-,A,-,N,,,,,,,,,,N,4,0,1,3,A,-,08,22107,,N,C,-,A,A,H,-,A,-,0,,,,,Y,Y,A,01,0,0,1,0,0,0,0,0,0,"- ","- ",,,"SAN DIEGO","SAN DIEGO",-117.10636138916016,32.760906219482422
8898526,2019,2019-07-17,3711,2019-06-27,2225,SD4576,,4,5,7,3711,0,0,0,,0,813,"GRIM AV","UNIVERSITY AV",8.00,S,N,B,-,N,,,,,,,,,,N,4,0,1,2,D,-,00,,,M,G,B,B,A,H,-,C,A,0,Y,,,,Y,Y,-,"- ",0,0,1,0,1,0,0,0,0,"- ","- ",,,"SAN DIEGO","SAN DIEGO",-117.12822723388672,32.748466491699219
8898529,2019,2019-07-18,3711,2019-06-30,1713,7931,,7,5,7,3711,0,0,0,,0,721,"PALM AV","16TH ST",361.00,E,N,A,-,N,,,,,,,,,,N,4,0,1,2,A,-,09,21804,A,M,A,G,A,A,H,-,A,D,0,,Y,,,Y,Y,-,99,0,0,1,0,0,0,1,0,0,"- ","- ",,,"SAN DIEGO","SAN DIEGO",-117.09833526611328,32.583934783935547
8898531,2019,2019-07-18,3711,2019-06-26,2130,7227,,3,5,7,3711,0,0,0,,0,831,"EL CAJON BL","MENLO AV",20.00,E,N,A,-,N,,,,,,,,,,N,3,0,1,2,A,-,11,21954,A,N,A,B,D,A,H,-,C,A,0,Y,,,,Y,Y,N,60,0,1,0,0,1,0,0,0,0,"- ","- ",,,"SAN DIEGO","SAN DIEGO",-117.09427642822266,32.755760192871094
8898533,2019,2019-07-18,3711,2019-06-26,0040,SD7825,,3,5,7,3711,0,0,0,,0,516,"IMPERIAL AV","31ST ST",40.00,W,N,A,-,N,,,,,,,,,,N,4,0,1,2,A,-,07,21658,A,N,A,E,A,A,H,-,C,D,0,,,,,Y,Y,A,01,0,0,1,0,0,0,0,0,0,"- ","- ",,,"SAN DIEGO","SAN DIEGO",-117.12750244140625,32.706417083740234