CASE_ID,ACCIDENT_YEAR,PROC_DATE,JURIS,COLLISION_DATE,COLLISION_TIME,OFFICER_ID,REPORTING_DISTRICT,DAY_OF_WEEK,CHP_SHIFT,POPULATION,CNTY_CITY_LOC,SPECIAL_COND,BEAT_TYPE,CHP_BEAT_TYPE,CITY_DIVISION_LAPD,CHP_BEAT_CLASS,BEAT_NUMBER,PRIMARY_RD,SECONDARY_RD,DISTANCE,DIRECTION,INTERSECTION,WEATHER_1,WEATHER_2,STATE_HWY_IND,CALTRANS_COUNTY,CALTRANS_DISTRICT,STATE_ROUTE,ROUTE_SUFFIX,POSTMILE_PREFIX,POSTMILE,LOCATION_TYPE,RAMP_INTERSECTION,SIDE_OF_HWY,TOW_AWAY,COLLISION_SEVERITY,NUMBER_KILLED,NUMBER_INJURED,PARTY_COUNT,PRIMARY_COLL_FACTOR,PCF_CODE_OF_VIOL,PCF_VIOL_CATEGORY,PCF_VIOLATION,PCF_VIOL_SUBSECTION,HIT_AND_RUN,TYPE_OF_COLLISION,MVIW,PED_ACTION,ROAD_SURFACE,ROAD_COND_1,ROAD_COND_2,LIGHTING,CONTROL_DEVICE,CHP_ROAD_TYPE,PEDESTRIAN_ACCIDENT,BICYCLE_ACCIDENT,MOTORCYCLE_ACCIDENT,TRUCK_ACCIDENT,NOT_PRIVATE_PROPERTY,ALCOHOL_INVOLVED,STWD_VEHTYPE_AT_FAULT,CHP_VEHTYPE_AT_FAULT,COUNT_SEVERE_INJ,COUNT_VISIBLE_INJ,COUNT_COMPLAINT_PAIN,COUNT_PED_KILLED,COUNT_PED_INJURED,COUNT_BICYCLIST_KILLED,COUNT_BICYCLIST_INJURED,COUNT_MC_KILLED,COUNT_MC_INJURED,PRIMARY_RAMP,SECONDARY_RAMP,LATITUDE,LONGITUDE,COUNTY,CITY,POINT_X,POINT_Y
8967385,2019,2019-11-01,3711,2019-10-13,1813,SD7386,,7,5,7,3711,0,0,0,,0,521,"IMPERIAL AV",13TH,0.00,,Y,A,-,N,,,,,,,,,,Y,2,0,1,2,A,-,09,21802,A,F,D,G,A,A,H,-,C,A,0,,Y,,,Y,Y,A,01,1,0,0,0,0,0,1,0,0,"- ","- ",,,"SAN DIEGO","SAN DIEGO",-117.15277099609375,32.706279754638672
8967862,2019,2019-11-08,3711,2019-10-26,2215,SD7864,,6,5,7,3711,0,0,0,,0,614,"LOMA BL","SUNSET CLIFF",0.00,,Y,A,-,N,,,,,,,,,,Y,3,0,1,2,A,-,"- ",,,N,D,C,A,A,H,-,C,A,0,,,,Y,Y,Y,F,26,0,1,0,0,0,0,0,0,0,"- ","- ",,,"SAN DIEGO","SAN DIEGO",-117.18489074707031,32.751220703125
8967866,2019,2019-12-16,3711,2019-10-23,1040,SD7649,,3,5,7,3711,0,0,0,,0,931,"MIRAMAR RD","EASTGATE MALL",0.00,,Y,A,-,N,,,,,,,,,,N,4,0,1,2,A,-,08,22107,,N,B,C,A,A,H,-,A,D,0,,,,,Y,Y,A,01,0,0,1,0,0,0,0,0,0,"- ","- ",,,"SAN DIEGO","SAN DIEGO",-117.18631744384766,32.876861572265625
8967874,2019,2019-12-12,3711,2019-10-14,1310,SD5106,,1,5,7,3711,0,0,0,,0,723,"PALM AV","PALM AV 4300",10.00,S,Y,A,-,N,,,,,,,,,,N,4,0,1,2,A,-,08,22107,,N,B,C,A,A,H,-,A,D,0,,,,,Y,Y,-,,0,0,1,0,0,0,0,0,0,"- ","- ",,,"SAN DIEGO","SAN DIEGO",,
8968056,2019,2019-11-15,3711,2019-10-06,2153,SD6854,,7,5,7,3711,0,0,0,,0,814,"ADAMS AV","ADAMS AV 4000",0.00,,-,A,-,N,,,,,,,,,,N,4,0,1,2,A,-,03,22350,,M,C,C,A,A,H,-,C,A,0,,,,,Y,Y,A,01,0,0,1,0,0,0,0,0,0,"- ","- ",,,"SAN DIEGO","SAN DIEGO",-117.108334,32.763249999999999
8968177,2019,2019-11-18,3711,2019-10-05,1340,SD5105,,6,5,7,3711,0,0,0,,0,721,"THERMAL AV","DAHLIA AV",0.00,,Y,A,-,N,,,,,,,,,,Y,4,0,1,2,A,-,12,22450,A,M,D,C,A,A,H,-,A,A,0,,,,,Y,Y,A,01,0,0,1,0,0,0,0,0,0,"- ","- ",,,"SAN DIEGO","SAN DIEGO",-117.09699249267578,32.582908630371094
8968193,2019,2019-11-18,3711,2019-10-09,0510,SD6999,,3,5,7,3711,0,0,0,,0,838,"ORANGE AV","39TH ST",0.00,,Y,A,-,N,,,,,,,,,,N,4,0,1,5,A,-,09,21802,A,N,D,C,A,A,H,-,C,A,0,,,,,Y,Y,A,01,0,0,1,0,0,0,0,0,0,"- ","- ",,,"SAN DIEGO","SAN DIEGO",-117.11063385009766,32.753238677978516
8968324,2019,2019-11-14,3705,2019-09-25,1425,EC0328,,3,5,5,3705,0,0,0,,0,002,MADISON,ROSELLE,86.00,E,N,A,-,N,,,,,,,,,,Y,4,0,1,3,A,-,03,22350,,F,C,C,A,A,H,-,A,D,0,,,,,Y,Y,A,01,0,0,1,0,0,0,0,0,0,"- ","- ",,,"SAN DIEGO","EL CAJON",-116.94049835205078,32.800159454345703
8968488,2019,2019-11-13,3711,2019-10-28,0009,SD8334,,1,5,7,3711,0,0,0,,0,446,"IMPERIAL AV","WILLIE JAMES JONES",88.00,W,N,A,-,N,,,,,,,,,,Y,3,0,1,3,A,-,08,22107,,N,E,E,A,A,H,-,C,A,0,,,,,Y,Y,A,08,0,1,0,0,0,0,0,0,0,"- ","- ",,,"SAN DIEGO","SAN DIEGO",-117.08856201171875,32.704132080078125
8968504,2019,2019-11-13,3711,2019-10-12,2250,SD7122,,6,5,7,3711,0,0,0,,0,622,"GOSHEN ST","LINDA VISTA RD",12.00,S,N,A,-,N,,,,,,,,,,Y,4,0,3,2,A,-,08,22107,,M,B,C,A,A,H,-,C,A,0,,,,,Y,Y,-,,0,0,3,0,0,0,0,0,0,"- ","- ",,,"SAN DIEGO","SAN DIEGO",-117.18820953369141,32.770290374755859
8969278,2019,2019-11-19,3706,2019-10-17,1820,466,EASCO,4,5,6,3706,0,0,0,,0,044,"WASHINGTON AV","ROSE ST",0.00,,Y,A,-,N,,,,,,,,,,,4,0,1,2,A,-,03,22350,,F,C,C,A,A,H,-,B,A,0,,,,,Y,Y,-,,0,0,1,0,0,0,0,0,0,"- ","- ",33.137241363525391,-117.06069946289062,"SAN DIEGO",ESCONDIDO,-117.06089782714844,33.137290954589844
8969306,2019,2019-11-19,3711,2019-10-07,1757,SD4759,,1,5,7,3711,0,0,0,,0,124,"LA JOLLA BL","RAVINA ST",0.00,,Y,A,-,N,,,,,,,,,,N,3,0,1,1,A,-,03,22350,,N,H,A,A,A,H,-,A,A,0,,,Y,,Y,Y,C,03,0,1,0,0,0,0,0,0,1,"- ","- ",,,"SAN DIEGO","SAN DIEGO",-117.27880096435547,32.840099334716797
8969360,2019,2019-11-18,3711,2019-09-15,0325,SD7569,,7,5,7,3711,0,0,0,,0,826,"EL CAJON BL","EUCLID AV",0.00,,Y,A,-,N,,,,,,,,,,N,3,0,1,1,A,-,17,21663,,N,A,I,A,A,H,-,C,A,0,,,,,Y,Y,-,,0,1,0,0,0,0,0,0,0,"- ","- ",,,"SAN DIEGO","SAN DIEGO",-117.09220886230469,32.756038665771484
8969485,2019,2019-11-18,3711,2019-09-25,0019,SD7669,,3,5,7,3711,0,0,0,,0,524,BROADWAY,"INDIA ST",0.00,,Y,A,-,N,,,,,,,,,,N,3,0,1,1,A,-,03,22350,,N,-,-,A,-,-,-,C,-,0,,,,,Y,Y,-,,0,1,0,0,0,0,0,0,0,"- ","- ",,,"SAN DIEGO","SAN DIEGO",-117.16829681396484,32.71575927734375
8969721,2019,2019-11-15,3708,2019-09-20,0513,LM1275,,5,5,5,3708,0,0,0,,0,002,"MARIPOSA ST","PANORAMA DR",250.00,E,N,A,-,N,,,,,,,,,,Y,3,0,1,4,A,-,08,22107,,N,C,E,A,A,H,-,D,D,0,,,,,Y,Y,A,01,0,1,0,0,0,0,0,0,0,"- ","- ",,,"SAN DIEGO","LA MESA",-117.00715637207031,32.760082244873047
8970077,2019,2019-11-05,3705,2019-10-11,1900,EC0219,,5,5,5,3705,0,0,0,,0,002,"EAST MAIN ST","TAFT AV",41.00,E,N,A,-,N,,,,,,,,,,Y,3,0,1,3,A,-,01,23153,A,N,C,C,E,A,H,-,C,D,0,Y,,,,Y,Y,D,22,0,1,0,0,1,0,0,0,0,"- ","- ",,,"SAN DIEGO","EL CAJON",-116.95627593994141,32.794948577880859
8970520,2019,2019-11-27,3706,2019-10-14,2250,480,ESCON,1,5,6,3706,0,0,0,,0,041,"ASH ST","EL NORTE PKWY",0.00,,Y,A,-,N,,,,,,,,,,N,3,0,1,2,A,-,05,21650,1,F,H,G,A,A,H,-,C,A,0,,Y,,Y,Y,Y,L,04,0,1,0,0,0,0,1,0,0,"- ","- ",33.143638610839844,-117.07814788818359,"SAN DIEGO",ESCONDIDO,-117.07803344726562,33.143878936767578
8970846,2019,2019-12-10,3705,2019-09-18,1849,EC0398,,3,5,5,3705,0,0,0,,0,004,"E MAIN",BALLANTYNE,22.00,E,N,A,-,N,,,,,,,,,,Y,3,0,1,2,A,-,01,23152,A,M,C,C,A,A,H,-,B,A,0,,,,,Y,Y,A,01,0,1,0,0,0,0,0,0,0,"- ","- ",,,"SAN DIEGO","EL CAJON",-116.95729064941406,32.794948577880859
8970870,2019,2019-11-08,3705,2019-09-23,0049,EC0376,,1,5,5,3705,0,0,0,,0,001,"EL CAJON BL","WILSON AV",376.00,N,N,A,-,N,,,,,,,,,,Y,4,0,1,4,A,-,01,23152,B,N,B,C,A,A,H,-,C,D,0,,,,,Y,Y,A,01,0,0,1,0,0,0,0,0,0,"- ","- ",,,"SAN DIEGO","EL CAJON",-116.97566986083984,32.786972045898438
8970885,2019,2019-11-12,3700,2019-08-10,1638,SH0141,,6,5,5,3712,0,0,0,,0,350,"LOS VALLECITOS BL","KNOLL RD",0.00,,Y,A,-,N,,,,,,,,,,Y,3,0,2,2,A,-,01,23152,B,F,D,C,A,A,H,-,A,A,0,,,,,Y,Y,-,,0,2,0,0,0,0,0,0,0,"- ","- ",,,"SAN DIEGO","SAN MARCOS",-117.17489624023438,33.140529632568359
8970926,2019,2019-11-20,3711,2019-10-16,1758,SD7721,,3,5,7,3711,0,0,0,,0,627,"UNIVERSITY AV","CENTER ST",0.00,,Y,-,-,N,,,,,,,,,,Y,4,0,1,2,A,-,08,22107,,N,B,J,A,A,H,-,B,-,0,,,,,Y,Y,A,01,0,0,1,0,0,0,0,0,0,"- ","- ",,,"SAN DIEGO","SAN DIEGO",-117.14837646484375,32.748409271240234
8971811,2019,2019-11-19,3711,2019-10-15,2343,SD6621,,2,5,7,3711,0,0,0,,0,115,"LA JOLLA VILLAGE DR","REGENTS RD",0.00,,-,A,-,N,,,,,,,,,,N,3,0,1,2,A,-,12,21453,A,N,G,B,B,A,D,-,C,A,0,Y,,,,Y,Y,A,01,0,1,0,0,1,0,0,0,0,"- ","- ",,,"SAN DIEGO","SAN DIEGO",-117.2183837890625,32.871360778808594
8971973,2019,2019-11-21,3709,2019-10-29,0806,NC0419,,2,5,5,3709,0,0,0,,0,023,"EAST 18TH ST","L AV",0.00,,Y,A,-,N,,,,,,,,,,N,4,0,1,2,D,-,00,,,N,G,B,B,A,H,-,A,A,0,Y,,,,Y,Y,-,"- ",0,0,1,0,1,0,0,0,0,"- ","- ",,,"SAN DIEGO","NATIONAL CITY",-117.09127807617188,32.670650482177734
8972575,2019,2019-11-14,3710,2019-10-28,1422,OC1311,,1,5,6,3710,0,0,0,,0,022,"NORTH RIVER RD","STALLION DR",520.00,E,N,A,-,N,,,,,,,,,,Y,3,0,1,1,A,-,01,23152,A,N,E,I,A,A,H,-,A,D,0,,,,,Y,Y,A,01,0,1,0,0,0,0,0,0,0,"- ","- ",,,"SAN DIEGO",OCEANSIDE,-117.2867431640625,33.255210876464844
8972625,2019,2019-11-19,3709,2019-10-31,0220,NC0449,,4,5,5,3709,0,0,0,,0,020,"4TH ST","B AV",306.00,E,N,A,-,N,,,,,,,,,,Y,4,0,1,3,A,-,01,23152,G,N,C,E,A,A,H,-,C,D,0,,,,,Y,Y,A,01,0,0,1,0,0,0,0,0,0,"- ","- ",,,"SAN DIEGO","NATIONAL CITY",-117.10524749755859,32.680107116699219
8972679,2019,2019-11-20,3711,2019-10-10,1755,HB5963,,4,5,7,3711,0,0,0,,0,503,"SHELTER ISLAND DR","LAMP POST SI 36",54.00,W,N,A,-,N,,,,,,,,,,N,3,0,1,2,A,-,17,22517,,N,G,G,A,A,H,-,A,D,0,,Y,,,Y,Y,A,01,0,1,0,0,0,0,1,0,0,"- ","- ",,,"SAN DIEGO","SAN DIEGO",,
8972945,2019,2019-11-19,3711,2019-10-22,2048,SD7233,,2,5,7,3711,0,0,0,,0,312,"TRUETT LN","TAUSSIG ST",56.00,E,N,A,-,N,,,,,,,,,,Y,4,0,1,3,A,-,08,22107,,N,B,E,A,A,H,-,C,D,0,,,,,Y,Y,A,01,0,0,1,0,0,0,0,0,0,"- ","- ",,,"SAN DIEGO","SAN DIEGO",-117.10886383056641,32.79962158203125
8973412,2019,2019-12-16,3711,2019-10-11,0409,SD6390,,5,5,7,3711,0,0,0,,0,442,"GAMMA ST","43RD ST",410.00,E,N,A,-,N,,,,,,,,,,N,4,0,1,2,A,-,03,22350,,M,B,E,A,A,H,-,C,D,0,,,,,Y,Y,A,01,0,0,1,0,0,0,0,0,0,"- ","- ",,,"SAN DIEGO","SAN DIEGO",-117.10246276855469,32.689811706542969
8973436,2019,2019-12-16,3700,2019-10-10,1120,SD7737,,4,5,2,3704,0,0,0,,0,935,"SAN ANDRES DR","SAN ANDRES DR 15800",10.00,W,N,A,-,N,,,,,,,,,,N,4,0,2,2,A,-,08,22107,,N,D,C,A,A,H,-,A,D,0,,,,,Y,Y,A,01,0,0,2,0,0,0,0,0,0,"- ","- ",,,"SAN DIEGO","DEL MAR",,
8973465,2019,2019-12-17,3711,2019-10-09,1538,SD7737,,3,5,7,3711,0,0,0,,0,936,"CAMINO DEL SUR","CAMINO DEL SUR  14200",20.00,W,N,A,-,N,,,,,,,,,,N,4,0,1,3,A,-,03,22350,,N,C,C,A,A,H,-,A,A,0,,,,,Y,Y,A,01,0,0,1,0,0,0,0,0,0,"- ","- ",,,"SAN DIEGO","SAN DIEGO",,
8974108,2019,2019-11-16,3711,2019-06-07,2219,SD7485,,5,5,7,3711,0,0,0,,0,523,"K ST","K ST 400",0.00,,Y,-,-,N,,,,,,,,,,N,3,0,1,3,A,-,08,22107,,N,-,-,A,-,-,-,-,-,0,,,,,Y,Y,-,,0,1,0,0,0,0,0,0,0,"- ","- ",,,"SAN DIEGO","SAN DIEGO",,
8975807,2019,2019-11-21,3711,2019-10-16,2020,SD5958,,3,5,7,3711,0,0,0,,0,243,"MIRAMAR RD","BLACK MOUNTAIN RD",0.00,,Y,A,-,N,,,,,,,,,,Y,4,0,2,2,A,-,03,22350,,N,C,C,A,A,H,-,C,D,0,,,,,Y,Y,A,01,0,0,2,0,0,0,0,0,0,"- ","- ",,,"SAN DIEGO","SAN DIEGO",-117.12345886230469,32.893779754638672
8975831,2019,2019-11-21,3711,2019-10-19,2150,SD7945,,6,5,7,3711,0,0,0,,0,832,"UNIVERSITY AV","MARLBOROUGH AV",0.00,,Y,A,-,N,,,,,,,,,,N,3,0,1,2,A,-,10,21950,A,N,G,B,B,A,H,-,C,A,0,Y,,,,Y,Y,A,01,0,1,0,0,1,0,0,0,0,"- ","- ",32.749698638916016,-117.10569763183594,"SAN DIEGO","SAN DIEGO",-117.10569000244141,32.749679565429688
8975901,2019,2019-11-19,3711,2019-10-18,2300,SD7936,,5,5,7,3711,0,0,0,,0,326,"MONTEZUMA RD","YERBA ANITA DR",0.00,,Y,A,-,N,,,,,,,,,,Y,4,0,1,2,A,-,12,21453,A,M,C,C,A,A,H,-,C,A,0,,,,,Y,Y,-,,0,0,1,0,0,0,0,0,0,"- ","- ",,,"SAN DIEGO","SAN DIEGO",,
8976428,2019,2019-11-22,3711,2019-09-14,2115,SD7695,,6,5,7,3711,0,0,0,,0,524,"10TH AV","E ST",3.00,E,N,-,-,N,,,,,,,,,,N,2,0,1,1,A,-,17,21235,G,N,E,I,A,A,H,-,C,A,0,,,Y,,Y,Y,C,03,1,0,0,0,0,0,0,0,1,"- ","- ",,,"SAN DIEGO","SAN DIEGO",-117.15560150146484,32.714691162109375
8976531,2019,2019-12-03,3711,2019-10-25,2215,SD8672,,5,5,7,3711,0,0,0,,0,611,"ROSECRANS ST","KURTZ ST",0.00,,Y,A,-,N,,,,,,,,,,Y,4,0,3,2,A,-,09,21801,A,N,A,C,A,A,H,-,C,A,0,,,,,Y,Y,D,22,0,0,3,0,0,0,0,0,0,"- ","- ",,,"SAN DIEGO","SAN DIEGO",-117.20388031005859,32.752311706542969
8976653,2019,2020-10-05,3702,2019-10-05,1126,CV1108,,6,5,6,3702,0,0,0,,0,011,"E ST","RT 5",30.00,E,N,A,-,N,,,,,,,,,,N,4,0,1,2,A,-,21,22106,,M,B,B,E,A,H,-,C,A,0,Y,,,,Y,Y,A,07,0,0,1,0,1,0,0,0,0,"- ","- ",,,"SAN DIEGO","CHULA VISTA",-117.09999847412109,32.639503479003906
8976656,2019,2020-01-23,3711,2019-11-05,2149,SD6513,,2,5,7,3711,0,0,0,,0,445,"MARKET ST","PITTA ST",21.00,E,N,A,-,N,,,,,,,,,,N,2,0,4,2,A,-,05,21460,A,N,A,C,A,A,H,-,C,A,0,,,,,Y,Y,A,01,1,1,2,0,0,0,0,0,0,"- ","- ",,,"SAN DIEGO","SAN DIEGO",-117.07269287109375,32.710060119628906
8976669,2019,2019-12-23,3702,2019-10-20,1830,CV1254,,7,5,6,3702,0,0,0,,0,021,BROADWAY,"OXFORD ST",0.00,,Y,A,-,N,,,,,,,,,,Y,4,0,4,2,A,-,01,23152,A,N,B,C,A,A,H,-,C,A,0,,,,,Y,Y,A,01,0,0,4,0,0,0,0,0,0,"- ","- ",,,"SAN DIEGO","CHULA VISTA",-117.08006286621094,32.606739044189453
8976705,2019,2019-12-23,3702,2019-10-19,0511,CV1232,,6,5,6,3702,0,0,0,,0,031,"EAST H ST","TIERRA DEL REY",165.00,W,N,A,-,N,,,,,,,,,,N,3,0,1,2,A,-,11,21950,B,N,G,B,D,A,H,-,C,A,0,Y,,,,Y,Y,N,60,0,1,0,0,1,0,0,0,0,"- ","- ",,,"SAN DIEGO","CHULA VISTA",-117.02115631103516,32.635967254638672
8976742,2019,2020-01-23,3711,2019-11-06,2140,SD8404,,3,5,7,3711,0,0,0,,0,627,"1ST AV","WALNUT AV",294.00,N,N,B,-,N,,,,,,,,,,Y,4,0,1,2,A,-,08,22107,,N,C,C,A,A,H,-,C,D,0,,,,,Y,Y,A,01,0,0,1,0,0,0,0,0,0,"- ","- ",,,"SAN DIEGO","SAN DIEGO",-117.16384887695312,32.742244720458984
8977433,2019,2019-11-15,3711,2019-08-27,1026,SD7823,,2,5,7,3711,0,0,0,,0,934,"EL CAMINIO REAL","CARMEL VALLEY RD",0.00,,Y,A,-,N,,,,,,,,,,Y,4,0,1,3,A,-,12,21453,A,N,D,C,A,A,H,-,A,D,0,,,,,Y,Y,A,01,0,0,1,0,0,0,0,0,0,"- ","- ",,,"SAN DIEGO","SAN DIEGO",-117.23715209960938,32.934711456298828
8977950,2019,2019-11-21,3709,2019-10-31,1959,NC0498,,4,5,5,3709,0,0,0,,0,021,"EAST 18TH ST","PROSPECT AV",0.00,,Y,A,-,N,,,,,,,,,,N,4,0,1,2,A,-,10,21950,A,F,G,C,D,A,H,-,C,D,0,Y,,,,Y,Y,A,01,0,0,1,0,1,0,0,0,0,"- ","- ",,,"SAN DIEGO","NATIONAL CITY",-117.08061218261719,32.673610687255859
8978160,2019,2019-12-18,3711,2019-10-28,1343,SD6104,,1,5,7,3711,0,0,0,,0,813,"TEXAS ST","LINCOLN AV",40.00,N,N,A,-,N,,,,,,,,,,N,3,0,1,3,A,-,08,22103,,N,B,C,A,A,H,-,A,D,0,,,Y,,Y,Y,D,22,0,1,0,0,0,0,0,0,1,"- ","- ",,,"SAN DIEGO","SAN DIEGO",-117.13880920410156,32.750419616699219
8978275,2019,2019-12-05,3711,2019-10-27,0050,8672,,7,5,7,3711,0,0,0,,0,627,"WALNUT AV","4TH AV",45.00,E,N,A,-,N,,,,,,,,,,Y,3,0,1,2,A,-,17,21657,,N,C,E,A,A,H,-,C,A,0,,,,,Y,Y,A,01,0,1,0,0,0,0,0,0,0,"- ","- ",,,"SAN DIEGO","SAN DIEGO",-117.16120147705078,32.741455078125
8978295,2019,2019-12-05,3711,2019-10-27,1805,7556,,7,5,7,3711,0,0,0,,0,528,"WEST GRAPE ST","COLUMBIA ST",0.00,,Y,A,-,N,,,,,,,,,,Y,3,0,3,2,A,-,12,21453,A,N,C,C,A,A,H,-,B,A,0,,,Y,,Y,Y,C,02,0,1,2,0,0,0,0,0,1,"- ","- ",,,"SAN DIEGO","SAN DIEGO",-117.16818237304688,32.725681304931641
8978299,2019,2020-01-29,3711,2019-10-28,0910,4691,,1,5,7,3711,0,0,0,,0,234,"BERNARDO HEIGHTS PKWY","PASEO LUCIDO",0.00,,Y,A,-,N,,,,,,,,,,Y,3,0,1,2,A,-,09,21802,A,N,C,C,A,A,H,-,A,D,0,,,,,Y,Y,A,01,0,1,0,0,0,0,0,0,0,"- ","- ",,,"SAN DIEGO","SAN DIEGO",-117.07560729980469,33.013431549072266
8978335,2019,2020-01-23,3711,2019-11-09,1307,SD6146,,6,5,7,3711,0,0,0,,0,822,"ORANGE AV","COLTS WY",101.00,W,N,A,-,N,,,,,,,,,,Y,3,0,1,2,A,-,08,22107,,M,B,E,A,A,H,-,A,D,0,,,,,Y,Y,A,01,0,1,0,0,0,0,0,0,0,"- ","- ",,,"SAN DIEGO","SAN DIEGO",-117.07725524902344,32.753116607666016
8978339,2019,2020-01-23,3711,2019-11-09,1803,SD7814,,6,5,7,3711,0,0,0,,0,624,"LINCOLN AV","NORMAL ST",196.00,E,N,A,-,N,,,,,,,,,,Y,4,0,1,3,A,-,03,22350,,N,C,C,A,A,H,-,C,D,0,,,,,Y,Y,A,01,0,0,1,0,0,0,0,0,0,"- ","- ",,,"SAN DIEGO","SAN DIEGO",-117.14798736572266,32.750888824462891
8978340,2019,2020-01-23,3711,2019-11-09,0317,SD7906,,6,5,7,3711,0,0,0,,0,834,"43RD ST","WIGHTMAN ST",135.00,S,N,A,-,N,,,,,,,,,,Y,4,0,1,2,A,-,08,22107,,N,C,E,A,A,H,-,C,D,0,,,,,Y,Y,A,01,0,0,1,0,0,0,0,0,0,"- ","- ",,,"SAN DIEGO","SAN DIEGO",-117.10204315185547,32.747428894042969
8978343,2019,2020-02-06,3711,2019-11-09,1830,SD7460,,6,5,7,3711,0,0,0,,0,614,"NIMITZ BL","WEST POINT LOMA BL",1320.00,S,N,A,-,N,,,,,,,,,,Y,4,0,1,2,A,-,04,21703,,N,C,C,A,A,H,-,D,D,0,,,,,Y,Y,A,01,0,0,1,0,0,0,0,0,0,"- ","- ",,,"SAN DIEGO","SAN DIEGO",-117.23456573486328,32.747871398925781
8978347,2019,2020-01-23,3711,2019-11-11,0238,SD7945,,1,5,7,3711,0,0,0,,0,828,"WINONA AV","UNIVERSITY AV",0.00,,N,A,-,N,,,,,,,,,,Y,4,0,1,3,A,-,08,22107,,M,C,E,A,A,H,-,C,A,0,,,,,Y,Y,A,01,0,0,1,0,0,0,0,0,0,"- ","- ",,,"SAN DIEGO","SAN DIEGO",-117.08796691894531,32.74951171875
8978364,2019,2020-01-23,3710,2019-11-09,2211,OC1459,,6,5,6,3710,0,0,0,,0,020,"NORTH RIVER RD","KARI LN",4.00,N,N,A,-,N,,,,,,,,,,Y,4,0,2,2,A,-,01,23153,A,N,D,C,A,-,H,-,C,D,0,,,,,Y,Y,A,01,0,0,2,0,0,0,0,0,0,"- ","- ",,,"SAN DIEGO",OCEANSIDE,-117.24505615234375,33.264732360839844
8978368,2019,2020-01-23,3711,2019-11-02,2209,SD8382,,6,5,7,3711,0,0,0,,0,113,"CLAIREMONT MESA BL","LUNA AV",0.00,,Y,A,-,N,,,,,,,,,,Y,4,0,1,2,A,-,03,22350,,N,D,C,A,A,H,-,C,A,0,,,,,Y,Y,A,01,0,0,1,0,0,0,0,0,0,"- ","- ",,,"SAN DIEGO","SAN DIEGO",-117.21585845947266,32.831260681152344
8978372,2019,2020-01-23,3711,2019-11-05,0104,SD7129,,2,5,7,3711,0,0,0,,0,432,"SOUTH EUCLID AV","TRINIDAD WY",168.00,S,N,B,-,N,,,,,,,,,,N,3,0,1,1,A,-,08,22107,,N,E,I,A,A,H,-,-,D,0,,,,,Y,Y,A,01,0,1,0,0,0,0,0,0,0,"- ","- ",,,"SAN DIEGO","SAN DIEGO",-117.08509063720703,32.699581146240234
8980157,2019,2020-01-23,3706,2019-11-07,1907,492,ESCON,4,5,6,3706,0,0,0,,0,042,"LINCOLN AV","MARTIN DR",50.00,E,N,A,-,N,,,,,,,,,,Y,3,0,1,2,A,-,01,23152,A,N,C,C,A,A,H,-,C,D,0,,,,,Y,Y,D,22,0,1,0,0,0,0,0,0,0,"- ","- ",33.137401580810547,-117.07646942138672,"SAN DIEGO",ESCONDIDO,-117.07630157470703,33.137447357177734
8980329,2019,2020-01-22,3706,2019-11-02,0200,531,ESCON,6,5,6,3706,0,0,0,,0,052,"ESCONDIDO BL","11TH AV",424.00,S,N,A,-,N,,,,,,,,,,N,3,0,1,2,A,-,01,23152,A,N,B,E,A,A,H,-,C,D,0,,,,,Y,Y,A,01,0,1,0,0,0,0,0,0,0,"- ","- ",33.111301422119141,-117.077880859375,"SAN DIEGO",ESCONDIDO,-117.07710266113281,33.11029052734375
8980373,2019,2020-01-22,3701,2019-11-07,0816,5539,123,4,5,5,3701,0,0,0,,0,008,"LS VODS SB","CALLE TIMITEO",25.00,E,N,B,-,N,,,,,,,,,,N,3,0,2,2,A,-,09,21801,A,N,D,C,A,A,H,-,A,D,0,,,,,Y,Y,A,01,0,1,1,0,0,0,0,0,0,"- ","- ",,,"SAN DIEGO",CARLSBAD,,
8980389,2019,2020-01-22,3706,2019-11-04,1717,223,ESCON,1,5,6,3706,0,0,0,,0,041,BROADWAY,"EL NORTE PKWY",208.00,N,N,A,-,N,,,,,,,,,,N,3,0,3,3,A,-,01,23152,A,N,C,C,A,A,H,-,C,A,0,,,,,Y,Y,A,01,0,1,2,0,0,0,0,0,0,"- ","- ",33.139900207519531,-117.08950042724609,"SAN DIEGO",ESCONDIDO,-117.08956909179688,33.140335083007812
8980565,2019,2020-01-22,3700,2019-11-03,0002,SH2520,,7,5,5,3713,0,0,0,,0,317,"BUSINESS PARK DR","POINSETTIA AV",0.00,,Y,A,-,N,,,,,,,,,,Y,3,0,2,2,A,-,01,23152,A,N,D,C,A,A,H,-,C,A,0,,,,,Y,Y,A,01,0,1,1,0,0,0,0,0,0,"- ","- ",,,"SAN DIEGO",VISTA,-117.22917938232422,33.134300231933594
8980581,2019,2020-01-22,3700,2019-11-15,2138,SH0029,,5,5,5,3713,0,0,0,,0,305,"BUSINESS PARK DR","JOSHUA WY",0.00,,Y,A,-,N,,,,,,,,,,Y,4,0,1,2,A,-,01,23153,A,F,D,C,A,A,H,-,C,A,0,,,,,Y,Y,A,01,0,0,1,0,0,0,0,0,0,"- ","- ",,,"SAN DIEGO",VISTA,-117.23216247558594,33.146938323974609
8981688,2019,2019-12-06,3711,2019-10-28,2220,SD6621,,1,5,7,3711,0,0,0,,0,112,"MOUNT ACADIA BL","MOUNT ACADIA BL 3500",0.00,,N,A,-,N,,,,,,,,,,N,4,0,1,2,A,-,08,22107,,N,B,E,A,A,H,-,C,A,0,,,,,Y,Y,A,01,0,0,1,0,0,0,0,0,0,"- ","- ",,,"SAN DIEGO","SAN DIEGO",,