CASE_ID,ACCIDENT_YEAR,PROC_DATE,JURIS,COLLISION_DATE,COLLISION_TIME,OFFICER_ID,REPORTING_DISTRICT,DAY_OF_WEEK,CHP_SHIFT,POPULATION,CNTY_CITY_LOC,SPECIAL_COND,BEAT_TYPE,CHP_BEAT_TYPE,CITY_DIVISION_LAPD,CHP_BEAT_CLASS,BEAT_NUMBER,PRIMARY_RD,SECONDARY_RD,DISTANCE,DIRECTION,INTERSECTION,WEATHER_1,WEATHER_2,STATE_HWY_IND,CALTRANS_COUNTY,CALTRANS_DISTRICT,STATE_ROUTE,ROUTE_SUFFIX,POSTMILE_PREFIX,POSTMILE,LOCATION_TYPE,RAMP_INTERSECTION,SIDE_OF_HWY,TOW_AWAY,COLLISION_SEVERITY,NUMBER_KILLED,NUMBER_INJURED,PARTY_COUNT,PRIMARY_COLL_FACTOR,PCF_CODE_OF_VIOL,PCF_VIOL_CATEGORY,PCF_VIOLATION,PCF_VIOL_SUBSECTION,HIT_AND_RUN,TYPE_OF_COLLISION,MVIW,PED_ACTION,ROAD_SURFACE,ROAD_COND_1,ROAD_COND_2,LIGHTING,CONTROL_DEVICE,CHP_ROAD_TYPE,PEDESTRIAN_ACCIDENT,BICYCLE_ACCIDENT,MOTORCYCLE_ACCIDENT,TRUCK_ACCIDENT,NOT_PRIVATE_PROPERTY,ALCOHOL_INVOLVED,STWD_VEHTYPE_AT_FAULT,CHP_VEHTYPE_AT_FAULT,COUNT_SEVERE_INJ,COUNT_VISIBLE_INJ,COUNT_COMPLAINT_PAIN,COUNT_PED_KILLED,COUNT_PED_INJURED,COUNT_BICYCLIST_KILLED,COUNT_BICYCLIST_INJURED,COUNT_MC_KILLED,COUNT_MC_INJURED,PRIMARY_RAMP,SECONDARY_RAMP,LATITUDE,LONGITUDE,COUNTY,CITY,POINT_X,POINT_Y
90120432,2016,2016-02-22,9650,2016-01-06,1815,015531,,3,2,9,3700,0,3,5,,2,150,"EAST VISTA WAY","OSBORNE ST",15.00,W,N,C,-,N,,,,,,,,,,Y,4,0,1,1,A,-,08,22107,,N,E,I,A,B,H,-,C,D,0,,,,,Y,Y,A,07,0,0,1,0,0,0,0,0,0,"- ","- ",33.237589999999997,-117.22637,"SAN DIEGO",UNINCORPORATED,-117.22627,33.237639999999999
90121438,2016,2016-02-23,9680,2016-02-07,0250,019384,,7,3,9,3700,0,1,3,,1,017,SR-67,"FOSTER TRUCK TRAIL",1584.00,N,N,A,-,Y,,,67,,,,,,,Y,2,0,3,1,A,-,01,23152,A,N,F,A,A,A,H,-,D,D,0,,,,,Y,Y,D,22,3,0,0,0,0,0,0,0,0,"- ","- ",32.942929999999997,-116.95728,"SAN DIEGO",UNINCORPORATED,-116.95733575,32.94285953
90121888,2016,2016-02-23,9680,2016-02-12,2010,019519,,5,2,9,3700,0,1,1,,2,084,"I-8 W/B","E. WILLOWS RD",6336.00,E,N,A,-,Y,,,8,,,,,,W,Y,4,0,1,1,A,-,01,23152,A,N,F,A,A,A,H,-,D,D,0,,,,,Y,Y,A,01,0,0,1,0,0,0,0,0,0,"- ","- ",32.837690000000002,-116.6602,"SAN DIEGO",UNINCORPORATED,-116.66019758,32.83759963
90122324,2016,2016-02-24,9645,2016-01-16,2045,020541,,6,2,7,3711,0,1,1,,2,021,"SR-15 N/B","SR-94 WB",291.00,N,N,A,-,Y,,,15,,,,,,N,Y,3,0,1,1,A,-,01,23152,A,N,E,I,A,A,H,-,D,D,0,,,,,Y,Y,A,07,0,1,0,0,0,0,0,0,0,"- ","- ",32.718240000000002,-117.11761,"SAN DIEGO","SAN DIEGO",-117.11775271,32.718254909999999
90122528,2016,2016-02-24,9680,2016-02-13,1942,018672,,6,2,9,3700,0,1,3,,1,052,SR-78,"OLD JULIAN HWY",1584.00,E,N,A,-,Y,,,78,,,,,,,Y,3,0,4,2,A,-,01,23152,A,N,A,C,A,A,H,-,D,D,0,,,,,Y,Y,A,07,0,2,2,0,0,0,0,0,0,"- ","- ",33.081829999999997,-116.71281999999999,"SAN DIEGO",UNINCORPORATED,-116.71320975,33.082484719999997
90123420,2016,2016-02-25,9650,2016-02-20,1550,019227,,6,2,9,3700,0,3,5,,1,212,"LILAC RD.","HIDEAWAY LAKE RD",1690.00,E,N,A,-,N,,,,,,,,,,Y,4,0,4,2,A,-,01,23152,A,N,D,C,A,A,H,-,A,D,0,,,,,Y,Y,A,01,0,0,4,0,0,0,0,0,0,"- ","- ",33.232759999999999,-117.04693,"SAN DIEGO",UNINCORPORATED,-117.04707741999999,33.232864229999997
90123644,2016,2016-02-25,9680,2016-02-12,1640,016822,,5,2,9,3700,0,3,5,,2,009,"CEDAR STREET","ALICE STREET",0.00,,Y,A,-,N,,,,,,,,,,Y,3,0,1,1,A,-,01,23152,A,N,E,I,A,A,H,-,A,D,0,,,,,Y,Y,A,01,0,1,0,0,0,0,0,0,0,"- ","- ",33.0548,-116.88418,"SAN DIEGO",UNINCORPORATED,-116.88405,33.054830099999997
90124267,2016,2016-03-14,9650,2016-02-13,0340,015880,,6,3,6,3710,0,1,1,,2,005,"INTERSTATE 5 N/B","MISSION AVENUE O/C",878.00,S,N,A,-,Y,,,5,,,,,,N,Y,3,0,2,2,A,-,01,23152,A,N,C,C,A,A,H,-,C,D,0,,,,,Y,Y,A,01,0,2,0,0,0,0,0,0,0,"- ","- ",33.198839999999997,-117.36932,"SAN DIEGO",OCEANSIDE,-117.36937239,33.19877795
90124420,2016,2016-02-26,9650,2016-02-20,0110,015276,,6,3,6,3710,0,1,1,,2,005,"I-5 N/B","OCEANSIDE BLVD",2640.00,S,N,A,-,Y,,,5,,,,,,N,N,4,0,1,2,A,-,01,23152,A,N,C,C,A,A,H,-,C,D,0,,,,,Y,Y,A,01,0,0,1,0,0,0,0,0,0,"- ","- ",33.18806,-117.36027,"SAN DIEGO",OCEANSIDE,-117.36027055,33.188059539999998
90124449,2016,2016-02-26,9650,2016-02-24,0210,015276,,3,3,9,3700,0,3,5,,2,211,"LAKE WOHLFORD RD.","OAKVALE RD",4224.00,N,N,A,-,N,,,,,,,,,,Y,4,0,1,1,A,-,01,23152,A,N,F,A,A,A,H,-,D,D,0,,,,,Y,Y,D,22,0,0,1,0,0,0,0,0,0,"- ","- ",33.175109999999997,-116.99897,"SAN DIEGO",UNINCORPORATED,-116.99908178,33.175668219999999
90124457,2016,2016-02-26,9680,2016-02-16,1450,015070,,2,2,9,3700,0,3,5,,2,003,"ALPINE BL.","WEST WILLOWS RD.",528.00,E,N,A,-,N,,,,,,,,,,Y,3,0,2,1,A,-,01,23152,A,N,E,I,A,A,H,-,A,A,0,,,,,Y,Y,A,07,0,2,0,0,0,0,0,0,0,"- ","- ",32.833170000000003,-116.72978999999999,"SAN DIEGO",UNINCORPORATED,-116.72970641000001,32.833150590000002
90124838,2016,2016-02-29,9645,2016-01-26,0002,020301,,2,3,7,3711,0,1,1,,2,010,"I-5 S/B TO ROSECRANS ST.","FRIARS RD",120.00,S,N,A,-,Y,,,5,,,,R,,S,N,2,0,1,2,A,-,08,22107,,N,G,G,A,A,H,-,D,D,0,,Y,,,Y,Y,L,04,1,0,0,0,0,0,1,0,0,"- ","- ",32.760460000000002,-117.20529999999999,"SAN DIEGO","SAN DIEGO",-117.20529999999999,32.760460000000002
90124867,2016,2016-02-29,9645,2016-02-05,2248,020867,,5,3,7,3711,0,1,1,,2,003,"I-5 S/B",SR-75,200.00,N,N,A,-,Y,,,5,,,,,,S,Y,3,0,1,1,A,-,01,23152,A,N,F,I,A,A,H,-,C,D,0,,,,,Y,Y,A,01,0,1,0,0,0,0,0,0,0,"- ","- ",32.703360000000004,-117.14588000000001,"SAN DIEGO","SAN DIEGO",-117.14589144999999,32.703344049999998
90124881,2016,2016-02-29,9645,2016-02-05,2320,020720,,5,3,7,3711,0,1,3,,2,006,"SR94 WB FROM FEDERAL BLVD ON-RAMP","FEDERAL BLVD UC",305.00,W,N,A,-,Y,,,94,,,,R,,W,Y,3,0,1,1,A,-,01,23152,A,N,F,I,A,A,H,-,C,D,0,,,,,Y,Y,A,01,0,1,0,0,0,0,0,0,0,"- ","- ",32.728000000000002,-117.069,"SAN DIEGO","SAN DIEGO",-117.069,32.728000000000002
90124916,2016,2016-02-29,9650,2016-02-20,1705,015803,,6,2,9,3700,0,3,5,,2,070,"VIA DE LA VALLE","LA GRACIA",1584.00,E,N,A,-,N,,,,,,,,,,Y,4,0,1,1,A,-,01,23152,A,N,E,I,A,A,H,-,A,D,0,,,,,Y,Y,A,01,0,0,1,0,0,0,0,0,0,"- ","- ",33.012450000000001,-117.20014,"SAN DIEGO",UNINCORPORATED,-117.19940448,33.013006760000003
90124920,2016,2016-02-29,9645,2016-02-07,2330,019712,,7,3,7,3711,0,1,1,,2,003,"I-5 N/B","32ND ST. O/C",100.00,N,N,A,-,Y,,,5,,,,,,N,Y,3,0,1,1,A,-,01,23152,A,N,F,A,A,A,H,-,C,D,0,,,,,Y,Y,A,01,0,1,0,0,0,0,0,0,0,"- ","- ",32.694569999999999,-117.12555,"SAN DIEGO","SAN DIEGO",-117.12555795,32.694512529999997
90124999,2016,2016-02-29,9650,2016-02-20,2345,019308,,6,3,5,3712,0,1,3,,2,019,"SR-78 E/B","NORDAHL RD",120.00,W,N,A,-,Y,,,78,,,,,,E,Y,3,0,1,2,A,-,01,23152,A,M,B,C,A,A,H,-,D,D,0,,,,,Y,Y,A,07,0,1,0,0,0,0,0,0,0,"- ","- ",33.132480000000001,-117.12188,"SAN DIEGO","SAN MARCOS",-117.12199328,33.132233829999997
90125075,2016,2016-02-29,9645,2016-01-09,1650,020541,,6,2,9,3700,0,1,3,,2,008,"SR-54 E/B TO BRIARWOOD RD","BRIARWOOD RD",65.00,W,N,B,-,Y,,,54,,,,R,,E,Y,4,0,1,2,A,-,01,23152,A,N,C,C,A,A,H,-,A,A,0,,,,,Y,Y,A,01,0,0,1,0,0,0,0,0,0,"- ","- ",32.681010000000001,-117.03028,"SAN DIEGO",UNINCORPORATED,-117.03028,32.681010000000001
90125463,2016,2016-02-29,9645,2016-02-07,0354,019445,,7,3,7,3711,0,1,1,,2,007,"I-5 N/B","GENESEE AVE O/C",175.00,S,N,A,-,Y,,,5,,,,,,N,Y,3,0,1,1,A,-,08,22107,,N,E,I,A,A,H,-,C,D,0,,,,,Y,Y,A,01,0,1,0,0,0,0,0,0,0,"- ","- ",32.88626,-117.22774,"SAN DIEGO","SAN DIEGO",-117.22771237000001,32.886257069999999
90126023,2016,2016-02-29,9650,2016-02-21,0001,020254,,7,3,9,3700,0,1,1,,2,001,"I-5 S/B","LAS PULGAS RD",5715.00,N,N,A,-,Y,,,5,,,,,,S,Y,3,0,1,1,A,-,01,23152,A,N,F,A,A,A,H,-,D,D,0,,,,,Y,Y,A,01,0,1,0,0,0,0,0,0,0,"- ","- ",33.309660000000001,-117.47815,"SAN DIEGO",UNINCORPORATED,-117.47808859,33.309734970000001
9012630,2019,2020-02-19,3701,2019-12-06,2337,CB5530,53,5,5,5,3701,0,0,0,,0,005,"FARADAY AV","WHIPTAIL LOOP",257.00,W,N,C,-,N,,,,,,,,,,Y,4,0,1,1,A,-,03,22350,,N,E,J,A,B,H,-,C,D,0,,,,,Y,Y,A,01,0,0,1,0,0,0,0,0,0,"- ","- ",,,"SAN DIEGO",CARLSBAD,-117.25589752197266,33.138629913330078
9012635,2019,2020-02-19,3701,2019-12-12,2108,CB5529,001,4,5,5,3701,0,0,0,,0,001,"CARLSBAD BL","CARLSBAD VILLAGE DR",28.00,N,N,A,-,N,,,,,,,,,,Y,3,0,1,2,A,-,01,23153,A,N,-,C,A,A,H,-,C,A,0,,,,,Y,Y,A,01,0,1,0,0,0,0,0,0,0,"- ","- ",,,"SAN DIEGO",CARLSBAD,-117.35107421875,33.158241271972656
90126414,2016,2016-03-01,9645,2016-02-18,0518,013292,,4,3,7,3711,0,1,1,,2,021,"SR-15 N/B S. OF I-805 O/C","I-805 OVERCROSSING",120.00,S,N,B,C,Y,,,15,,,,R,,N,Y,3,0,1,1,A,-,01,23152,,N,E,I,A,B,H,-,C,D,0,,,,,Y,Y,A,01,0,1,0,0,0,0,0,0,0,"- ","- ",32.731189999999998,-117.11136999999999,"SAN DIEGO","SAN DIEGO",-117.11136999999999,32.731189999999998
90126628,2016,2016-03-01,9645,2016-02-16,0108,013784,,2,3,7,3711,0,1,1,,2,010,"I-8 W/B TO MISSION CENTER ROAD","CAMINO DEL RIO NORTH",192.00,S,N,A,-,Y,,,8,,,,R,,W,Y,2,0,1,1,A,-,01,23152,A,N,F,A,A,A,H,-,D,D,0,,,,,Y,Y,A,01,1,0,0,0,0,0,0,0,0,"- ","- ",32.76652,-117.15157000000001,"SAN DIEGO","SAN DIEGO",-117.15157000000001,32.76652
90127151,2016,2016-03-01,9645,2016-02-08,1825,014625,,1,2,7,3711,0,1,1,,2,003,"INTERSTATE 5 SOUTHBOUND","6TH AVENUE O/C",200.00,S,N,A,-,Y,,,5,,,,,,S,Y,4,0,3,4,A,-,01,23152,A,N,C,C,A,A,H,-,D,D,0,,,,,Y,Y,A,01,0,0,3,0,0,0,0,0,0,"- ","- ",32.723260000000003,-117.15834,"SAN DIEGO","SAN DIEGO",-117.15838012,32.723353619999997
90127179,2016,2016-04-06,9680,2016-02-19,1421,018801,,5,2,9,3700,0,3,5,,2,002,"KENORA DRIVE","KENWOOD DRIVE",23.00,E,N,A,-,N,,,,,,,,,,Y,4,0,1,3,A,-,01,23152,A,N,B,C,A,A,H,-,A,D,0,,,,,Y,Y,A,07,0,0,1,0,0,0,0,0,0,"- ","- ",32.747430000000001,-116.98887000000001,"SAN DIEGO",UNINCORPORATED,-116.98890584999999,32.747407920000001
90127624,2015,2016-03-02,9645,2015-12-03,2157,020857,,4,2,7,3711,0,1,1,,2,003,"I-5 S/B TO SR-94 E/B","22ND STREET OVER-CROSSING (O/C)",585.00,W,N,A,-,Y,,,5,,,,R,,S,Y,1,2,0,3,A,-,11,21954,A,N,G,B,E,A,H,-,E,D,0,Y,,Y,,Y,Y,N,60,0,0,0,1,0,0,0,1,0,"- ","- ",32.713450000000002,-117.1465,"SAN DIEGO","SAN DIEGO",-117.1465,32.713450000000002
90127787,2015,2016-03-02,9645,2015-12-18,0025,017498,,5,3,7,3711,0,1,3,,2,014,"SR-52 WESTBOUND TO I-805","I-805 O/C",1459.00,E,N,A,-,Y,,,52,,,,R,,W,Y,1,1,0,1,A,-,01,23152,F,N,E,I,A,A,H,-,C,D,0,,,,,Y,Y,A,01,0,0,0,0,0,0,0,0,0,"- ","- ",32.847290000000001,-117.17468,"SAN DIEGO","SAN DIEGO",-117.17468,32.847290000000001
90128389,2016,2016-03-03,9645,2016-02-01,1752,018678,,1,2,7,3711,0,1,1,,2,001,"I-5 (S/B)","VIA DE SAN YSIDRO U/C",38.00,S,N,A,-,Y,,,5,,,,,,,Y,4,0,1,2,A,-,01,23152,,N,C,C,A,A,H,-,B,D,0,,,,,Y,Y,A,07,0,0,1,0,0,0,0,0,0,"- ","- ",32.551299999999998,-117.04523,"SAN DIEGO","SAN DIEGO",-117.04525746,32.55122703
90128723,2016,2016-03-03,9680,2016-02-20,1720,020249,,6,2,9,3700,0,1,3,,1,051,"STATE ROUTE 79","SAN FELIPE ROAD (S-2)",9504.00,N,N,A,-,Y,,,79,,,,,,,Y,2,0,1,1,A,-,01,23152,A,N,E,I,A,A,H,-,A,D,0,,,,,Y,Y,A,07,1,0,0,0,0,0,0,0,0,"- ","- ",33.26934,-116.65522,"SAN DIEGO",UNINCORPORATED,-116.65507679,33.269262259999998
90129511,2016,2016-03-04,9650,2016-02-26,0100,018296,,5,3,9,3700,0,3,5,,1,212,"ANTHONY RD","LILAC RD",1584.00,N,N,A,-,N,,,,,,,,,,Y,3,0,1,1,A,-,01,23152,A,M,F,A,A,A,H,-,D,D,0,,,,,Y,Y,A,01,0,1,0,0,0,0,0,0,0,"- ","- ",33.24353,-117.05347999999999,"SAN DIEGO",UNINCORPORATED,-117.05368205000001,33.24290191
90129515,2016,2016-03-04,9650,2016-02-26,0405,019126,,5,3,9,3700,0,1,1,,2,001,"I-5 S/B","LAS PULGAS RD",12672.00,N,N,A,-,Y,,,5,,,,,,S,Y,3,0,1,1,A,-,01,23152,A,N,E,I,A,A,H,-,D,D,0,,,,,Y,Y,A,01,0,1,0,0,0,0,0,0,0,"- ","- ",33.326329999999999,-117.48944,"SAN DIEGO",UNINCORPORATED,-117.48934773000001,33.32645462
90129977,2016,2016-03-07,9650,2016-02-26,1835,017328,,5,2,9,3700,0,3,5,,2,006,"GIRD RD.","VIA LOMA",0.00,,Y,A,-,N,,,,,,,,,,Y,4,0,2,3,A,-,01,23152,A,N,C,C,A,A,H,-,D,D,0,,,,,Y,Y,A,01,0,0,2,0,0,0,0,0,0,"- ","- ",33.331359999999997,-117.19054,"SAN DIEGO",UNINCORPORATED,-117.19054002,33.331310090000002
90129982,2016,2016-03-07,9650,2016-02-24,2100,017263,,3,2,9,3700,0,2,4,,2,061,"STAGE COACH LN","BROOKE RD",1042.00,E,N,A,-,N,,,,,,,,,,Y,2,0,1,1,A,-,01,23152,A,N,F,A,A,A,H,-,D,D,0,,,Y,,Y,Y,C,02,1,0,0,0,0,0,0,0,1,"- ","- ",33.359180000000002,-117.22781000000001,"SAN DIEGO",UNINCORPORATED,-117.22766186,33.35952142
90130027,2016,2016-03-07,9650,2016-02-19,2340,018496,,5,3,6,3706,0,1,1,,2,021,"I-15 S/B","DEER SPRINGS RD",6072.00,N,N,A,-,Y,,,,,,,,,,Y,2,0,1,2,A,-,01,23152,A,N,C,C,A,A,H,-,D,D,0,,,,Y,Y,Y,D,22,1,0,0,0,0,0,0,0,0,"- ","- ",33.211599999999997,-117.13583,"SAN DIEGO",ESCONDIDO,-117.13571906,33.211661040000003
9013017,2019,2020-02-15,3711,2019-11-29,1327,SD6834,,5,5,7,3711,0,0,0,,0,517,"900 28TH ST","28TH ST 900",0.00,,Y,C,-,N,,,,,,,,,,Y,4,0,1,2,A,-,12,22450,,N,D,C,A,B,H,-,A,A,0,,,,,Y,Y,A,01,0,0,1,0,0,0,0,0,0,"- ","- ",,,"SAN DIEGO","SAN DIEGO",,
90130675,2016,2016-03-07,9680,2016-02-25,2125,019998,,4,2,9,3700,0,3,5,,2,001,"OAK CREEK DR S/B","EUCALYPTUS HILLS DR",227.00,S,N,A,-,N,,,,,,,,,,Y,4,0,1,1,A,-,01,23152,A,N,E,I,A,A,H,-,C,D,0,,,,,Y,Y,A,01,0,0,1,0,0,0,0,0,0,"- ","- ",32.876390000000001,-116.99258,"SAN DIEGO",UNINCORPORATED,-116.95226601,32.87690826
90130738,2016,2016-05-02,9650,2016-01-06,2300,019308,,3,3,6,3706,0,1,1,,2,023,"I-15 S/B","9TH AVE",2640.00,S,N,C,-,Y,,,15,,,,,,S,Y,1,1,4,2,A,-,03,22350,,N,C,C,A,B,H,-,D,D,0,,,,,Y,Y,A,01,0,1,3,0,0,0,0,0,0,"- ","- ",33.100749999999998,-117.09084,"SAN DIEGO",ESCONDIDO,-117.09061511,33.100893730000003
90130751,2015,2016-03-07,9650,2015-10-24,1655,017328,,6,2,9,3700,0,3,5,,2,213,"OLD HIGHWAY 395","RAINBOW GLEN RD",875.00,N,N,A,-,N,,,,,,,,,,Y,1,1,2,2,A,-,01,23152,A,N,A,C,A,A,H,-,A,D,0,,,,,Y,Y,D,22,1,0,1,0,0,0,0,0,0,"- ","- ",33.408909999999999,-117.16221,"SAN DIEGO",UNINCORPORATED,-117.162245,33.408897490000001
90132043,2015,2016-03-08,9645,2015-12-27,0605,014922,,7,1,7,3711,0,1,1,,2,009,"INTERSTATE 805 NORTHBOUND","STATE ROUTE 94 OVER-CROSS (O/C)",436.00,S,N,A,-,Y,,,805,,,,,,N,Y,1,2,3,1,A,-,01,23152,A,N,E,I,A,A,H,-,C,D,0,,,,,Y,Y,A,01,3,0,0,0,0,0,0,0,0,"- ","- ",32.71754,-117.10268000000001,"SAN DIEGO","SAN DIEGO",-117.10283567,32.71754585
90132306,2016,2016-03-09,9680,2016-02-27,0138,019946,,6,3,9,3700,0,2,4,,1,013,"WILDCAT CANYON RD","MUTH VALLEY RD",528.00,S,N,A,-,N,,,,,,,,,,Y,4,0,1,1,A,-,01,23152,A,N,E,I,A,A,H,-,D,D,0,,,Y,,Y,Y,C,02,0,0,1,0,0,0,0,0,1,"- ","- ",32.896540000000002,-116.88972,"SAN DIEGO",UNINCORPORATED,-116.88905535000001,32.897954419999998
90132802,2016,2016-03-09,9650,2016-02-17,2130,016103,,3,2,6,3710,0,1,1,,2,005,"I-5 N/B TO SR-78 E/B",SR-78,127.00,S,N,A,-,Y,,,5,,,,R,,N,Y,4,0,1,1,A,-,01,23152,A,N,E,J,A,A,H,-,D,D,0,,,,,Y,Y,A,01,0,0,1,0,0,0,0,0,0,"- ","- ",33.176360000000003,-117.34990000000001,"SAN DIEGO",OCEANSIDE,-117.34990000000001,33.176360000000003
90132927,2016,2016-03-09,9680,2016-02-28,0610,015766,,7,1,9,3700,0,2,4,,1,061,"OLD HIGHWAY 80","TIERRA DEL SOL RD",4752.00,W,N,A,-,N,,,,,,,,,,Y,3,0,2,1,A,-,01,23152,A,N,E,I,A,A,H,-,B,A,0,,,,,Y,Y,A,01,0,2,0,0,0,0,0,0,0,"- ","- ",32.676229999999997,-116.33023,"SAN DIEGO",UNINCORPORATED,-116.32901209000001,32.6759457
90133211,2016,2016-03-10,9650,2016-03-05,0235,017780,,6,3,5,3782,0,1,1,,2,007,"I-5 N/B","SANTA FE AVE",2112.00,N,N,A,-,Y,,,5,,,,,,N,Y,3,0,2,2,A,-,01,23152,A,N,C,C,A,A,H,-,D,D,0,,,,,Y,Y,A,01,0,1,1,0,0,0,0,0,0,"- ","- ",33.040790000000001,-117.28429,"SAN DIEGO",ENCINITAS,-117.28434329,33.040757239999998
90133253,2015,2016-03-10,9645,2015-11-27,0131,020474,,5,3,9,3700,0,1,1,,2,009,"INTERSTATE 805 SOUTHBOUND","SR-54 E/B TO I-805 S/B O/C",378.00,S,N,B,C,Y,,,805,,,,,,S,Y,1,2,0,4,A,-,03,22350,,N,G,B,E,B,H,-,D,D,0,Y,,,,Y,Y,A,01,0,0,0,2,0,0,0,0,0,"- ","- ",32.655700000000003,-117.07245,"SAN DIEGO",UNINCORPORATED,-117.07240929,32.655737559999999
90133516,2016,2016-03-10,9645,2016-01-22,0050,019410,,5,3,7,3711,0,1,1,,2,005,"I-5 S/B",I-8,1200.00,N,N,A,-,Y,,,5,,,,,,S,Y,4,0,1,1,A,-,01,23152,A,N,E,I,A,A,H,-,C,D,0,,,,,Y,Y,A,01,0,0,1,0,0,0,0,0,0,"- ","- ",32.762639999999998,-117.20509,"SAN DIEGO","SAN DIEGO",-117.20491579,32.762684110000002
90134265,2016,2016-03-11,9650,2016-02-19,0455,013958,,5,3,5,3701,0,1,1,,2,005,"I-5 S/B","POINSETTIA AVE",207.00,N,N,A,-,Y,,,5,,,,,,S,Y,2,0,3,4,A,-,03,22350,,N,C,C,A,A,H,-,D,D,0,,,,,Y,Y,A,01,2,0,1,0,0,0,0,0,0,"- ","- ",33.103589999999997,-117.3108,"SAN DIEGO",CARLSBAD,-117.31083948,33.103564259999999
90134853,2016,2016-03-11,9680,2016-03-04,1821,018672,,5,2,9,3700,0,1,3,,1,052,SR-78,"OLD JULIAN HWY",800.00,E,N,A,-,Y,,,78,,,,,,,Y,4,0,1,1,A,-,01,23152,A,N,E,J,A,A,H,-,D,D,0,,,,,Y,Y,A,07,0,0,1,0,0,0,0,0,0,"- ","- ",33.066180000000003,-116.74527,"SAN DIEGO",UNINCORPORATED,-116.74520309,33.06601508
90135012,2016,2016-03-14,9650,2016-03-04,0105,020254,,5,3,9,3700,0,1,1,,2,022,"I-15 S/B","MISSION RD",1000.00,N,N,A,-,Y,,,15,,,,,,S,Y,3,0,1,2,A,-,01,23152,A,N,C,C,A,A,H,-,C,D,0,,,,,Y,Y,A,01,0,1,0,0,0,0,0,0,0,"- ","- ",33.390149999999998,-117.17462,"SAN DIEGO",UNINCORPORATED,-117.17466965,33.390157770000002
90135273,2016,2016-03-14,9650,2016-03-06,1314,015503,,7,1,9,3700,0,3,5,,2,150,"E. VISTA WAY","OSBORNE ST.",0.00,,Y,B,-,N,,,,,,,,,,Y,2,0,2,2,A,-,09,21453,C,N,A,C,A,A,H,-,A,A,0,,,,,Y,Y,A,01,2,0,0,0,0,0,0,0,0,"- ","- ",33.2376,-117.22629000000001,"SAN DIEGO",UNINCORPORATED,-117.22627,33.237640069999998
90135284,2016,2016-03-14,9650,2016-03-06,1905,019227,,7,2,9,3700,0,1,3,,1,028,SR-76,"RICE CANYON RD.",1584.00,W,N,A,-,Y,,,76,,,,,,,Y,2,0,2,2,A,-,01,23152,A,N,B,C,A,A,H,-,C,D,0,,,,,Y,Y,A,07,1,0,1,0,0,0,0,0,0,"- ","- ",33.340809999999998,-117.13663,"SAN DIEGO",UNINCORPORATED,-117.13656895,33.340905550000002
90135381,2016,2016-03-14,9645,2016-03-01,0010,013292,,2,3,7,3711,0,1,3,,2,023,"SR-163 N/B TO I-8 E/B",SR-163,100.00,E,N,E,-,Y,,,163,,,,R,,N,Y,4,0,1,1,A,-,08,22107,,M,E,J,A,A,H,-,C,D,0,,,,,Y,Y,A,01,0,0,1,0,0,0,0,0,0,"- ","- ",32.761499999999998,-117.1628,"SAN DIEGO","SAN DIEGO",-117.1628,32.761499999999998
90135465,2016,2016-03-14,9645,2016-01-26,0010,015046,9645,2,3,7,3711,0,1,1,,2,010,"I-8 E/B","PRESIDIO PARK O/C",2640.00,E,N,A,-,Y,,,8,,,,,,E,Y,4,0,1,1,A,-,01,23152,A,N,E,I,A,A,H,-,C,D,0,,,,,Y,Y,A,01,0,0,1,0,0,0,0,0,0,"- ","- ",32.75909,-117.17713000000001,"SAN DIEGO","SAN DIEGO",-117.17713200999999,32.759172550000002
90135483,2016,2016-03-14,9645,2016-02-13,0308,019010,,6,3,7,3711,0,1,1,,2,007,"I-5 SOUTHBOUND","VIA DE LA VALLE",250.00,S,N,A,-,Y,,,5,,,,,,S,Y,4,0,1,1,A,-,01,23152,A,N,E,I,A,A,H,-,C,D,0,,,,,Y,Y,A,01,0,0,1,0,0,0,0,0,0,"- ","- ",32.976889999999997,-117.25228,"SAN DIEGO","SAN DIEGO",-117.25212227,32.976951100000001
90135496,2016,2016-03-14,9645,2016-02-14,2246,020720,,7,3,7,3711,0,1,3,,2,014,"SR-52 E/B","SR-52 E/B TO SR-163 S/B O/C",300.00,W,N,A,-,Y,,,52,,,,,,E,Y,3,0,3,3,A,-,01,23153,A,N,C,C,A,A,H,-,D,D,0,,,,Y,Y,Y,A,07,0,1,2,0,0,0,0,0,0,"- ","- ",32.840710000000001,-117.13553,"SAN DIEGO","SAN DIEGO",-117.13554185,32.840814100000003
90135501,2016,2016-03-14,9645,2016-02-13,0140,020737,,6,3,6,3702,0,1,1,,2,009,"I-805 N/B","J ST.",600.00,N,N,A,-,Y,,,805,,,,,,N,Y,4,0,1,1,A,-,01,23152,A,N,E,I,A,A,H,-,D,D,0,,,,,Y,Y,A,07,0,0,1,0,0,0,0,0,0,"- ","- ",32.635840000000002,-117.04794,"SAN DIEGO","CHULA VISTA",-117.04799967,32.635761250000002