CASE_ID,ACCIDENT_YEAR,PROC_DATE,JURIS,COLLISION_DATE,COLLISION_TIME,OFFICER_ID,REPORTING_DISTRICT,DAY_OF_WEEK,CHP_SHIFT,POPULATION,CNTY_CITY_LOC,SPECIAL_COND,BEAT_TYPE,CHP_BEAT_TYPE,CITY_DIVISION_LAPD,CHP_BEAT_CLASS,BEAT_NUMBER,PRIMARY_RD,SECONDARY_RD,DISTANCE,DIRECTION,INTERSECTION,WEATHER_1,WEATHER_2,STATE_HWY_IND,CALTRANS_COUNTY,CALTRANS_DISTRICT,STATE_ROUTE,ROUTE_SUFFIX,POSTMILE_PREFIX,POSTMILE,LOCATION_TYPE,RAMP_INTERSECTION,SIDE_OF_HWY,TOW_AWAY,COLLISION_SEVERITY,NUMBER_KILLED,NUMBER_INJURED,PARTY_COUNT,PRIMARY_COLL_FACTOR,PCF_CODE_OF_VIOL,PCF_VIOL_CATEGORY,PCF_VIOLATION,PCF_VIOL_SUBSECTION,HIT_AND_RUN,TYPE_OF_COLLISION,MVIW,PED_ACTION,ROAD_SURFACE,ROAD_COND_1,ROAD_COND_2,LIGHTING,CONTROL_DEVICE,CHP_ROAD_TYPE,PEDESTRIAN_ACCIDENT,BICYCLE_ACCIDENT,MOTORCYCLE_ACCIDENT,TRUCK_ACCIDENT,NOT_PRIVATE_PROPERTY,ALCOHOL_INVOLVED,STWD_VEHTYPE_AT_FAULT,CHP_VEHTYPE_AT_FAULT,COUNT_SEVERE_INJ,COUNT_VISIBLE_INJ,COUNT_COMPLAINT_PAIN,COUNT_PED_KILLED,COUNT_PED_INJURED,COUNT_BICYCLIST_KILLED,COUNT_BICYCLIST_INJURED,COUNT_MC_KILLED,COUNT_MC_INJURED,PRIMARY_RAMP,SECONDARY_RAMP,LATITUDE,LONGITUDE,COUNTY,CITY,POINT_X,POINT_Y
90135518,2016,2016-03-14,9645,2016-02-23,2241,019010,,2,3,7,3711,0,1,1,,2,021,"SR-15 NORTHBOUND",SR-94,300.00,N,N,A,-,Y,,,15,,,,,,N,Y,3,0,1,2,A,-,01,23152,A,N,C,C,A,A,D,-,C,A,0,,,,,Y,Y,A,01,0,1,0,0,0,0,0,0,0,"- ","- ",32.719459999999998,-117.11757,"SAN DIEGO","SAN DIEGO",-117.11752273,32.719448280000002
90136374,2015,2016-03-14,9650,2015-10-02,2210,017056,,5,3,9,3700,0,3,5,,2,170,"S. SANTA FE AVE.","PALMYRA DR",192.00,N,N,A,-,N,,,,,,,,,,Y,2,0,1,2,A,-,11,21954,A,F,G,B,D,A,H,-,C,D,0,Y,,,,Y,Y,N,60,1,0,0,0,1,0,0,0,0,"- ","- ",33.171439999999997,-117.2073,"SAN DIEGO",UNINCORPORATED,-117.20721134,33.17134076
90136388,2016,2016-03-15,9650,2016-03-12,1530,019227,,6,2,9,3700,0,2,4,,1,027,"VALLEY CENTER RD","N. LAKE WOHLFORD RD.",1320.00,N,N,A,-,N,,,,,,,,,,Y,4,0,1,1,A,-,01,23152,A,N,E,I,A,A,H,-,A,D,0,,,,,Y,Y,A,07,0,0,1,0,0,0,0,0,0,"- ","- ",33.227919999999997,-116.97122,"SAN DIEGO",UNINCORPORATED,-116.97569,33.228160000000003
90136544,2016,2016-03-15,9680,2016-02-28,1410,017389,,7,2,5,3705,0,1,1,,2,082,"I-8 W/B","JOHNSON AVE",528.00,E,N,A,-,Y,,,8,,,,,,W,Y,3,0,1,1,A,-,01,23152,A,N,F,A,A,A,H,-,A,D,0,,,,,Y,Y,D,22,0,1,0,0,0,0,0,0,0,"- ","- ",32.80303,-116.97045,"SAN DIEGO","EL CAJON",-116.97045378999999,32.803058589999999
90136959,2016,2016-03-15,9645,2016-01-17,0315,018652,,7,3,7,3711,0,1,1,,2,009,"I-805 N/B","OCEAN VIEW BLVD. O/C",151.00,S,N,A,-,Y,,,805,,,,,,N,Y,2,0,2,2,A,-,01,23152,A,N,C,D,A,A,H,-,D,D,0,,,,Y,Y,Y,A,01,1,1,0,0,0,0,0,0,0,"- ","- ",32.700330000000001,-117.0946,"SAN DIEGO","SAN DIEGO",-117.09476349000001,32.700331800000001
90137053,2016,2016-03-15,9680,2016-03-05,1405,019910,,6,2,9,3700,0,3,5,,2,002,"ELKELTON BLVD","CRESTMORE AVE",9.00,S,N,A,-,N,,,,,,,,,,N,2,0,1,2,A,-,01,23152,A,N,D,E,A,A,H,-,A,D,0,,,Y,,Y,Y,C,02,1,0,0,0,0,0,0,0,1,"- ","- ",32.712899999999998,-117.01667,"SAN DIEGO",UNINCORPORATED,-117.01675851,32.712907350000002
90137657,2016,2016-04-15,9680,2016-03-06,0220,020682,,7,3,9,3700,0,2,4,,1,013,"WILDCAT CANYON RD","OLD BARONA RD",50.00,N,N,C,-,N,,,,,,,,,,Y,3,0,2,2,A,-,01,23152,A,N,B,C,A,B,H,-,D,D,0,,,,,Y,Y,A,07,0,1,1,0,0,0,0,0,0,"- ","- ",32.918880000000001,-116.91888,"SAN DIEGO",UNINCORPORATED,-116.88426033,32.918794130000002
90137929,2016,2016-03-16,9645,2016-03-06,0245,019712,,7,3,7,3711,0,1,1,,2,003,"I-5 S/B","PACIFIC HWY O/C",600.00,N,N,B,C,Y,,,5,,,,,,S,Y,3,0,1,2,A,-,01,23152,A,N,C,C,A,A,H,-,D,D,0,,,Y,,Y,Y,A,07,0,1,0,0,0,0,0,0,1,"- ","- ",32.731999999999999,-117.17209,"SAN DIEGO","SAN DIEGO",-117.17206739,32.732019280000003
90138171,2016,2016-03-16,9645,2016-03-01,1435,018678,,2,2,7,3711,0,1,1,,2,011,"I-805 (S/B)","LINCOLN AVENUE O/C",60.00,N,N,A,-,Y,,,805,,,,,,,Y,4,0,1,3,A,-,01,23152,A,N,C,C,A,A,H,-,A,D,0,,,,,Y,Y,A,01,0,0,1,0,0,0,0,0,0,"- ","- ",32.750520000000002,-117.12362,"SAN DIEGO","SAN DIEGO",-117.12340820999999,32.750600589999998
90138576,2016,2016-03-17,9645,2016-02-22,1545,018950,,1,2,7,3711,0,1,1,,2,027,"SR-15 NB TO I-8","CAMINO DEL RIO SOUTH",1056.00,S,N,A,-,Y,,,15,,,,R,,N,Y,3,0,1,3,A,-,03,22350,,N,C,C,A,A,H,-,A,D,0,,,,,Y,Y,A,01,0,1,0,0,0,0,0,0,0,"- ","- ",32.775570000000002,-117.11094,"SAN DIEGO","SAN DIEGO",-117.11094,32.775570000000002
90138860,2016,2016-03-17,9645,2016-03-10,1618,019496,,4,2,9,3700,0,3,5,,2,018,"BONITA RD. E/B","PALM DR.",200.00,W,N,A,-,N,,,,,,,,,,Y,4,0,1,2,A,-,03,22350,,N,C,C,A,A,H,-,A,D,0,,,,,Y,Y,A,01,0,0,1,0,0,0,0,0,0,"- ","- ",32.664490000000001,-117.02529,"SAN DIEGO",UNINCORPORATED,-117.02498115,32.664783049999997
90138936,2016,2016-03-17,9645,2016-03-06,0328,018987,,7,3,7,3711,0,1,1,,2,027,"I-15 S/B TO I-8 E/B",I-8,100.00,S,N,C,-,Y,,,15,,,,R,,S,Y,4,0,1,1,A,-,01,23152,A,N,E,I,A,B,H,-,D,D,0,,,,,Y,Y,D,22,0,0,1,0,0,0,0,0,0,"- ","- ",32.778239999999997,-117.11042999999999,"SAN DIEGO","SAN DIEGO",-117.11042999999999,32.778239999999997
90139011,2016,2016-03-17,9645,2016-03-12,0205,020857,,6,3,7,3711,0,1,1,,2,005,"I-5 S/B TO I-8 E/B",I-8,100.00,N,N,B,-,Y,,,5,,,,R,,S,Y,3,0,1,1,A,-,01,23152,A,N,E,I,A,A,H,-,C,D,0,,,,,Y,Y,A,07,0,1,0,0,0,0,0,0,0,"- ","- ",32.759399999999999,-117.2038,"SAN DIEGO","SAN DIEGO",-117.2038,32.759399999999999
90139118,2015,2016-03-17,9650,2015-12-20,0324,016487,,7,3,3,3783,0,1,1,,2,007,"INTERSTATE 5 SOUTHBOUND","LOMAS SANTA FE DRIVE",2132.00,N,N,B,-,Y,,,5,,,,,,S,Y,1,3,0,2,A,-,01,23152,F,N,A,C,A,A,H,-,D,D,0,,,,,Y,Y,A,01,0,0,0,0,0,0,0,0,0,"- ","- ",33.00188,-117.25763000000001,"SAN DIEGO","SOLANA BEACH",-117.25767772,33.001870230000002
90139417,2016,2016-03-18,9650,2016-03-12,0105,019308,,6,3,9,3700,0,3,5,,2,170,"ROBELINI DR","UNIVERSITY DR",550.00,N,N,A,-,N,,,,,,,,,,Y,3,0,1,1,A,-,01,23152,A,M,E,I,A,A,H,-,D,D,0,,,,,Y,Y,D,22,0,1,0,0,0,0,0,0,0,"- ","- ",33.170470000000002,-117.21178,"SAN DIEGO",UNINCORPORATED,-117.21178,33.170470000000002
90139934,2016,2016-03-21,9645,2016-03-03,1950,019344,,4,2,7,3711,0,1,3,,2,016,"SR-52 E/B","SANTO ROAD O/C",10032.00,E,N,A,-,Y,,,52,,,,,,E,Y,3,0,1,2,A,-,01,23152,A,N,C,C,A,A,H,-,D,D,0,,,,,Y,Y,A,01,0,1,0,0,0,0,0,0,0,"- ","- ",32.8538,-117.06699999999999,"SAN DIEGO","SAN DIEGO",-117.06701465,32.853845499999998
90139987,2016,2016-03-21,9650,2016-03-18,0355,017780,,5,3,9,3700,0,1,3,,2,065,"SR-76 E/B","S. MISSION RD.",35.00,W,N,A,-,Y,,,,,,,,,,Y,4,0,2,2,A,-,01,23152,A,N,C,C,A,A,H,-,C,A,0,,,,,Y,Y,A,01,0,0,2,0,0,0,0,0,0,"- ","- ",33.173839999999998,-117.13200999999999,"SAN DIEGO",UNINCORPORATED,-117.22201465000001,33.294215659999999
90140000,2016,2016-03-21,9650,2016-03-19,0335,018296,,6,3,9,3700,0,3,5,,2,213,"PALA-TEMECULA RD","PALA MESA DR",21120.00,N,N,E,-,Y,,,,,,,,,,Y,4,0,1,1,A,-,01,23152,A,N,E,I,A,A,H,-,D,D,0,,,,,Y,Y,A,07,0,0,1,0,0,0,0,0,0,"- ","- ",33.412579999999998,-117.08463999999999,"SAN DIEGO",UNINCORPORATED,,
90140634,2015,2016-03-21,9650,2015-10-02,2211,017056,,5,3,9,3700,0,3,5,,2,170,"S. SANTA FE AVE.","PALMYRA DR",145.00,N,N,A,-,N,,,,,,,,,,N,1,1,0,2,A,-,03,22350,,F,G,B,D,A,H,-,C,D,0,Y,,,,Y,Y,A,01,0,0,0,1,0,0,0,0,0,"- ","- ",33.171439999999997,-117.2073,"SAN DIEGO",UNINCORPORATED,-117.2071645,33.171218179999997
90140858,2016,2016-03-22,9680,2016-03-13,0110,019946,,7,3,5,3708,0,1,3,,2,028,"SR-125 S/B","MARIPOSA ST",315.00,N,N,A,-,Y,,,125,,,,,,S,Y,3,0,1,1,A,-,01,23152,A,N,E,I,A,A,H,-,D,D,0,,,,,Y,Y,A,01,0,1,0,0,0,0,0,0,0,"- ","- ",32.759819999999998,-117.00416,"SAN DIEGO","LA MESA",-117.0041362,32.7597934
9014109,2019,2020-02-11,3709,2019-12-28,2155,NC0415,,6,5,5,3709,0,0,0,,0,023,"I AV","EAST 20TH ST",81.00,S,N,A,-,N,,,,,,,,,,Y,3,0,1,3,A,-,01,23152,A,N,E,E,A,A,H,-,C,D,0,,,,,Y,Y,A,01,0,1,0,0,0,0,0,0,0,"- ","- ",,,"SAN DIEGO","NATIONAL CITY",-117.09356689453125,32.667839050292969
9014152,2019,2020-02-18,3701,2019-12-13,1716,CB5552,,5,5,5,3701,0,0,0,,0,,"CANNON RD","EL CAMINO REAL",89.00,N,N,A,-,N,,,,,,,,,,N,4,0,2,3,A,-,01,23152,A,N,C,C,A,A,H,-,C,A,0,,,,,Y,Y,A,01,0,0,2,0,0,0,0,0,0,"- ","- ",,,"SAN DIEGO",CARLSBAD,-117.29753875732422,33.149684906005859
90141704,2016,2016-03-23,9680,2016-03-13,2125,020105,,7,2,9,3700,0,1,1,,2,082,"I-8 E/B","LAKE JENNINGS PARK RD",5280.00,W,N,A,-,Y,,,8,,,,,,E,Y,3,0,1,1,A,-,01,23152,A,N,F,A,A,A,H,-,D,D,0,,,,,Y,Y,A,01,0,1,0,0,0,0,0,0,0,"- ","- ",32.833089999999999,-116.89501,"SAN DIEGO",UNINCORPORATED,-116.89501082,32.833090849999998
90142162,2016,2016-03-23,9680,2016-03-15,2135,016694,,2,2,9,3700,0,2,4,,1,025,"SWEETWATER ROAD","BLOSSOM LN",247.00,S,N,A,-,N,,,,,,,,,,Y,3,0,2,2,A,-,01,23152,A,N,A,C,A,A,H,-,D,D,0,,,,,Y,Y,A,01,0,1,1,0,0,0,0,0,0,"- ","- ",32.724200000000003,-117.01411,"SAN DIEGO",UNINCORPORATED,-117.01409,32.724233499999997
90142379,2016,2016-07-28,9645,2016-01-23,2120,017678,,6,2,7,3711,0,1,3,,2,023,"STATE ROUTE 163 S/B","WASHINGTON STREET O/C",1584.00,N,N,B,-,Y,,,163,,,,,,S,Y,1,1,0,4,A,-,01,23152,A,N,F,A,A,B,H,-,C,D,0,,,Y,,Y,Y,C,02,0,0,0,0,0,0,0,1,0,"- ","- ",32.75508,-117.15879,"SAN DIEGO","SAN DIEGO",-117.15885074000001,32.755062180000003
90142416,2016,2016-03-23,9645,2016-02-16,1908,016728,,2,2,7,3711,0,1,1,,2,010,"I-8 EASTBOUND FROM QUALCOMM WAY","QUALCOMM WAY O/C",279.00,W,N,A,-,Y,,,8,,,,R,,E,Y,1,1,0,1,A,-,01,23152,A,N,F,A,A,A,H,-,D,D,0,,,Y,,Y,Y,C,02,0,0,0,0,0,0,0,1,0,"- ","- ",32.769919999999999,-117.1386,"SAN DIEGO","SAN DIEGO",-117.1386,32.769919999999999
90142813,2016,2016-03-24,9645,2016-02-21,0320,020301,,7,3,7,3711,0,1,3,,2,023,"SR-163 S/B","QUINCE DR",500.00,S,N,A,-,Y,,,163,,,,,,S,Y,2,0,1,1,A,-,01,23152,A,N,F,I,A,A,H,-,C,D,0,,,,,Y,Y,A,01,1,0,0,0,0,0,0,0,0,"- ","- ",32.733409999999999,-117.15562,"SAN DIEGO","SAN DIEGO",-117.15560418,32.73341894
90143411,2016,2016-03-24,9645,2016-03-20,0935,017498,,7,1,7,3711,0,2,S,,2,901,"HOTEL CIRCLE SOUTH (800 BLOCK)","BACHMAN PLACE",991.00,W,N,A,-,N,,,,,,,,,,Y,4,0,2,1,A,-,01,23152,F,F,E,I,A,A,H,-,A,D,0,,,,,Y,Y,A,01,0,0,2,0,0,0,0,0,0,"- ","- ",32.759259999999998,-117.18835,"SAN DIEGO","SAN DIEGO",-117.17068585,32.759896099999999
90144618,2016,2016-03-28,9680,2016-03-18,0130,013741,,5,3,9,3700,0,3,5,,2,002,"PARKBROOK ST","ELKELTON BLVD",45.00,W,N,B,-,N,,,,,,,,,,N,3,0,1,2,A,-,08,22107,,M,A,E,A,A,H,-,C,D,0,,,,,Y,Y,A,01,0,1,0,0,0,0,0,0,0,"- ","- ",32.703240000000001,-117.01394999999999,"SAN DIEGO",UNINCORPORATED,-117.01383996,32.70332114
90145405,2016,2016-03-28,9650,2016-03-17,1825,019227,,4,2,9,3700,0,3,5,,2,210,"DEER SPRINGS RD.","MESA ROCK RD",1848.00,W,N,A,-,N,,,,,,,,,,Y,3,0,1,2,A,-,01,23152,A,N,E,I,A,A,H,-,A,D,0,,,,,Y,Y,D,22,0,1,0,0,0,0,0,0,0,"- ","- ",33.19464,-117.1322,"SAN DIEGO",UNINCORPORATED,-117.13274393,33.195027930000002
9014577,2019,2019-12-31,3705,2019-10-15,0750,EC0288,,2,5,5,3705,0,0,0,,0,002,"E MADISON",ORLANDO,0.00,,Y,A,-,N,,,,,,,,,,N,3,0,1,2,A,-,08,22107,,M,G,B,A,A,H,-,A,D,0,,,,,Y,Y,-,,0,1,0,0,0,0,0,0,0,"- ","- ",,,"SAN DIEGO","EL CAJON",-116.94013977050781,32.800159454345703
9014599,2019,2020-02-06,3711,2019-12-14,0334,SD7821,,6,5,7,3711,0,0,0,,0,811,"35TH ST","ADAMS AV",2640.00,S,N,A,-,N,,,,,,,,,,Y,4,0,1,2,A,-,08,22107,,N,C,E,A,A,H,-,C,D,0,,,,,Y,Y,A,01,0,0,1,0,0,0,0,0,0,"- ","- ",,,"SAN DIEGO","SAN DIEGO",-117.11790466308594,32.756351470947266
9014603,2019,2020-02-06,3711,2019-12-13,2209,SD7517,,5,5,7,3711,0,0,0,,0,116,"DENVER ST","CESSNA ST",200.00,N,N,A,-,N,,,,,,,,,,Y,3,0,1,2,A,-,03,22350,,N,A,E,A,A,H,-,C,D,0,,,,,Y,Y,A,01,0,1,0,0,0,0,0,0,0,"- ","- ",,,"SAN DIEGO","SAN DIEGO",-117.20293426513672,32.795894622802734
90146247,2016,2016-03-28,9650,2016-03-15,1825,019126,,2,2,9,3700,0,3,5,,2,213,"RICE CANYON RD",SR-76,8976.00,N,N,A,-,N,,,,,,,,,,Y,3,0,1,1,A,-,01,23152,A,N,E,I,A,A,H,-,A,D,0,,,,,Y,Y,A,01,0,1,0,0,0,0,0,0,0,"- ","- ",33.367739999999998,-117.13938,"SAN DIEGO",UNINCORPORATED,-117.13872906,33.366125410000002
90146412,2016,2016-03-28,9645,2016-03-15,0645,015494,,2,1,7,3711,0,1,1,,2,003,"I-5 S/B","CESAR CHAVEZ",500.00,N,N,A,-,Y,,,5,,,,,,S,Y,3,0,1,1,A,-,08,22107,,N,F,A,A,A,H,-,B,D,0,,,Y,,Y,Y,C,02,0,1,0,0,0,0,0,0,1,"- ","- ",32.701900000000002,-117.1438,"SAN DIEGO","SAN DIEGO",-117.14381053,32.701884640000003
90146438,2016,2016-03-28,9645,2016-03-13,0315,020737,,7,3,7,3711,0,1,1,,2,010,"I-8 E/B",SR-163,2957.00,W,N,A,-,Y,,,8,,,,,,E,Y,3,0,3,3,A,-,01,23152,A,N,B,C,A,A,H,-,C,D,0,,,,,Y,Y,A,01,0,1,2,0,0,0,0,0,0,"- ","- ",32.759729999999998,-117.17279000000001,"SAN DIEGO","SAN DIEGO",-117.1727989,32.759772349999999
90146462,2016,2016-03-28,9645,2016-02-05,2000,018428,645,5,2,7,3711,0,1,1,,2,010,"I-8 E/B TO TEXAS ST.","TEXAS ST. O/C",375.00,E,N,A,-,Y,,,8,,,,R,,E,Y,2,0,1,1,A,-,01,23152,A,N,E,I,A,A,H,-,D,D,0,,,Y,,Y,Y,C,02,1,0,0,0,0,0,0,0,1,"- ","- ",32.769950000000001,-117.13795,"SAN DIEGO","SAN DIEGO",-117.13795,32.769950000000001
90146464,2016,2016-03-28,9645,2016-02-01,1905,018950,,1,2,7,3711,0,1,1,,2,005,"I-5 N/B","CLAIREMONT DRIVE",13200.00,S,N,A,-,Y,,,5,,,,,,N,Y,3,0,2,1,A,-,01,23152,A,N,E,I,A,A,H,-,D,D,0,,,,,Y,Y,A,01,0,2,0,0,0,0,0,0,0,"- ","- ",32.78904,-117.20684,"SAN DIEGO","SAN DIEGO",-117.2068621,32.789039340000002
90146495,2016,2016-03-29,9680,2016-03-14,1905,019870,,1,2,9,3700,0,2,4,,1,026,"JAMACHA RD","GILLESPIE DR",0.00,,Y,A,-,N,,,,,,,,,,N,4,0,1,2,A,-,09,21802,A,F,D,C,A,A,H,-,C,A,0,,,,,Y,Y,A,01,0,0,1,0,0,0,0,0,0,"- ","- ",32.715009999999999,-117.0073,"SAN DIEGO",UNINCORPORATED,-117.00745005,32.714810030000002
90146562,2016,2016-03-29,9680,2016-03-19,0105,020682,,6,3,5,3708,0,1,1,,2,081,"I-8 E/B","LAKE MURRAY BLVD",322.00,W,N,A,-,Y,,,8,,,,,,E,Y,3,0,1,2,A,-,01,23152,A,N,B,C,A,A,H,-,C,D,0,,,,Y,Y,Y,A,01,0,1,0,0,0,0,0,0,0,"- ","- ",32.774290000000001,-117.04655,"SAN DIEGO","LA MESA",-117.04652424,32.774338350000001
90146660,2016,2016-03-31,9645,2016-03-26,0335,018987,,6,3,7,3711,0,1,1,,2,003,"I-5 SOUTHBOUND","CESAR CHAVEZ PKWY",1100.00,N,N,B,-,Y,,,5,,,,,,S,Y,4,0,2,2,A,-,01,23152,A,N,C,C,A,A,H,-,C,D,0,,,,,Y,Y,A,01,0,0,2,0,0,0,0,0,0,"- ","- ",32.70438,-117.14712,"SAN DIEGO","SAN DIEGO",-117.14710459,32.704393250000003
90146973,2016,2016-03-29,9680,2016-03-19,0219,019936,,6,3,9,3700,0,1,3,,1,023,"SR-94 E/B","SOUTH BARCELONA ST",1437.00,W,N,A,-,Y,,,94,,,,,,E,Y,3,0,1,2,A,-,08,22107,,N,C,C,A,A,H,-,D,D,0,,,,,Y,Y,A,01,0,1,0,0,0,0,0,0,0,"- ","- ",32.744450000000001,-116.98371,"SAN DIEGO",UNINCORPORATED,-116.98370869999999,32.744462570000003
90147297,2016,2016-03-29,9650,2016-03-17,1520,019126,,4,2,9,3700,0,1,3,,1,028,"SR-76 E/B","ADAMS DR",1584.00,E,N,A,-,Y,,,76,,,,,,E,Y,3,0,1,1,A,-,01,23152,A,N,E,I,A,A,H,-,A,D,0,,,,,Y,Y,A,07,0,1,0,0,0,0,0,0,0,"- ","- ",33.339280000000002,-117.00864,"SAN DIEGO",UNINCORPORATED,-117.00865533,33.339230450000002
9014770,2019,2020-02-12,3711,2019-12-04,2120,SD8404,,3,5,7,3711,0,0,0,,0,611,"MIDWAY DR","KEMPER ST",500.00,W,N,C,-,N,,,,,,,,,,Y,3,0,1,2,A,-,03,22350,,N,C,C,A,B,H,-,C,D,0,,,,,Y,Y,D,22,0,1,0,0,0,0,0,0,0,"- ","- ",,,"SAN DIEGO","SAN DIEGO",-117.21648406982422,32.752922058105469
90148390,2016,2016-03-31,9650,2016-03-16,2125,013958,,3,2,9,3700,0,3,5,,2,070,"EL MIRLO","VIA DE FORTUNA",25.00,S,N,A,-,N,,,,,,,,,,Y,3,0,1,1,A,-,01,23152,A,N,E,I,A,A,H,-,D,A,0,,,,,Y,Y,A,01,0,1,0,0,0,0,0,0,0,"- ","- ",33.033659999999998,-117.21875,"SAN DIEGO",UNINCORPORATED,-117.21885,33.033830000000002
90148471,2016,2016-03-31,9645,2016-03-23,2045,013648,,3,2,7,3711,0,1,1,,2,011,"I-805 SOUTHBOUND","RIO SAN DIEGO DR",80.00,S,N,A,-,Y,,,805,,,,,,S,Y,2,0,1,1,A,-,01,23152,A,N,E,I,A,A,H,-,C,D,0,,,,,Y,Y,A,07,1,0,0,0,0,0,0,0,0,"- ","- ",32.780549999999998,-117.13775,"SAN DIEGO","SAN DIEGO",-117.13820031,32.780195990000003
90148479,2016,2016-03-31,9645,2016-02-27,0322,015698,,6,3,6,3702,0,1,1,,2,009,"I-805 N/B","MAIN ST. O/C",900.00,S,N,B,-,Y,,,805,,,,,,N,N,3,0,1,2,A,-,11,21954,A,F,G,B,E,A,H,-,D,D,0,Y,,,,Y,Y,N,60,0,1,0,0,1,0,0,0,0,"- ","- ",32.59149,-117.03612,"SAN DIEGO","CHULA VISTA",-117.03620324000001,32.591492209999998
90148490,2016,2016-03-31,9645,2016-03-10,0305,016138,,4,3,7,3711,0,1,1,,2,017,"I-15 N/B FROM MIRAMAR RD E/B","MIRAMAR RD. O/C",150.00,S,N,A,-,Y,,,,,,,,,,N,3,0,1,1,A,-,01,23152,A,N,F,A,A,A,H,-,D,D,0,,,Y,,Y,Y,C,02,0,1,0,0,0,0,0,0,1,"- ","- ",32.53575,-117.68819999999999,"SAN DIEGO","SAN DIEGO",-117.11485992999999,32.892811950000002
9014889,2019,2020-02-08,3711,2019-12-05,0850,SD7169,,4,5,7,3711,0,0,0,,0,242,"CAMINO RUIZ","ZAPATA AV",0.00,,Y,A,-,N,,,,,,,,,,N,4,0,1,2,A,-,09,21802,A,M,D,C,A,A,-,-,A,D,0,,,,,Y,Y,A,01,0,0,1,0,0,0,0,0,0,"- ","- ",,,"SAN DIEGO","SAN DIEGO",-117.14402008056641,32.927291870117188
90149071,2016,2016-04-01,9650,2016-01-30,1515,017994,,6,2,9,3700,0,3,5,,2,213,"PALA TEMECULA RD","PALA MISSION RD",13200.00,N,N,B,-,N,,,,,,,,,,Y,4,0,2,2,A,-,01,23152,A,F,A,C,A,A,H,-,A,D,0,,,,,Y,Y,D,22,0,0,2,0,0,0,0,0,0,"- ","- ",33.38006,-117.08334000000001,"SAN DIEGO",UNINCORPORATED,-117.08364571,33.398862780000002
90149441,2016,2016-04-04,9650,2016-03-26,0130,020254,,6,3,9,3700,0,3,5,,2,170,"S. SANTA FE AVE","POINSETTIA AVE",100.00,S,N,B,-,N,,,,,,,,,,Y,3,0,1,1,A,-,01,23152,A,M,E,I,A,A,H,-,D,D,0,,,,,Y,Y,A,01,0,1,0,0,0,0,0,0,0,"- ","- ",33.16581,-117.20528,"SAN DIEGO",UNINCORPORATED,-117.20536679,33.165750379999999
90149503,2016,2016-04-18,9650,2016-03-29,0215,015276,,2,3,5,3782,0,1,1,,2,007,"I-5 S/B","LEUCADIA BLVD",1056.00,S,N,A,-,Y,,,5,,,,,,S,Y,4,0,3,2,A,-,01,23152,A,N,C,C,A,A,H,-,D,D,0,,,,,Y,Y,A,01,0,0,3,0,0,0,0,0,0,"- ","- ",33.061120000000003,-117.29143999999999,"SAN DIEGO",ENCINITAS,-117.29122264999999,33.06118515
90149944,2016,2016-04-04,9650,2016-03-27,0255,019191,,7,3,6,3706,0,1,1,,2,023,"I-15 N/B","W VALLEY PARKWAY",1500.00,S,N,A,-,Y,,,15,,,,,,N,Y,4,0,2,2,A,-,01,23152,A,N,C,C,A,A,H,-,C,D,0,,,,,Y,Y,A,01,0,0,2,0,0,0,0,0,0,"- ","- ",33.11186,-117.0967,"SAN DIEGO",ESCONDIDO,-117.09671994,33.111847709999999
90149983,2016,2016-04-04,9650,2016-03-28,0450,018675,,1,3,9,3700,0,1,3,,1,028,SR-76,"VALLEY CENTER RD.",3168.00,E,N,B,-,Y,,,,,,,,,,Y,3,0,1,1,A,-,01,23152,A,N,E,I,A,A,H,-,C,D,0,,,,,Y,Y,A,07,0,1,0,0,0,0,0,0,0,"- ","- ",33.291640000000001,-117.94898999999999,"SAN DIEGO",UNINCORPORATED,-116.95057589,33.288395190000003
90150473,2016,2016-04-04,9645,2016-01-23,0225,015698,,6,3,7,3711,0,1,1,,2,010,"I-8 W/B","TAYLOR ST. O/C",200.00,E,N,B,-,Y,,,8,,,,,,W,Y,3,0,3,2,A,-,01,23152,A,N,D,C,A,A,H,-,D,D,0,,,,,Y,Y,A,01,0,1,2,0,0,0,0,0,0,"- ","- ",32.759839999999997,-117.18788000000001,"SAN DIEGO","SAN DIEGO",-117.18788297,32.759813919999999
90150488,2016,2016-04-04,9645,2016-02-21,2355,020265,,7,3,7,3711,0,1,3,,2,006,"SR-94 E/B","30TH ST. O/C",100.00,E,N,A,-,Y,,,94,,,,,,E,Y,4,0,1,2,A,-,03,22350,,N,C,C,A,A,H,-,C,D,0,,,,,Y,Y,A,01,0,0,1,0,0,0,0,0,0,"- ","- ",32.713729999999998,-117.12935,"SAN DIEGO","SAN DIEGO",-117.12933080000001,32.713635170000003