CASE_ID,ACCIDENT_YEAR,PROC_DATE,JURIS,COLLISION_DATE,COLLISION_TIME,OFFICER_ID,REPORTING_DISTRICT,DAY_OF_WEEK,CHP_SHIFT,POPULATION,CNTY_CITY_LOC,SPECIAL_COND,BEAT_TYPE,CHP_BEAT_TYPE,CITY_DIVISION_LAPD,CHP_BEAT_CLASS,BEAT_NUMBER,PRIMARY_RD,SECONDARY_RD,DISTANCE,DIRECTION,INTERSECTION,WEATHER_1,WEATHER_2,STATE_HWY_IND,CALTRANS_COUNTY,CALTRANS_DISTRICT,STATE_ROUTE,ROUTE_SUFFIX,POSTMILE_PREFIX,POSTMILE,LOCATION_TYPE,RAMP_INTERSECTION,SIDE_OF_HWY,TOW_AWAY,COLLISION_SEVERITY,NUMBER_KILLED,NUMBER_INJURED,PARTY_COUNT,PRIMARY_COLL_FACTOR,PCF_CODE_OF_VIOL,PCF_VIOL_CATEGORY,PCF_VIOLATION,PCF_VIOL_SUBSECTION,HIT_AND_RUN,TYPE_OF_COLLISION,MVIW,PED_ACTION,ROAD_SURFACE,ROAD_COND_1,ROAD_COND_2,LIGHTING,CONTROL_DEVICE,CHP_ROAD_TYPE,PEDESTRIAN_ACCIDENT,BICYCLE_ACCIDENT,MOTORCYCLE_ACCIDENT,TRUCK_ACCIDENT,NOT_PRIVATE_PROPERTY,ALCOHOL_INVOLVED,STWD_VEHTYPE_AT_FAULT,CHP_VEHTYPE_AT_FAULT,COUNT_SEVERE_INJ,COUNT_VISIBLE_INJ,COUNT_COMPLAINT_PAIN,COUNT_PED_KILLED,COUNT_PED_INJURED,COUNT_BICYCLIST_KILLED,COUNT_BICYCLIST_INJURED,COUNT_MC_KILLED,COUNT_MC_INJURED,PRIMARY_RAMP,SECONDARY_RAMP,LATITUDE,LONGITUDE,COUNTY,CITY,POINT_X,POINT_Y
90333792,2016,2016-11-30,9645,2016-11-18,1450,020180,,5,2,7,3711,0,1,1,,2,010,"I-8 W/B","MISSION GORGE RD",1584.00,E,N,A,-,Y,,,8,,,,,,W,Y,4,0,3,3,A,-,03,22350,,N,C,C,A,A,H,-,A,D,0,,,,,Y,Y,A,07,0,0,3,0,0,0,0,0,0,"- ","- ",32.780189999999997,-117.09584,"SAN DIEGO","SAN DIEGO",-117.09582705,32.78011498
90333846,2016,2016-11-30,9680,2016-11-16,1610,018801,,3,2,9,3700,0,3,5,,2,004,"OTAY LAKES RD",SR-94,1056.00,W,N,A,-,N,,,,,,,,,,Y,4,0,1,1,A,-,01,23152,A,N,E,I,A,A,H,-,A,A,0,,,Y,,Y,Y,C,02,0,0,1,0,0,0,0,0,1,"- ","- ",32.668120000000002,-116.82781,"SAN DIEGO",UNINCORPORATED,-116.827809,32.668052000000003
9033392,2019,2020-01-31,3702,2019-12-11,1315,CV1280,,3,5,6,3702,0,0,0,,0,023,"HILLTOP DR","QUINTARD ST",0.00,,Y,A,-,N,,,,,,,,,,Y,3,0,2,2,A,-,01,23152,A,N,D,C,A,A,H,-,A,A,0,,,,,Y,Y,A,07,0,1,1,0,0,0,0,0,0,"- ","- ",,,"SAN DIEGO","CHULA VISTA",-117.05281829833984,32.606731414794922
9033396,2019,2020-01-31,3702,2019-12-25,0215,CV1299,,3,5,6,3702,0,0,0,,0,013,"3RD ST","K ST",0.00,,Y,A,-,N,,,,,,,,,,Y,4,0,1,2,A,-,01,23152,B,M,D,D,A,B,H,-,C,A,0,,,,,Y,Y,A,01,0,0,1,0,0,0,0,0,0,"- ","- ",,,"SAN DIEGO","CHULA VISTA",-117.07314300537109,32.624038696289062
90334033,2016,2016-11-30,9650,2016-11-13,0517,015295,,7,3,9,3700,0,1,3,,1,028,"STATE ROUTE 76","AGUA TIBIA CREEK",2640.00,W,N,A,-,Y,,,76,,,,,,,Y,3,0,1,2,A,-,01,23152,A,N,A,C,A,A,H,-,D,D,0,,,,,Y,Y,A,01,0,1,0,0,0,0,0,0,0,"- ","- ",33.352379999999997,-117.02571,"SAN DIEGO",UNINCORPORATED,-117.02584113,33.352266100000001
90334092,2016,2016-11-30,9650,2016-11-20,0425,019191,,7,3,9,3700,0,1,3,,1,028,"SR-76 E/B","RICE CANYON RD",1376.00,W,N,B,-,Y,,,76,,,,,,E,Y,4,0,1,1,A,-,01,23152,A,N,E,I,A,A,H,-,D,D,0,,,,,Y,Y,A,01,0,0,1,0,0,0,0,0,0,"- ","- ",33.34131,-117.13715000000001,"SAN DIEGO",UNINCORPORATED,-117.13716694,33.341184839999997
90334116,2016,2016-12-01,9645,2016-11-01,2139,018149,,2,2,7,3711,0,1,1,,2,003,"I-5 N/B","2ND AVE. O/C",200.00,S,N,A,-,Y,,,5,,,,,,N,Y,4,0,1,1,A,-,01,23152,A,N,E,I,A,A,H,-,A,D,0,,,,,Y,Y,A,01,0,0,1,0,0,0,0,0,0,"- ","- ",32.722920000000002,-117.16257,"SAN DIEGO","SAN DIEGO",-117.1625726,32.722912350000001
90334122,2016,2016-12-01,9645,2016-11-01,2140,018149,,2,2,7,3711,0,1,1,,2,003,"I-5 N/B","2ND AVENUE O/C",90.00,S,N,A,-,Y,,,5,,,,,,N,Y,3,0,2,3,C,-,18,,,N,D,C,A,A,H,-,C,D,0,,,,,Y,Y,-,"- ",0,1,1,0,0,0,0,0,0,"- ","- ",32.722920000000002,-117.16257,"SAN DIEGO","SAN DIEGO",-117.1625726,32.722912350000001
90334598,2016,2016-12-01,9650,2016-07-24,1150,013696,,7,1,9,3700,0,3,5,,2,210,"DEER SPRINGS RD","SYCAMORE DR",528.00,N,N,A,-,N,,,,,,,,,,Y,1,1,1,2,A,-,01,23152,A,N,A,C,A,A,H,-,A,D,0,,,Y,,Y,Y,C,02,0,1,0,0,0,0,0,1,0,"- ","- ",33.188200000000002,-117.15123,"SAN DIEGO",UNINCORPORATED,-117.15143317,33.18778605
90334758,2016,2016-12-01,9650,2016-11-17,0330,016103,,4,3,5,3712,0,1,3,,2,019,"SR-78 W/B","WOODLAND PKY",545.00,W,N,A,-,Y,,,78,,,,,,W,Y,2,0,1,1,A,-,01,23152,A,N,E,I,A,A,H,-,D,D,0,,,,,Y,Y,A,01,1,0,0,0,0,0,0,0,0,"- ","- ",33.13926,-117.14294,"SAN DIEGO","SAN MARCOS",-117.14292091999999,33.139346379999999
90334864,2016,2016-12-01,9645,2016-11-17,1815,017270,,4,2,7,3711,0,1,1,,2,007,"I-5 N/B","GENESEE AVENUE",600.00,N,N,A,-,Y,,,,,,,,,,Y,4,0,2,3,A,-,03,22350,,N,C,C,A,A,H,-,D,D,0,,,,,Y,Y,D,22,0,0,2,0,0,0,0,0,0,"- ","- ",32.531999999999996,-117.1347,"SAN DIEGO","SAN DIEGO",-117.22754,32.887340000000002
90335374,2016,2016-12-02,9650,2016-11-20,0015,018386,,7,3,5,3713,0,1,3,,2,017,"SR-78 E/B","SYCAMORE AVE",528.00,E,N,A,-,Y,,,,,,,,,,Y,3,0,2,2,A,-,01,23152,A,N,B,C,A,A,H,-,C,D,0,,,,,Y,Y,A,01,0,1,1,0,0,0,0,0,0,"- ","- ",33.164209999999997,-117.21378,"SAN DIEGO",VISTA,-117.21377145,33.16586925
90335625,2016,2016-12-02,9645,2016-10-29,0220,020867,,6,3,7,3711,0,1,1,,2,001,"I-5 S/B TO DAIRY MART RD. OFF-RAMP","DAIRY MART RD.",5.00,N,N,A,-,Y,,,5,,,,R,,S,Y,4,0,1,1,A,-,01,23152,A,N,E,I,A,A,H,-,C,A,0,,,,,Y,Y,A,07,0,0,1,0,0,0,0,0,0,"- ","- ",32.557690000000001,-117.06243000000001,"SAN DIEGO","SAN DIEGO",-117.06243000000001,32.557690000000001
90336074,2016,2016-12-05,9645,2016-11-16,1944,020020,,3,2,7,3711,0,1,3,,2,002,"SR-905 W/B","ORO VISTA RD",155.00,E,N,A,-,Y,,,905,,,,,,W,Y,4,0,2,3,A,-,01,23152,A,N,C,C,A,A,H,-,E,D,0,,,,,Y,Y,D,22,0,0,2,0,0,0,0,0,0,"- ","- ",32.564399999999999,-117.07866,"SAN DIEGO","SAN DIEGO",-117.07866378999999,32.56437751
90336268,2016,2016-12-05,9680,2016-11-19,2330,020116,,6,3,5,3705,0,1,1,,2,081,"I-8 W/B TO W. MAIN ST.","W. MAIN ST",325.00,E,N,A,-,Y,,,8,,,,R,,W,Y,4,0,1,2,A,-,05,21651,B,N,B,C,A,A,H,-,D,A,0,,,,,Y,Y,D,22,0,0,1,0,0,0,0,0,0,"- ","- ",32.795430000000003,-116.97752,"SAN DIEGO","EL CAJON",-116.97752,32.795430000000003
90336386,2016,2016-12-05,9645,2016-11-16,0648,016766,,3,1,7,3711,0,1,1,,2,010,"I-8 E/B","MISSION CITY PARKWAY",382.00,W,N,A,-,Y,,,8,,,,,,E,Y,2,0,1,1,A,-,01,23152,A,N,E,I,A,A,H,-,A,D,0,,,,,Y,Y,A,01,1,0,0,0,0,0,0,0,0,"- ","- ",32.774500000000003,-117.125,"SAN DIEGO","SAN DIEGO",-117.12505353,32.774598609999998
90336399,2016,2016-12-05,9645,2016-11-13,2350,018652,,7,3,7,3711,0,1,3,,2,002,"N/B I-5 FROM W/B SR-905","IRIS AVE.",2112.00,S,N,A,-,Y,,,5,,,,R,,,Y,3,0,1,1,A,-,01,23152,A,N,E,I,A,A,H,-,C,D,0,,,,,Y,Y,A,01,0,1,0,0,0,0,0,0,0,"- ","- ",32.566870000000002,-117.07302,"SAN DIEGO","SAN DIEGO",-117.07302,32.566870000000002
90336604,2016,2016-12-05,9680,2016-11-23,0055,018672,,3,3,9,3700,0,1,3,,1,052,SR-78,"SUTHERLAND DAM RD",528.00,W,N,A,-,Y,,,78,,,,,,,Y,3,0,1,1,A,-,01,23152,A,N,F,A,A,A,H,-,D,D,0,,,,,Y,Y,A,07,0,1,0,0,0,0,0,0,0,"- ","- ",33.083739999999999,-116.79311,"SAN DIEGO",UNINCORPORATED,-116.79385360000001,33.083979380000002
90336680,2016,2016-12-05,9680,2016-11-19,2135,019384,,6,2,9,3700,0,3,5,,2,003,"SOUTH GRADE ROAD","SCENIC VIEW RD",119.00,W,N,A,-,N,,,,,,,,,,Y,3,0,1,1,A,-,01,23152,A,N,E,I,A,A,H,-,D,A,0,,,,,Y,Y,A,01,0,1,0,0,0,0,0,0,0,"- ","- ",32.826929999999997,-116.75443,"SAN DIEGO",UNINCORPORATED,-116.75440471,32.826944269999998
9033700,2020,2020-02-26,3710,2020-01-24,2035,OC0835,,5,5,6,3710,0,0,0,,0,030,"THUNDER DR","VISTA WY",278.00,N,N,A,-,N,,,,,,,,,,Y,2,0,3,3,A,-,01,23153,A,N,C,E,A,A,H,-,C,D,0,,,,,Y,Y,D,23,2,1,0,0,0,0,0,0,0,"- ","- ",,,"SAN DIEGO",OCEANSIDE,-117.28821563720703,33.184928894042969
90337001,2016,2016-12-05,9650,2016-11-23,1714,015446,,3,2,9,3700,0,3,5,,2,230,"DEL DIOS HIGHWAY","RANCHO DRIVE",4000.00,W,N,A,-,N,,,,,,,,,,Y,3,0,3,4,A,-,01,23152,A,F,A,C,A,A,H,-,D,D,0,,,,,Y,Y,A,01,0,2,1,0,0,0,0,0,0,"- ","- ",33.050879999999999,-117.12259,"SAN DIEGO",UNINCORPORATED,-117.12439999999999,33.06176
9033716,2019,2020-05-16,3710,2019-08-08,1630,OC1457,,4,5,6,3710,0,0,0,,0,025,"OCEANSIDE BL","RANCHO DEL ORO",100.00,E,N,A,-,N,,,,,,,,,,N,4,0,1,4,D,-,00,,,F,C,-,A,A,H,-,A,A,0,,,,,Y,Y,-,"- ",0,0,1,0,0,0,0,0,0,"- ","- ",,,"SAN DIEGO",OCEANSIDE,-117.31070709228516,33.20318603515625
90337225,2016,2016-12-05,9680,2016-11-26,2300,016435,,6,3,9,3700,0,1,3,,1,090,"SR-67 S/B","MOUNT WOODSON RD",2112.00,S,N,B,C,Y,,,67,,,,,,S,Y,4,0,1,1,A,-,03,22350,,N,F,A,A,B,H,-,D,D,0,,,,,Y,Y,D,22,0,0,1,0,0,0,0,0,0,"- ","- ",32.998750000000001,-116.96012,"SAN DIEGO",UNINCORPORATED,-116.96008752,32.99868438
90337532,2016,2016-12-06,9645,2016-11-07,1744,020541,,1,2,7,3711,0,1,1,,2,003,"I-5 S/B","PARK BLVD O/C",185.00,S,N,A,-,Y,,,5,,,,,,S,Y,4,0,1,4,A,-,01,23152,A,N,C,C,A,A,H,-,C,D,0,,,,,Y,Y,A,01,0,0,1,0,0,0,0,0,0,"- ","- ",32.723700000000001,-117.15085999999999,"SAN DIEGO","SAN DIEGO",-117.15083292,32.723762450000002
90339117,2016,2016-12-07,9645,2016-11-10,1300,013111,,4,1,7,3711,0,1,1,,2,015,"I-805 S/B FROM CARROLL CANYON RD HOV","CARROLL CANYON ROAD",137.00,S,N,A,-,Y,,,805,,,,R,,S,Y,3,0,2,2,A,-,01,23152,A,N,C,C,A,A,H,-,A,A,0,,,,,Y,Y,D,22,0,1,1,0,0,0,0,0,0,"- ","- ",32.887819999999998,-117.20365,"SAN DIEGO","SAN DIEGO",-117.20365,32.887819999999998
90339509,2016,2016-12-07,9680,2016-11-27,2145,016822,,7,2,9,3700,0,1,3,,1,091,SR-78,"WEEKEND VILLA ROAD",155.00,W,N,B,C,Y,,,78,,,,,,,Y,2,0,1,1,A,-,01,23152,A,N,E,I,A,B,H,-,D,D,0,,,,,Y,Y,A,01,1,0,0,0,0,0,0,0,0,"- ","- ",33.070360000000001,-116.88505000000001,"SAN DIEGO",UNINCORPORATED,-116.88506354,33.070199789999997
90339577,2016,2016-12-07,9645,2016-11-19,0043,020265,,6,3,9,3700,0,3,5,,2,018,"OTAY LAKES RD.","WUESTE RD.",39600.00,E,N,A,-,Y,,,,,,,,,,Y,2,0,1,1,A,-,01,23152,A,N,F,A,A,A,H,-,C,D,0,,,Y,,Y,Y,C,02,1,0,0,0,0,0,0,0,1,"- ","- ",32.64385,-116.87773,"SAN DIEGO",UNINCORPORATED,-116.84011563999999,32.659395029999999
90339614,2016,2016-12-07,9650,2016-11-25,1925,015830,,5,2,9,3700,0,2,4,,2,061,"E. MISSION RD","HAMILTON LN",705.00,W,N,A,-,Y,,,,,,,,,,Y,4,0,1,2,A,-,05,21460,A,N,B,C,A,A,H,-,D,D,0,,,,,Y,Y,D,22,0,0,1,0,0,0,0,0,0,"- ","- ",33.393720000000002,-117.20919000000001,"SAN DIEGO",UNINCORPORATED,-117.21671641,33.391579460000003
90339775,2016,2016-12-07,9645,2016-10-11,2334,013292,,2,3,5,3709,0,1,1,,2,001,"INTERSTATE 5 SOUTHBOUND","MILE OF CARS WAY U/C",1067.00,S,N,B,-,Y,,,5,,,,,,S,Y,1,1,0,3,A,-,00,21954,,F,G,B,E,A,H,-,C,D,0,Y,,,,Y,Y,N,60,0,0,0,1,0,0,0,0,0,"- ","- ",32.657249999999998,-117.10693999999999,"SAN DIEGO","NATIONAL CITY",-117.10702238,32.657214850000003
90340056,2016,2016-12-08,9650,2016-11-27,1745,016026,,7,2,6,3710,0,1,3,,2,017,"SR-78 E/B TO COLLEGE BLVD","COLLEGE BLVD.",120.00,W,N,B,-,Y,,,78,,,,R,,E,Y,4,0,3,3,A,-,01,23152,A,F,C,C,A,B,H,-,D,D,0,,,,,Y,Y,A,01,0,0,3,0,0,0,0,0,0,"- ","- ",33.182630000000003,-117.29732,"SAN DIEGO",OCEANSIDE,-117.29732,33.182630000000003
90341489,2016,2016-12-09,9680,2016-12-04,1330,017717,,7,1,9,3700,0,3,5,,2,001,"BLOSSOM VALLEY RD","LAKE JENNINGS PARK RD",325.00,E,N,A,-,N,,,,,,,,,,Y,3,0,1,1,A,-,01,23152,A,N,E,I,A,A,H,-,A,D,0,,,Y,,Y,Y,C,02,0,1,0,0,0,0,0,0,1,"- ","- ",32.845999999999997,-116.88137,"SAN DIEGO",UNINCORPORATED,-116.88159417,32.846242599999997
90341720,2016,2016-12-12,9650,2016-11-15,1513,016026,,2,2,9,3700,0,3,5,,2,190,"ROBELINI DR.","EL VALLE OPULENTO",184.00,S,N,A,-,N,,,,,,,,,,N,4,0,1,2,A,-,08,22107,,F,G,B,E,A,H,-,A,D,0,Y,,,,Y,Y,M,47,0,0,1,0,1,0,0,0,0,"- ","- ",33.171729999999997,-117.21062000000001,"SAN DIEGO",UNINCORPORATED,-117.21022717,33.172484939999997
90342116,2016,2016-12-12,9680,2016-11-26,2345,019490,,6,3,5,3708,0,1,1,,2,081,"I-8 W/B TO SR-125 N/B","MURRAY DR",320.00,N,N,B,C,Y,,,,,,,,,,Y,4,0,1,1,A,-,01,23152,A,N,E,I,A,B,H,-,C,D,0,,,,,Y,Y,A,08,0,0,1,0,0,0,0,0,0,"- ","- ",32.78107,-117.00432000000001,"SAN DIEGO","LA MESA",-117.00447679,32.78100268
90343824,2016,2016-12-13,9645,2016-12-10,0745,017473,,6,1,7,3711,0,1,1,,2,010,"I-8 E/B",I-805,1350.00,E,N,B,-,Y,,,8,,,,,,E,Y,3,0,2,2,A,-,01,23152,A,N,C,C,A,A,H,-,A,D,0,,,,,Y,Y,A,01,0,2,0,0,0,0,0,0,0,"- ","- ",32.773260000000001,-117.12769,"SAN DIEGO","SAN DIEGO",-117.12765329,32.773188210000001
90343990,2016,2016-12-13,9645,2016-12-01,0235,017671,,4,3,7,3711,0,1,1,,2,010,"I-8 W/B",SR-163,460.00,E,N,A,-,Y,,,8,,,,,,W,Y,3,0,1,1,A,-,01,23152,A,N,E,J,A,A,H,-,C,D,0,,,,,Y,Y,A,01,0,1,0,0,0,0,0,0,0,"- ","- ",32.763590000000001,-117.16164999999999,"SAN DIEGO","SAN DIEGO",-117.16162119000001,32.763510189999998
90344925,2016,2016-12-14,9650,2016-12-06,0250,013890,,2,3,9,3700,0,3,5,,2,010,"CRISTIANITOS RD.","AVE. PRESIDENTE",123.00,E,N,A,-,Y,,,,,,,,,,Y,3,0,1,1,A,-,01,23152,A,N,E,I,A,A,H,-,C,D,0,,,,,Y,Y,A,01,0,1,0,0,0,0,0,0,0,"- ","- ",33.394959999999998,-117.59368000000001,"SAN DIEGO",UNINCORPORATED,,
90345436,2016,2016-12-15,9645,2016-10-16,0124,020561,,7,3,7,3711,0,1,1,,2,021,"SR-15 S/B","WIGHTMAN ST.",1450.00,S,N,B,-,Y,,,15,,,,,,S,Y,3,0,2,2,A,-,01,23152,A,N,C,C,A,A,H,-,D,D,0,,,,,Y,Y,A,01,0,1,1,0,0,0,0,0,0,"- ","- ",32.743940000000002,-117.11047000000001,"SAN DIEGO","SAN DIEGO",-117.11054762000001,32.744011209999996
90345986,2016,2016-12-15,9680,2016-11-04,2000,018672,,5,2,9,3700,0,1,3,,1,051,SR-79,"CAMINO SAN IGNACIO RD",4752.00,N,N,A,-,Y,,,79,,,,,,,Y,1,1,3,1,A,-,01,23152,A,N,E,I,A,A,H,-,D,D,0,,,,,Y,Y,A,01,2,1,0,0,0,0,0,0,0,"- ","- ",33.286760000000001,-116.64427999999999,"SAN DIEGO",UNINCORPORATED,-116.64428427999999,33.286731400000001
90346184,2016,2016-12-15,9650,2016-12-08,2045,016516,,4,2,6,3706,0,1,1,,2,023,"I-15 N/B","VIA RANCHO PKY",100.00,N,N,A,-,Y,,,15,,,,,,N,N,4,0,2,2,A,-,03,22350,,F,C,C,A,A,H,-,D,D,0,,,,,Y,Y,A,08,0,0,2,0,0,0,0,0,0,"- ","- ",33.069780000000002,-117.06934,"SAN DIEGO",ESCONDIDO,-117.06932226000001,33.069782529999998
9034627,2019,2020-02-08,3706,2019-12-29,0219,473,,7,5,6,3706,0,0,0,,0,041,"LINCOLN AV","GAMBLE ST",61.00,E,N,A,B,N,,,,,,,,,,N,3,0,1,1,A,-,01,23152,A,N,E,I,A,A,H,-,C,D,0,,,,,Y,Y,-,,0,1,0,0,0,0,0,0,0,"- ","- ",33.135139465332031,-117.08196258544922,"SAN DIEGO",ESCONDIDO,-117.08210754394531,33.135242462158203
90346732,2016,2016-12-16,9650,2016-12-09,2340,020254,,5,3,9,3700,0,1,3,,1,028,"SR-76 W/B","MAGEE RD",7920.00,E,N,E,-,Y,,,76,,,,,,W,Y,3,0,1,1,A,-,01,23152,A,N,F,A,A,A,H,-,D,D,0,,,,,Y,Y,A,01,0,1,0,0,0,0,0,0,0,"- ","- ",33.35548,-117.03425,"SAN DIEGO",UNINCORPORATED,-117.03424916,33.355517040000002
90347030,2016,2016-12-16,9680,2016-10-30,0230,018279,,7,3,9,3700,0,3,5,,2,007,"SPLIT MOUNTAIN ROAD","STATE ROUTE 78",19008.00,S,N,A,-,N,,,,,,,,,,N,1,1,0,1,A,-,01,23152,A,N,E,I,A,A,H,-,C,A,0,,,Y,,Y,Y,C,02,0,0,0,0,0,0,0,1,0,"- ","- ",33.100700000000003,-116.11582,"SAN DIEGO",UNINCORPORATED,-116.11687771,33.101149730000003
90347216,2016,2016-12-19,9645,2016-12-05,1730,018428,,1,2,7,3711,0,1,1,,2,010,"I-8 E/B","PRESIDIO PARK O/C",200.00,W,N,A,-,Y,,,,,,,,,,N,4,0,1,2,A,-,03,22350,,M,C,C,A,A,H,-,C,D,0,,,,,Y,Y,A,08,0,0,1,0,0,0,0,0,0,"- ","- ",32.839840000000002,-117.22541,"SAN DIEGO","SAN DIEGO",,
90347960,2016,2016-12-19,9650,2016-12-05,0055,019308,,1,3,5,3782,0,1,1,,2,007,"I-5 N/B","SANTA FE DR",225.00,S,N,A,-,Y,,,5,,,,,,N,Y,3,0,1,2,A,-,01,23152,A,N,C,C,A,A,H,-,D,D,0,,,,,Y,Y,A,01,0,1,0,0,0,0,0,0,0,"- ","- ",33.035629999999998,-117.2808,"SAN DIEGO",ENCINITAS,-117.28085681,33.035592530000002
90348000,2016,2016-12-19,9650,2016-12-08,2004,017392,,4,2,9,3700,0,3,5,,2,006,"ELBROOK DR, 600 BLOCK","FALLBROOK ST",100.00,N,N,A,-,Y,,,,,,,,,,Y,3,0,1,2,A,-,01,23152,A,M,C,E,A,A,H,-,D,D,0,,,,,Y,Y,A,01,0,1,0,0,0,0,0,0,0,"- ","- ",33.378,-117.247,"SAN DIEGO",UNINCORPORATED,-117.24712128,33.376840469999998
90348273,2016,2016-12-19,9645,2016-10-05,0127,015698,,3,3,7,3711,0,1,1,,2,010,"INTERSTATE 8 (I-8) EASTBOUND (E/B)","I-15 S/B TO CAMINO DEL RIO SOUTH O/C",1292.00,W,N,B,-,Y,,,8,,,,,,E,Y,1,1,0,1,A,-,01,23152,A,N,E,I,A,A,H,-,D,D,0,,,,,Y,Y,D,22,0,0,0,0,0,0,0,0,0,"- ","- ",32.778129999999997,-117.11722,"SAN DIEGO","SAN DIEGO",-117.11723554,32.778228259999999
9034903,2019,2020-02-01,3700,2019-10-27,0217,SH0430,,7,5,4,3707,0,0,0,,0,702,"PALM AV","PALM AV 968",68.00,W,N,A,-,N,,,,,,,,,,Y,4,0,1,2,A,-,01,23152,A,N,C,E,A,A,H,-,C,D,0,,,,,Y,Y,A,01,0,0,1,0,0,0,0,0,0,"- ","- ",,,"SAN DIEGO","IMPERIAL BEACH",-117.11252593994141,32.583976745605469
9035037,2020,2020-10-16,3705,2020-01-19,2300,EC0371,,7,5,5,3705,0,0,0,,0,002,"N 2ND ST","E MADISON AV",0.00,,Y,A,-,N,,,,,,,,,,N,4,0,1,2,A,-,12,21453,A,M,G,B,B,A,H,-,C,A,0,Y,,,,Y,Y,-,,0,0,1,0,1,0,0,0,0,"- ","- ",,,"SAN DIEGO","EL CAJON",-116.93575286865234,32.800151824951172
90350629,2016,2016-12-21,9680,2016-12-13,2036,016981,,2,2,9,3700,0,3,5,,2,001,"MARILLA DR","WESTHILL RD",50.00,N,N,A,-,N,,,,,,,,,,Y,3,0,1,1,A,-,01,23152,A,N,E,I,A,A,H,-,D,A,0,,,,,Y,Y,A,01,0,1,0,0,0,0,0,0,0,"- ","- ",32.846530000000001,-116.94184,"SAN DIEGO",UNINCORPORATED,-116.94173591000001,32.846474749999999
9035119,2019,2020-07-09,3703,2019-09-25,2245,1381,,3,5,3,3703,0,0,0,,0,003,"ORANGE AV","C AV",0.00,,Y,A,-,Y,SD,11,75,-,-,18.823,I,5,N,N,3,0,1,2,A,-,11,21954,A,N,G,B,E,A,H,-,C,A,0,Y,,,,Y,Y,N,60,0,1,0,0,1,0,0,0,0,"- ","- ",,,"SAN DIEGO",CORONADO,-117.17919921875,32.684547424316406
90352041,2016,2016-12-27,9680,2016-12-14,1815,018427,,3,2,9,3700,0,2,4,,1,026,"JAMACHA BLVD","SACRAMENTO AVE",0.00,,Y,A,-,N,,,,,,,,,,N,3,0,1,2,A,-,10,21950,A,N,G,B,B,A,H,-,C,D,0,Y,,,,Y,Y,D,22,0,1,0,0,1,0,0,0,0,"- ","- ",32.707940000000001,-116.99874,"SAN DIEGO",UNINCORPORATED,-116.99877011,32.707880029999998
90352233,2016,2016-12-27,9680,2016-12-11,1145,014949,,7,1,9,3700,0,1,3,,1,040,SR-94,"HARRIS RANCH RD",16368.00,E,N,A,-,Y,,,94,,,,,,,Y,2,0,3,3,A,-,01,23152,A,N,A,C,A,A,H,-,A,D,0,,,Y,,Y,Y,D,22,1,2,0,0,0,0,0,0,2,"- ","- ",32.595309999999998,-116.52964,"SAN DIEGO",UNINCORPORATED,-116.52963953,32.595312329999999
90352991,2016,2016-12-27,9645,2016-12-12,0236,020479,,1,3,7,3711,0,1,1,,2,019,"I-15 N/B","CARMEL MNT RD",550.00,N,N,A,-,Y,,,,,,,,,,Y,3,0,1,2,A,-,01,23152,A,N,C,C,A,A,H,-,C,D,0,,,,,Y,Y,A,01,0,1,0,0,0,0,0,0,0,"- ","- ",32.981020000000001,-117.08973,"SAN DIEGO","SAN DIEGO",-117.08523378,32.980261460000001
9035308,2020,2020-11-04,3711,2020-02-11,1913,SD5999,,2,5,7,3711,0,0,0,,0,443,"OSBURNE ST","OSBURNE ST 2100",40.00,S,N,A,-,Y,SD,11,5,-,R,11.868,R,4,N,Y,4,0,2,2,A,-,09,21803,A,N,B,C,A,A,H,-,C,D,0,,,,,Y,Y,-,,0,0,2,0,0,0,0,0,0,"- ","- ",,,"SAN DIEGO","SAN DIEGO",-117.11210632324219,32.685150146484375
90353112,2016,2016-12-27,9680,2016-12-08,1425,018801,,4,2,9,3700,0,1,3,,1,024,SR-94,"VISTA DIEGO ROAD",1056.00,W,N,A,-,Y,,,94,,,,,,,Y,3,0,4,2,A,-,01,23152,A,N,B,C,A,A,H,-,A,D,0,,,,,Y,Y,A,01,0,1,3,0,0,0,0,0,0,"- ","- ",32.721429999999998,-116.88388999999999,"SAN DIEGO",UNINCORPORATED,-116.88374546999999,32.721721449999997
90353138,2016,2016-12-27,9680,2016-12-16,1745,017928,,5,2,9,3700,0,2,4,,1,094,"WILDCAT CANYON RD","SAN VICENTE RD",10032.00,S,N,B,-,N,,,,,,,,,,Y,2,0,2,2,A,-,01,23152,A,N,A,C,A,B,H,-,D,A,0,,,,,Y,Y,D,22,2,0,0,0,0,0,0,0,0,"- ","- ",32.982010000000002,-116.83214,"SAN DIEGO",UNINCORPORATED,-116.83202561,32.98195699