CASE_ID,ACCIDENT_YEAR,PROC_DATE,JURIS,COLLISION_DATE,COLLISION_TIME,OFFICER_ID,REPORTING_DISTRICT,DAY_OF_WEEK,CHP_SHIFT,POPULATION,CNTY_CITY_LOC,SPECIAL_COND,BEAT_TYPE,CHP_BEAT_TYPE,CITY_DIVISION_LAPD,CHP_BEAT_CLASS,BEAT_NUMBER,PRIMARY_RD,SECONDARY_RD,DISTANCE,DIRECTION,INTERSECTION,WEATHER_1,WEATHER_2,STATE_HWY_IND,CALTRANS_COUNTY,CALTRANS_DISTRICT,STATE_ROUTE,ROUTE_SUFFIX,POSTMILE_PREFIX,POSTMILE,LOCATION_TYPE,RAMP_INTERSECTION,SIDE_OF_HWY,TOW_AWAY,COLLISION_SEVERITY,NUMBER_KILLED,NUMBER_INJURED,PARTY_COUNT,PRIMARY_COLL_FACTOR,PCF_CODE_OF_VIOL,PCF_VIOL_CATEGORY,PCF_VIOLATION,PCF_VIOL_SUBSECTION,HIT_AND_RUN,TYPE_OF_COLLISION,MVIW,PED_ACTION,ROAD_SURFACE,ROAD_COND_1,ROAD_COND_2,LIGHTING,CONTROL_DEVICE,CHP_ROAD_TYPE,PEDESTRIAN_ACCIDENT,BICYCLE_ACCIDENT,MOTORCYCLE_ACCIDENT,TRUCK_ACCIDENT,NOT_PRIVATE_PROPERTY,ALCOHOL_INVOLVED,STWD_VEHTYPE_AT_FAULT,CHP_VEHTYPE_AT_FAULT,COUNT_SEVERE_INJ,COUNT_VISIBLE_INJ,COUNT_COMPLAINT_PAIN,COUNT_PED_KILLED,COUNT_PED_INJURED,COUNT_BICYCLIST_KILLED,COUNT_BICYCLIST_INJURED,COUNT_MC_KILLED,COUNT_MC_INJURED,PRIMARY_RAMP,SECONDARY_RAMP,LATITUDE,LONGITUDE,COUNTY,CITY,POINT_X,POINT_Y
9039836,2019,2020-02-18,3706,2019-11-13,1940,471,ESCON,3,5,6,3706,0,0,0,,0,044,"VALLEY PKWY","ROSE ST",0.00,,Y,A,-,N,,,,,,,,,,N,4,0,1,2,D,-,00,,,F,G,B,B,A,H,-,C,A,0,Y,,,,Y,Y,-,"- ",0,0,1,0,1,0,0,0,0,"- ","- ",33.133899688720703,-117.05954742431641,"SAN DIEGO",ESCONDIDO,-117.05947875976562,33.133968353271484
9039840,2019,2020-02-18,3706,2019-11-27,1902,531,ESCON,3,5,6,3706,0,0,0,,0,042,"HICKORY ST","WASHINGTON AV",498.00,S,N,C,-,N,,,,,,,,,,N,3,0,1,2,A,-,11,21954,A,N,G,B,D,B,H,-,C,A,0,Y,,,,Y,Y,N,60,0,1,0,0,1,0,0,0,0,"- ","- ",,,"SAN DIEGO",ESCONDIDO,-117.07764434814453,33.127460479736328
90398797,2017,2017-02-23,9680,2017-02-20,1655,019270,,1,2,5,3708,0,1,1,,2,081,"I-8 E/B","EL CAJON BLVD",300.00,E,N,A,-,Y,,,8,,,,,,E,Y,3,0,3,3,A,-,03,22350,,N,C,C,A,A,H,-,A,D,0,,,,,Y,Y,A,01,0,1,2,0,0,0,0,0,0,"- ","- ",32.770449999999997,-117.02213999999999,"SAN DIEGO","LA MESA",-117.02216227,32.770810969999999
90399147,2017,2017-02-23,9645,2017-02-10,0555,014461,,5,3,7,3711,0,1,1,,2,015,"I-805 NORTHBOUND","SR-52 E/B",2640.00,S,N,E,-,Y,,,805,,,,,,N,Y,3,0,1,3,A,-,07,21658,A,F,C,C,A,A,H,-,D,D,0,,,Y,,Y,Y,A,01,0,1,0,0,0,0,0,0,1,"- ","- ",32.841090000000001,-117.17402,"SAN DIEGO","SAN DIEGO",-117.17406674999999,32.841062600000001
90399606,2017,2017-02-24,9680,2017-02-12,1800,017717,,7,2,9,3700,0,1,3,,1,017,"SR-67 N/B","SCRIPPS POWAY PKY",605.00,S,N,A,-,Y,,,67,,,,,,N,Y,3,0,2,2,A,-,01,23152,A,F,C,C,A,A,H,-,D,A,0,,,,,Y,Y,D,22,0,1,1,0,0,0,0,0,0,"- ","- ",32.953710000000001,-116.96819000000001,"SAN DIEGO",UNINCORPORATED,-116.96823826000001,32.953676969999997
90399725,2017,2017-02-24,9680,2017-02-18,1720,018583,,6,2,5,3705,0,1,1,,2,082,"SR-67 N/B TO I-8 E/B","BALLANTYNE ST",580.00,W,N,B,C,Y,,,67,,,,R,,N,Y,3,0,2,2,A,-,01,23152,A,F,E,I,A,B,H,-,A,D,0,,,,,Y,Y,D,22,0,2,0,0,0,0,0,0,0,"- ","- ",32.802819999999997,-116.95984,"SAN DIEGO","EL CAJON",-116.95984,32.802819999999997
90399912,2017,2017-02-27,9645,2017-02-10,2145,020867,,5,2,7,3711,0,1,1,,2,010,"I-8 E/B FROM TEXAS ST.","TEXAS ST. O/C",522.00,E,N,A,-,Y,,,8,,,,R,,E,Y,2,0,1,1,A,-,01,23152,A,N,F,A,A,A,H,-,C,D,0,,,Y,,Y,Y,C,02,1,0,0,0,0,0,0,0,1,"- ","- ",32.769970000000001,-117.13852,"SAN DIEGO","SAN DIEGO",-117.13852,32.769970000000001
90400069,2017,2017-04-18,9650,2017-02-13,0236,018496,,1,3,9,3700,0,1,1,,2,003,"I-5 S/B","COCKLEBURR ROAD",4488.00,N,N,A,-,Y,,,5,,,,,,S,Y,2,0,4,2,A,-,01,23152,A,N,A,C,A,A,H,-,D,D,0,,,,,Y,Y,A,01,1,1,2,0,0,0,0,0,0,"- ","- ",33.263770000000001,-117.43116000000001,"SAN DIEGO",UNINCORPORATED,-117.43119527,33.263742049999998
90400170,2017,2017-02-27,9650,2017-02-19,1418,015446,,7,2,9,3700,0,1,3,,2,025,"SR-78 (SAN PASQUAL VALLEY ROAD)","17TH AVENUE",20.00,S,N,A,-,Y,,,78,,,,,,,Y,4,0,2,2,A,-,01,23152,A,N,C,C,A,A,H,-,A,A,0,,,,,Y,Y,A,01,0,0,2,0,0,0,0,0,0,"- ","- ",33.111429999999999,-117.05645,"SAN DIEGO",UNINCORPORATED,-117.05643043000001,33.111446600000001
90400200,2017,2017-02-27,9650,2017-02-18,2337,020588,,6,3,6,3706,0,1,1,,2,023,"I-15 N/B (ESCONDIDO FWY.)","VALLEY PKY",19.00,N,N,C,-,Y,,,15,,,,,,N,Y,2,0,1,2,A,-,01,23152,A,N,C,C,A,B,H,-,C,D,0,,,,,Y,Y,A,08,1,0,0,0,0,0,0,0,0,"- ","- ",33.115940000000002,-117.0988,"SAN DIEGO",ESCONDIDO,-117.09907914,33.115777919999999
9040040,2020,2020-03-03,3711,2020-01-16,2000,SD78668,,4,5,7,3711,0,0,0,,0,521,"PARK BL","PARK BL 1200",0.00,,Y,B,-,N,,,,,,,,,,N,3,0,1,2,A,-,12,21453,A,N,D,C,A,A,H,-,C,A,0,,,,,Y,Y,A,01,0,1,0,0,0,0,0,0,0,"- ","- ",,,"SAN DIEGO","SAN DIEGO",,
90400420,2016,2017-02-27,9645,2016-12-26,0248,018652,,1,3,7,3711,0,1,1,,2,021,"SR-15 N/B","UNIVERSITY AVE. O/C",1200.00,S,N,B,-,Y,,,15,,,,,,N,Y,4,0,1,1,A,-,01,23152,A,N,E,J,A,A,H,-,C,D,0,,,,,Y,Y,A,01,0,0,1,0,0,0,0,0,0,"- ","- ",32.743400000000001,-117.11038000000001,"SAN DIEGO","SAN DIEGO",-117.11066483,32.74365435
90400647,2017,2017-02-27,9650,2017-02-18,0440,020343,,6,3,9,3700,0,1,1,,2,003,"I-5 S/B","COCKLEBURR RD",150.00,S,N,C,-,Y,,,5,,,,,,S,Y,3,0,1,2,A,-,01,23152,A,M,C,C,A,B,H,-,D,D,0,,,,Y,Y,Y,A,07,0,1,0,0,0,0,0,0,0,"- ","- ",33.253279999999997,-117.42296,"SAN DIEGO",UNINCORPORATED,-117.42292632,33.253306889999998
90400765,2017,2017-02-27,9650,2017-02-19,0240,013890,,7,3,5,3701,0,1,1,,2,005,"I-5 N/B","AGUA HEDIONDA CREEK",312.00,N,N,B,-,Y,,,5,,,,,,N,Y,2,0,3,1,A,-,01,23152,A,N,E,I,A,A,H,-,D,D,0,,,,,Y,Y,A,01,2,1,0,0,0,0,0,0,0,"- ","- ",33.143639999999998,-117.3338,"SAN DIEGO",CARLSBAD,-117.33338375,33.143675109999997
90401256,2017,2017-02-28,9645,2017-02-18,0256,020265,,6,3,7,3711,0,1,3,,2,006,"SR-94 E/B","I-5 FREEWAY",100.00,E,N,C,-,Y,,,94,,,,,,E,N,4,0,1,2,A,-,11,21954,A,N,G,B,E,B,H,-,C,D,0,Y,,,,Y,Y,N,60,0,0,1,0,1,0,0,0,0,"- ","- ",32.712949999999999,-117.14694,"SAN DIEGO","SAN DIEGO",-117.14693248,32.712907989999998
9040130,2019,2020-02-20,3700,2019-12-07,2230,0289,,6,5,5,3782,0,0,0,,0,215,"VIA MORELLA","VIA MOLENA",43.00,S,N,B,-,N,,,,,,,,,,Y,2,0,1,2,A,-,01,23153,A,F,E,G,A,B,H,-,C,D,0,,Y,,,Y,Y,D,22,1,0,0,0,0,0,1,0,0,"- ","- ",,,"SAN DIEGO",ENCINITAS,-117.26593780517578,33.048305511474609
90401401,2017,2017-02-28,9645,2017-02-11,1744,020066,,6,2,7,3711,0,1,1,,2,005,"I-5 N/B","GARNET AVE.",1943.00,S,N,B,-,Y,,,5,,,,,,N,Y,3,0,2,3,A,-,01,23152,A,N,C,C,A,A,H,-,D,D,0,,,,,Y,Y,A,07,0,1,1,0,0,0,0,0,0,"- ","- ",32.802210000000002,-117.21259000000001,"SAN DIEGO","SAN DIEGO",-117.2124439,32.802293400000003
90401492,2016,2017-02-28,9645,2016-11-04,2211,018987,,5,3,7,3711,0,1,1,,2,005,"I-5 NORTHBOUND","BALBOA AVENUE U/C",528.00,S,N,B,E,Y,,,5,,,,,,N,Y,1,1,1,2,A,-,01,23152,A,N,A,C,A,A,H,-,D,D,0,,,,,Y,Y,A,01,1,0,0,0,0,0,0,0,0,"- ","- ",32.80545,-117.21465000000001,"SAN DIEGO","SAN DIEGO",-117.21461057,32.805480879999998
9040150,2019,2020-02-18,3700,2019-12-31,2304,7709,,2,5,5,3782,0,0,0,,0,221,"S COAST HWY 101","F ST",479.00,S,N,A,-,N,,,,,,,,,,Y,3,0,1,2,A,-,01,23152,G,M,B,C,A,A,H,-,C,A,0,,,,,Y,Y,A,01,0,1,0,0,0,0,0,0,0,"- ","- ",,,"SAN DIEGO",ENCINITAS,-117.29331970214844,33.042037963867188
9040259,2019,2020-02-12,3700,2019-12-29,2335,SH0595,,7,5,5,3782,0,0,0,,0,241,"CHESTERFIELD DR","OXFORD AV",70.00,E,N,B,-,N,,,,,,,,,,Y,3,0,1,2,A,-,01,23153,A,N,C,E,A,A,H,-,C,D,0,,,,,Y,Y,A,01,0,1,0,0,0,0,0,0,0,"- ","- ",,,"SAN DIEGO",ENCINITAS,-117.27796173095703,33.021289825439453
9040271,2019,2020-02-13,3700,2019-12-20,2115,SH0289,,5,5,5,3782,0,0,0,,0,241,"SANTA FE DR","DEVONSHIRE DR",0.00,,Y,B,-,N,,,,,,,,,,Y,2,0,2,1,A,-,01,23152,A,N,E,I,A,A,H,-,C,A,0,,,,,Y,Y,A,01,1,0,1,0,0,0,0,0,0,"- ","- ",,,"SAN DIEGO",ENCINITAS,-117.285888671875,33.036319732666016
9040275,2019,2020-02-13,3700,2019-12-17,0051,SH0595,,2,5,5,3782,0,0,0,,0,222,"GARDENA RD","GARDENA RD  1135",0.00,,Y,B,-,N,,,,,,,,,,Y,4,0,1,2,A,-,01,23152,A,N,C,E,A,A,H,-,C,D,0,,,,,Y,Y,A,01,0,0,1,0,0,0,0,0,0,"- ","- ",,,"SAN DIEGO",ENCINITAS,-117.27936099999999,33.037384000000003
9040291,2019,2020-02-13,3700,2019-12-21,1202,SH0084,,6,5,2,3704,0,0,0,,0,294,"CAMINO DEL MAR","15TH ST",0.00,,Y,A,-,N,,,,,,,,,,N,3,0,1,2,A,-,06,21755,A,N,D,G,A,A,H,-,A,A,0,,Y,,,Y,Y,L,04,0,1,0,0,0,0,1,0,0,"- ","- ",,,"SAN DIEGO","DEL MAR",-117.26534271240234,32.959598541259766
9040296,2020,2020-02-27,3711,2020-01-19,0003,SD5968,,7,5,7,3711,0,0,0,,0,831,"EUCLID AV","TROJAN AV",18.00,S,N,A,-,N,,,,,,,,,,N,4,0,1,3,A,-,11,21954,A,M,B,B,E,A,H,-,C,A,0,Y,,,,Y,Y,N,60,0,0,1,0,1,0,0,0,0,"- ","- ",,,"SAN DIEGO","SAN DIEGO",-117.09222412109375,32.754901885986328
90403223,2017,2017-03-01,9645,2017-02-25,0202,020480,,6,3,7,3711,0,1,1,,2,011,"I-805 S/B","UNIVERSITY AVE OC",215.00,S,N,A,-,Y,,,805,,,,,,S,Y,3,0,1,1,A,-,01,23152,A,N,E,I,A,A,H,-,C,D,0,,,,,Y,Y,D,22,0,1,0,0,0,0,0,0,0,"- ","- ",32.742739999999998,-117.11799999999999,"SAN DIEGO","SAN DIEGO",-117.11787097,32.742840739999998
9040344,2020,2020-02-28,3711,2020-01-28,1613,SD7373,,2,5,7,3711,0,0,0,,0,112,"MOUNT HERBERT AV","MOUNT KING DR",100.00,S,N,A,-,N,,,,,,,,,,N,4,0,1,2,A,-,05,21650,,M,C,E,A,A,H,-,A,D,0,,,,Y,Y,Y,F,26,0,0,1,0,0,0,0,0,0,"- ","- ",,,"SAN DIEGO","SAN DIEGO",-117.19422149658203,32.823352813720703
9040348,2020,2020-02-27,3711,2020-01-26,1415,8377,,7,5,7,3711,0,0,0,,0,518,"CEDAR ST","33RD ST",34.00,W,N,A,-,N,,,,,,,,,,Y,4,0,1,3,A,-,08,22107,,M,A,E,A,A,H,-,A,D,0,,,,,Y,Y,A,01,0,0,1,0,0,0,0,0,0,"- ","- ",,,"SAN DIEGO","SAN DIEGO",-117.12370300292969,32.722312927246094
90403776,2017,2017-03-01,9650,2017-02-25,2043,016516,,6,2,9,3700,0,1,3,,2,065,SR-76,"GIRD RD",150.00,W,N,B,-,Y,,,,,,,,,,Y,4,0,2,3,A,-,01,23152,A,F,C,C,A,A,H,-,D,D,0,,,Y,,Y,Y,A,01,0,0,2,0,0,0,0,0,0,"- ","- ",33.339799999999997,-117.1957,"SAN DIEGO",UNINCORPORATED,-117.19566374,33.315310699999998
90403803,2017,2017-03-01,9650,2017-02-22,1559,015503,,3,2,6,3710,0,1,1,,2,005,"I-5 S/B TO MISSION AVENUE","FOURTH STREET",80.00,N,N,B,-,Y,,,5,,,,R,,S,Y,2,0,1,1,A,-,01,23152,A,N,E,I,A,A,H,-,A,D,0,,,,,Y,Y,D,22,1,0,0,0,0,0,0,0,0,"- ","- ",33.201160000000002,-117.37538000000001,"SAN DIEGO",OCEANSIDE,-117.37538000000001,33.201160000000002
90405079,2017,2017-03-03,9645,2017-02-18,1113,017723,,6,1,7,3711,0,1,1,,2,021,"SR-15 N/B TO SR-94 W/B",SR-15,35.00,E,N,B,-,Y,,,15,,,,R,,N,Y,4,0,2,1,A,-,01,23152,A,N,E,I,A,A,H,-,A,A,0,,,,,Y,Y,D,22,0,0,2,0,0,0,0,0,0,"- ","- ",32.717799999999997,-117.1177,"SAN DIEGO","SAN DIEGO",-117.1177,32.717799999999997
90405336,2017,2017-03-03,9680,2017-03-01,0240,021501,,3,3,9,3700,0,2,4,,1,020,"FUERTE DR","SUNSET AVE",20.00,E,N,A,-,N,,,,,,,,,,Y,4,0,1,1,A,-,01,23152,A,N,E,I,A,B,H,-,C,D,0,,,,,Y,Y,A,01,0,0,1,0,0,0,0,0,0,"- ","- ",32.775100000000002,-116.98491,"SAN DIEGO",UNINCORPORATED,-116.98529524999999,32.775037179999998
90405531,2017,2017-03-03,9680,2017-01-25,1855,014949,,3,2,9,3700,0,3,5,,2,006,"BUCKMAN SPRINGS RD","LAKE MORENA DR",40.00,S,N,A,-,N,,,,,,,,,,Y,1,2,1,1,A,-,01,23152,,N,E,I,A,A,H,-,D,A,0,,,,,Y,Y,A,01,0,1,0,0,0,0,0,0,0,"- ","- ",32.645220000000002,-116.48703,"SAN DIEGO",UNINCORPORATED,-116.48713445,32.645582679999997
9040564,2020,2020-02-24,3711,2020-01-30,1815,SD6642,,4,5,7,3711,0,0,0,,0,313,"CONVOY ST","OSTROW ST",400.00,N,N,A,-,N,,,,,,,,,,Y,4,0,1,2,A,-,08,22107,,N,C,E,A,A,H,-,C,A,0,,,,,Y,Y,A,01,0,0,1,0,0,0,0,0,0,"- ","- ",,,"SAN DIEGO","SAN DIEGO",-117.15316009521484,32.814510345458984
9040575,2020,2020-02-24,3711,2020-01-10,0630,SD6915,,5,5,7,3711,0,0,0,,0,511,"MAIN ST","SAMPSON ST",3.00,W,N,A,-,N,,,,,,,,,,N,4,0,1,2,A,-,12,22450,A,M,B,G,A,A,H,-,A,A,0,,Y,,,Y,Y,-,,0,0,1,0,0,0,1,0,0,"- ","- ",,,"SAN DIEGO","SAN DIEGO",-117.14167022705078,32.695606231689453
9040587,2020,2020-03-17,3711,2020-01-16,1933,SD7427,,4,5,7,3711,0,0,0,,0,315,"CAMINO DEL RIO N","CAMINO DEL RIO N 1288",0.00,,N,A,-,N,,,,,,,,,,Y,3,0,2,2,A,-,09,21802,A,N,D,C,A,A,H,-,C,A,0,,,Y,,Y,Y,A,01,0,1,1,0,0,0,0,0,1,"- ","- ",,,"SAN DIEGO","SAN DIEGO",,
9040631,2020,2020-03-05,3711,2020-01-25,2200,SD7935,,6,5,7,3711,0,0,0,,0,122,"GARNET AV","MISSION BAY BL",0.00,,Y,A,-,N,,,,,,,,,,Y,3,0,1,2,A,-,12,21453,A,N,B,C,A,A,H,-,C,A,0,,,Y,,Y,Y,C,03,0,1,0,0,0,0,0,0,1,"- ","- ",,,"SAN DIEGO","SAN DIEGO",-117.21897125244141,32.806148529052734
9040639,2020,2020-02-24,3711,2020-01-28,1845,SD5939,,2,5,7,3711,0,0,0,,0,233,"RANCHO PENASQUITOS BL","PASEO MONTRIL",270.00,W,N,A,-,N,,,,,,,,,,N,3,0,1,2,A,-,00,22351,,N,C,C,A,A,H,-,C,D,0,,,,,Y,Y,A,01,0,1,0,0,0,0,0,0,0,"- ","- ",,,"SAN DIEGO","SAN DIEGO",-117.10808563232422,32.952388763427734
90406636,2017,2017-03-06,9650,2017-02-24,1705,019126,,5,2,9,3700,0,2,4,,1,027,"VALLEY CENTER RD","SUNSET RD",400.00,W,N,A,-,N,,,,,,,,,,Y,3,0,2,2,A,-,01,23152,A,N,D,C,A,A,H,-,A,D,0,,,,,Y,Y,A,01,0,1,1,0,0,0,0,0,0,"- ","- ",33.228230000000003,-116.9808,"SAN DIEGO",UNINCORPORATED,-116.98142329,33.228226419999999
90406771,2017,2017-03-07,9650,2017-02-26,0157,020343,,7,3,9,3700,0,2,4,,1,027,"VALLEY CENTER ROAD","MILLER RD",912.00,S,N,A,-,N,,,,,,,,,,Y,3,0,1,1,A,-,01,23152,A,N,E,I,A,A,H,-,E,D,0,,,,,Y,Y,A,01,0,1,0,0,0,0,0,0,0,"- ","- ",33.230539999999998,-117.03592,"SAN DIEGO",UNINCORPORATED,-117.03591037,33.23044015
90407599,2017,2017-03-07,9645,2017-01-22,1350,018095,,7,1,7,3711,0,1,1,,2,017,"I-15 N/B","CARROLL CNYN. RD.",220.00,S,N,A,-,Y,,,15,,,,,,N,Y,3,0,1,1,A,-,01,23152,A,F,E,J,A,A,H,-,A,D,0,,,,,Y,Y,A,01,0,1,0,0,0,0,0,0,0,"- ","- ",32.902810000000002,-117.11631,"SAN DIEGO","SAN DIEGO",-117.11619259,32.90281418
90407913,2017,2017-03-08,9645,2017-02-24,2220,019410,,5,3,7,3711,0,1,1,,2,010,"I-8 W/B","WARING RD. U/C",1200.00,E,N,A,-,Y,,,8,,,,,,W,Y,4,0,1,2,A,-,01,23153,A,F,C,C,A,A,H,-,C,D,0,,,,,Y,Y,A,07,0,0,1,0,0,0,0,0,0,"- ","- ",32.780540000000002,-117.08162,"SAN DIEGO","SAN DIEGO",-117.08161449000001,32.780571369999997
90407937,2017,2017-03-08,9645,2017-02-26,2143,019410,,7,2,7,3711,0,1,1,,2,017,"I-15 S/B",SR-52,1100.00,N,N,B,C,Y,,,15,,,,,,S,Y,4,0,1,2,A,-,07,21658,A,N,B,C,A,B,H,-,C,D,0,,,,,Y,Y,A,01,0,0,1,0,0,0,0,0,0,"- ","- ",32.845439999999996,-117.11870999999999,"SAN DIEGO","SAN DIEGO",-117.11885392000001,32.845533529999997
9040817,2019,2020-02-06,3702,2019-12-10,0017,CV1018,,2,5,6,3702,0,0,0,,0,031,"EAST H ST","PASEO DEL REY",0.00,,Y,A,-,N,,,,,,,,,,Y,3,0,3,2,A,-,01,23153,A,N,D,C,A,A,H,-,C,A,0,,,,,Y,Y,A,07,0,1,2,0,0,0,0,0,0,"- ","- ",,,"SAN DIEGO","CHULA VISTA",-117.02928161621094,32.636020660400391
90408257,2017,2017-03-08,9680,2017-03-01,2047,020738,,3,2,5,3705,0,1,1,,2,082,"I-8 WESTBOUND","BALLANTYNE ST",165.00,E,N,B,-,Y,,,8,,,,,,W,Y,3,0,1,1,A,-,01,23152,A,N,E,I,A,A,H,-,C,D,0,,,,,Y,Y,A,07,0,1,0,0,0,0,0,0,0,"- ","- ",32.803249999999998,-116.9575,"SAN DIEGO","EL CAJON",-116.95749936,32.803125090000002
9040829,2019,2020-02-06,3702,2019-12-23,0109,CV1322,,1,5,6,3702,0,0,0,,0,032,"MECKENZIE CREEK RD","MECKENZIE CREEK RD  2200",75.00,W,N,A,-,N,,,,,,,,,,Y,3,0,2,5,A,-,01,23153,B,F,B,E,A,A,H,-,C,D,0,,,,,Y,Y,A,07,0,2,0,0,0,0,0,0,0,"- ","- ",,,"SAN DIEGO","CHULA VISTA",,
90408653,2017,2017-03-08,9680,2017-03-06,0435,017460,,1,3,9,3700,0,1,1,,2,086,"I-8 (W/B)","KITCHEN CREEK ROAD",313.00,E,N,A,-,Y,,,8,,,,,,,Y,4,0,1,1,A,-,00,22017,,N,F,A,A,A,H,-,D,D,0,,,,,Y,Y,A,01,0,0,1,0,0,0,0,0,0,"- ","- ",32.718559999999997,-116.46899000000001,"SAN DIEGO",UNINCORPORATED,-116.46900929,32.71845442
90408954,2017,2017-03-09,9680,2017-03-03,1610,018583,,5,2,9,3700,0,1,3,,2,028,"SR-125 N/B TO JAMACHA BLVD","JAMACHA BLVD",859.00,S,N,A,-,Y,,,125,,,,R,,N,Y,3,0,1,1,A,-,01,23152,A,N,E,I,A,A,H,-,A,D,0,,,,,Y,Y,A,01,0,1,0,0,0,0,0,0,0,"- ","- ",32.702199999999998,-117.0106,"SAN DIEGO",UNINCORPORATED,-117.0106,32.702199999999998
90409558,2017,2017-03-09,9680,2017-01-01,0130,019867,,7,3,9,3700,0,1,3,,2,027,"SR-94 E/B","KENWOOD DR",1234.00,E,N,B,-,Y,,,94,,,,,,E,N,1,1,0,2,A,-,11,21956,A,F,G,B,E,B,H,-,C,D,0,Y,,,,Y,Y,N,60,0,0,0,1,0,0,0,0,0,"- ","- ",32.745019999999997,-116.98629,"SAN DIEGO",UNINCORPORATED,-116.98629373,32.745009719999999
90409651,2017,2017-03-09,9650,2017-02-25,2158,018383,,6,2,9,3700,0,3,5,,2,171,"SUNSET DR. (1600 BLOCK)","RIDGE RD.",102.00,W,N,B,-,N,,,,,,,,,,Y,3,0,1,1,A,-,01,23152,A,N,E,I,A,A,H,-,C,D,0,,,,,Y,Y,A,07,0,1,0,0,0,0,0,0,0,"- ","- ",33.181159999999998,-117.26288,"SAN DIEGO",UNINCORPORATED,-117.26299873000001,33.18114096
9041043,2020,2020-03-09,3710,2020-01-17,2028,OC1435,,5,5,6,3710,0,0,0,,0,027,"SHERBOURNE DR","THUNDER DR",527.00,S,N,A,-,N,,,,,,,,,,Y,4,0,1,2,A,-,01,23152,A,M,B,E,A,A,H,-,C,D,0,,,,,Y,Y,A,01,0,0,1,0,0,0,0,0,0,"- ","- ",,,"SAN DIEGO",OCEANSIDE,-117.29148101806641,33.198623657226562
9041058,2020,2020-03-17,3702,2020-01-01,1925,CV1283,,3,5,6,3702,0,0,0,,0,012,BROADWAY,"I ST",621.00,N,N,A,-,N,,,,,,,,,,N,3,0,1,2,A,-,11,21955,,N,G,B,D,A,H,-,C,D,0,Y,,,,Y,Y,N,60,0,1,0,0,1,0,0,0,0,"- ","- ",,,"SAN DIEGO","CHULA VISTA",-117.08873748779297,32.629108428955078
90410844,2017,2017-03-13,9680,2017-03-04,2027,021501,,6,2,5,3708,0,1,1,,2,081,"I-8 E/B TO JACKSON DRIVE","JACKSON DR",608.00,W,N,A,-,Y,,,8,,,,R,,E,Y,3,0,1,1,A,-,01,23152,A,N,E,I,A,A,H,-,C,A,0,,,,,Y,Y,D,22,0,1,0,0,0,0,0,0,0,"- ","- ",32.773890000000002,-117.01296000000001,"SAN DIEGO","LA MESA",-117.01296000000001,32.773890000000002
90411448,2017,2017-03-13,9645,2017-03-02,2152,020867,,4,2,7,3711,0,1,1,,2,017,"I-15 S/B",SR-52,1000.00,N,N,A,-,Y,,,15,,,,,,S,Y,3,0,1,1,A,-,01,23152,A,N,E,I,A,A,H,-,C,D,0,,,,,Y,Y,A,01,0,1,0,0,0,0,0,0,0,"- ","- ",32.853389999999997,-117.11516,"SAN DIEGO","SAN DIEGO",-117.11541321,32.853472689999997
90411887,2017,2017-03-14,9680,2017-03-12,1645,019946,,7,2,9,3700,0,3,5,,2,002,"VISTA GRANDE RD","CANTA LOMAS",1051.00,S,N,A,-,N,,,,,,,,,,Y,3,0,1,1,A,-,01,23152,A,N,F,A,A,A,H,-,A,D,0,,,,,Y,Y,A,07,0,1,0,0,0,0,0,0,0,"- ","- ",32.777320000000003,-116.90622999999999,"SAN DIEGO",UNINCORPORATED,-116.90624,32.777462620000001
90413562,2017,2017-03-16,9645,2017-03-08,1850,017133,,3,2,7,3711,0,1,1,,2,001,"I-5 NB TO PALM AVENUE","PALM AVENUE",50.00,S,N,A,-,Y,,,5,,,,R,,N,Y,3,0,1,2,A,-,01,23152,,N,B,C,A,A,H,-,C,D,0,,,,,Y,Y,A,01,0,1,0,0,0,0,0,0,0,"- ","- ",32.583550000000002,-117.08658,"SAN DIEGO","SAN DIEGO",-117.08658,32.583550000000002
9041365,2019,2020-02-11,3702,2019-11-21,0229,CV1241,,4,5,6,3702,0,0,0,,0,042,"OTAY LAKES RD","EASTLAKE VILLAGE CNTER DRIVEWAY",1.00,E,N,C,-,N,,,,,,,,,,N,3,0,1,1,A,-,01,23152,A,N,E,I,A,B,H,-,C,A,0,,,,,Y,Y,A,07,0,1,0,0,0,0,0,0,0,"- ","- ",,,"SAN DIEGO","CHULA VISTA",-116.96529388427734,32.648178100585938
9041369,2019,2020-02-10,3702,2019-11-10,2030,CV1294,,7,5,6,3702,0,0,0,,0,032,"PASEO VERACRUZ","CORTE TROVE",18.00,N,N,A,-,N,,,,,,,,,,N,4,0,1,2,A,-,11,21954,A,N,G,B,D,A,H,-,C,A,0,Y,,,,Y,Y,N,60,0,0,1,0,1,0,0,0,0,"- ","- ",,,"SAN DIEGO","CHULA VISTA",-116.9735107421875,32.669307708740234
9041385,2019,2020-02-10,3702,2019-11-17,1915,CV1258,,7,5,6,3702,0,0,0,,0,042,"OLYMPIC PKWY","TOWN CENTER DR",75.00,E,N,A,-,N,,,,,,,,,,Y,4,0,1,2,A,-,01,23152,A,M,B,C,A,A,H,-,C,A,0,,,,,Y,Y,A,01,0,0,1,0,0,0,0,0,0,"- ","- ",,,"SAN DIEGO","CHULA VISTA",-116.96726226806641,32.628456115722656