CASE_ID,ACCIDENT_YEAR,PROC_DATE,JURIS,COLLISION_DATE,COLLISION_TIME,OFFICER_ID,REPORTING_DISTRICT,DAY_OF_WEEK,CHP_SHIFT,POPULATION,CNTY_CITY_LOC,SPECIAL_COND,BEAT_TYPE,CHP_BEAT_TYPE,CITY_DIVISION_LAPD,CHP_BEAT_CLASS,BEAT_NUMBER,PRIMARY_RD,SECONDARY_RD,DISTANCE,DIRECTION,INTERSECTION,WEATHER_1,WEATHER_2,STATE_HWY_IND,CALTRANS_COUNTY,CALTRANS_DISTRICT,STATE_ROUTE,ROUTE_SUFFIX,POSTMILE_PREFIX,POSTMILE,LOCATION_TYPE,RAMP_INTERSECTION,SIDE_OF_HWY,TOW_AWAY,COLLISION_SEVERITY,NUMBER_KILLED,NUMBER_INJURED,PARTY_COUNT,PRIMARY_COLL_FACTOR,PCF_CODE_OF_VIOL,PCF_VIOL_CATEGORY,PCF_VIOLATION,PCF_VIOL_SUBSECTION,HIT_AND_RUN,TYPE_OF_COLLISION,MVIW,PED_ACTION,ROAD_SURFACE,ROAD_COND_1,ROAD_COND_2,LIGHTING,CONTROL_DEVICE,CHP_ROAD_TYPE,PEDESTRIAN_ACCIDENT,BICYCLE_ACCIDENT,MOTORCYCLE_ACCIDENT,TRUCK_ACCIDENT,NOT_PRIVATE_PROPERTY,ALCOHOL_INVOLVED,STWD_VEHTYPE_AT_FAULT,CHP_VEHTYPE_AT_FAULT,COUNT_SEVERE_INJ,COUNT_VISIBLE_INJ,COUNT_COMPLAINT_PAIN,COUNT_PED_KILLED,COUNT_PED_INJURED,COUNT_BICYCLIST_KILLED,COUNT_BICYCLIST_INJURED,COUNT_MC_KILLED,COUNT_MC_INJURED,PRIMARY_RAMP,SECONDARY_RAMP,LATITUDE,LONGITUDE,COUNTY,CITY,POINT_X,POINT_Y
90633708,2017,2018-01-05,9645,2017-12-24,0055,020480,,7,3,5,3709,0,1,1,,2,001,"I-5 N/B","CIVIC CENTER DRIVE",100.00,S,N,A,-,Y,,,5,,,,,,N,Y,3,0,1,1,A,-,01,23152,A,M,E,I,A,A,H,-,C,D,0,,,,,Y,Y,A,07,0,1,0,0,0,0,0,0,0,"- ","- ",32.669539999999998,-117.11116,"SAN DIEGO","NATIONAL CITY",-117.11127667,32.669541510000002
90633781,2017,2018-01-05,9645,2017-12-24,0156,019712,,7,3,7,3711,0,1,1,,2,005,"I-5 N/B TO I-8 W/B",I-8,554.00,S,N,A,-,Y,,,5,,,,R,,N,Y,3,0,1,1,A,-,01,23152,A,N,F,A,A,A,H,-,C,D,0,,,,,Y,Y,A,07,0,1,0,0,0,0,0,0,0,"- ","- ",32.757010000000001,-117.20229999999999,"SAN DIEGO","SAN DIEGO",-117.20229999999999,32.757010000000001
90634306,2017,2018-01-05,9680,2017-12-25,1950,021859,,1,2,9,3700,0,3,5,,2,003,"JAPATUL VALLEY RD","JAPATUL VISTA LN",1584.00,N,N,A,-,N,,,,,,,,,,Y,3,0,1,1,A,-,01,23152,A,N,E,I,A,A,H,-,D,D,0,,,,,Y,Y,A,07,0,1,0,0,0,0,0,0,0,"- ","- ",32.796050000000001,-116.65648,"SAN DIEGO",UNINCORPORATED,-116.65658757,32.795846709999999
90634317,2017,2018-01-05,9680,2017-12-25,1735,019729,,1,2,9,3700,0,1,3,,1,090,"SR-67 (MAIN STREET)","MONTECITO RD",0.00,,Y,A,-,Y,,,67,,,,,,,Y,4,0,1,2,A,-,01,23152,A,N,A,D,A,A,H,-,C,A,0,,,,,Y,Y,A,01,0,0,1,0,0,0,0,0,0,"- ","- ",33.037709999999997,-116.87652,"SAN DIEGO",UNINCORPORATED,-116.87649848,33.037669710000003
90634324,2017,2018-01-05,9680,2017-12-25,1510,019998,,1,2,9,3700,0,1,3,,2,028,"SR-125 N/B","MARIPOSA ST",99.00,S,N,A,-,Y,,,125,,,,,,N,Y,4,0,5,2,A,-,01,23152,A,N,D,C,A,A,H,-,A,D,0,,,,,Y,Y,A,01,0,0,5,0,0,0,0,0,0,"- ","- ",32.759270000000001,-117.00445000000001,"SAN DIEGO",UNINCORPORATED,-117.00448402000001,32.759314779999997
90634336,2017,2018-01-08,9680,2017-12-23,1925,020105,,6,2,9,3700,0,1,1,,2,084,"I-8 W/B","TAVERN RD",400.00,E,N,A,-,Y,,,8,,,,,,W,Y,2,0,1,2,A,-,01,23152,A,N,C,C,A,A,H,-,D,D,0,,,Y,,Y,Y,C,02,1,0,0,0,0,0,0,0,1,"- ","- ",32.840470000000003,-116.77849000000001,"SAN DIEGO",UNINCORPORATED,-116.77847513,32.840380400000001
90634482,2018,2018-01-08,9650,2018-01-02,1844,016516,,2,2,9,3700,0,3,5,,2,211,"LAKE WOHLFORD RD","GUEJITO RD",300.00,N,N,B,-,N,,,,,,,,,,Y,3,0,1,1,A,-,01,23152,A,N,E,I,A,A,H,-,D,D,0,,,,,Y,Y,A,01,0,1,0,0,0,0,0,0,0,"- ","- ",33.181308746337891,-117.97367858886719,"SAN DIEGO",UNINCORPORATED,-116.97207641601562,33.182010650634766
90634515,2017,2018-01-08,9650,2017-12-21,1605,020673,,4,2,9,3700,0,3,5,,2,230,"LAKE DR.","W. VIA RANCHO PKWY.",550.00,S,N,A,-,N,,,,,,,,,,Y,3,0,1,3,A,-,01,23152,A,N,A,C,A,A,H,-,A,D,0,,,,,Y,Y,A,01,0,1,0,0,0,0,0,0,0,"- ","- ",33.051699999999997,-117.06506,"SAN DIEGO",UNINCORPORATED,-117.11406808,33.088131629999999
90634531,2018,2018-01-08,9650,2018-01-01,0450,019822,,1,3,9,3700,0,3,5,,2,211,"NORTH LAKE WOHLFORD ROAD","WOODS VALLEY RD",1584.00,S,N,A,-,N,,,,,,,,,,Y,2,0,2,1,A,-,01,23152,A,N,E,I,A,A,H,-,C,D,0,,,,,Y,Y,A,01,2,0,0,0,0,0,0,0,0,"- ","- ",33.196979522705078,-116.97344970703125,"SAN DIEGO",UNINCORPORATED,-116.97235107421875,33.197677612304688
90634554,2018,2018-01-08,9650,2018-01-02,1850,020673,,2,2,9,3700,0,3,5,,2,191,"HARMONY GROVE RD.","VIA AMBIENTE",0.00,,N,A,-,N,,,,,,,,,,Y,3,0,1,1,A,-,01,23152,A,N,E,I,A,A,H,-,D,D,0,,,,,Y,Y,A,01,0,1,0,0,0,0,0,0,0,"- ","- ",33.0501708984375,-117.09175872802734,"SAN DIEGO",UNINCORPORATED,-117.16399383544922,33.073680877685547
90635046,2017,2018-01-08,9680,2017-12-26,1705,021839,,2,2,9,3700,0,1,3,,1,017,"SR-67 S/B","SCRIPPS POWAY PKWY",312.00,N,N,A,-,N,,,67,,,,,,S,Y,3,0,1,2,A,-,01,23152,A,N,C,C,A,A,H,-,D,A,0,,,Y,,Y,Y,C,02,0,1,0,0,0,0,0,0,1,"- ","- ",32.955300000000001,-116.9693,"SAN DIEGO",UNINCORPORATED,-116.96930845,32.955294549999998
90637049,2017,2018-01-10,9645,2017-10-15,2019,021873,,7,2,7,3711,0,1,1,,2,010,"I-8 E/B TO TEXAS ST",TEXAS,1056.00,W,N,A,-,Y,,,8,,,,R,,E,Y,3,0,1,1,A,-,01,23152,A,N,E,I,A,A,H,-,C,D,0,,,,,Y,Y,A,01,0,1,0,0,0,0,0,0,0,"- ","- ",32.768340000000002,-117.14335,"SAN DIEGO","SAN DIEGO",-117.14335,32.768340000000002
9063708,2020,2020-07-29,3702,2020-04-02,1530,CV1337,,4,5,6,3702,0,0,0,,0,023,"GUATAY AV","INKOPAH ST",81.00,N,N,A,-,N,,,,,,,,,,Y,4,0,1,4,A,-,01,23152,A,N,B,E,A,A,H,-,A,D,0,,,,,Y,Y,A,01,0,0,1,0,0,0,0,0,0,"- ","- ",,,"SAN DIEGO","CHULA VISTA",-117.05263519287109,32.622684478759766
90637344,2017,2018-01-10,9680,2017-12-30,0003,019475,,6,3,4,3720,0,1,3,,2,027,"SR-94 E/B","MASSACHUSETTS AVE",146.00,E,N,A,-,Y,,,94,,,,,,E,Y,4,0,1,1,A,-,01,23152,A,N,E,I,A,A,H,-,C,D,0,,,,,Y,Y,A,07,0,0,1,0,0,0,0,0,0,"- ","- ",32.744630000000001,-117.04226,"SAN DIEGO","LEMON GROVE",-117.04225784,32.74472059
90637374,2017,2018-01-10,9680,2017-12-29,1435,021772,,5,2,9,3700,0,1,1,,2,081,"I-8 E/B TO FLETCHER PARKWAY","BALTIMORE DR",1584.00,W,N,A,-,Y,,,,,,,,,,Y,3,0,2,2,A,-,01,23152,A,N,B,C,A,A,H,-,A,A,0,,,,,Y,Y,A,01,0,2,0,0,0,0,0,0,0,"- ","- ",32.773699999999998,-117.03241,"SAN DIEGO",UNINCORPORATED,-117.03005,32.77328
90637401,2017,2018-01-10,9650,2017-12-14,1617,017743,,4,2,9,3700,0,3,5,,2,230,"DEL DIOS HWY","MOUNT ISRAEL RD",2400.00,N,N,A,-,N,,,,,,,,,,Y,3,0,2,2,A,-,01,23152,G,N,C,C,A,A,H,-,A,D,0,,,,,Y,Y,A,01,0,1,1,0,0,0,0,0,0,"- ","- ",33.069099999999999,-117.12215,"SAN DIEGO",UNINCORPORATED,-117.12217033,33.068647929999997
90637764,2018,2018-01-11,9650,2018-01-01,1810,021267,,1,2,9,3700,0,1,3,,2,065,"SR-76 E/B","OLIVE HILL ROAD",341.00,W,N,A,-,Y,,,76,,,,,,E,Y,3,0,2,3,A,-,01,23152,A,N,C,C,A,A,H,-,C,D,0,,,,,Y,Y,A,01,0,2,0,0,0,0,0,0,0,"- ","- ",33.287818908691406,-117.22548675537109,"SAN DIEGO",UNINCORPORATED,-117.22516632080078,33.287979125976562
90638034,2018,2018-01-11,9680,2018-01-01,0603,016598,,1,1,9,3700,0,2,4,,1,026,"JAMACHA ROAD","STATE ROUTE 125 N/B FROM JAMACHA ROAD",0.00,,Y,A,-,Y,,,,,,,,,,Y,2,0,2,2,A,-,01,23152,A,N,A,C,A,A,H,-,A,D,0,,,,,Y,Y,A,01,1,1,0,0,0,0,0,0,0,"- ","- ",32.714820861816406,-117.01367950439453,"SAN DIEGO",UNINCORPORATED,,
9063819,2020,2020-03-19,3706,2020-02-24,0711,440,,1,5,6,3706,0,0,0,,0,052,"ESCONDIDO BL","13TH AV",166.00,S,N,A,-,N,,,,,,,,,,N,3,0,1,2,A,-,09,21804,A,M,H,G,A,A,H,-,A,D,0,,Y,,,Y,Y,A,01,0,1,0,0,0,0,1,0,0,"- ","- ",33.109539031982422,-117.07649993896484,"SAN DIEGO",ESCONDIDO,-117.07627868652344,33.109119415283203
9063982,2020,2020-09-23,3711,2020-02-25,0238,SD7233,,2,5,7,3711,0,0,0,,0,312,"SANTO RD","RT 52",14.00,S,N,A,-,Y,SD,11,52,-,-,8.820,R,4,E,Y,4,0,1,2,A,-,03,22350,,F,B,C,A,A,H,-,C,A,0,,,,,Y,Y,A,01,0,0,1,0,0,0,0,0,0,"- ",EO,,,"SAN DIEGO","SAN DIEGO",-117.09555816650391,32.841171264648438
90640783,2018,2018-01-16,9680,2018-01-05,1805,018801,,5,2,9,3700,0,3,5,,2,001,"SCRIPPS POWAY PKY","SYCAMORE CANYON RD",2112.00,E,N,A,-,N,,,,,,,,,,Y,3,0,1,2,A,-,01,23152,A,N,C,C,A,A,H,-,A,D,0,,,,,Y,Y,A,01,0,1,0,0,0,0,0,0,0,"- ","- ",32.948150634765625,-116.99626159667969,"SAN DIEGO",UNINCORPORATED,-116.99698638916016,32.948097229003906
90641202,2018,2018-01-16,9650,2018-01-08,1835,021698,,1,2,9,3700,0,1,1,,2,022,"I-15 S/B TO SR-76","SR-76 W/B",16.00,N,N,B,-,Y,,,15,,,,R,,S,N,4,0,1,2,A,-,21,22106,,M,C,C,A,B,H,-,C,A,0,,,,,Y,Y,A,01,0,0,1,0,0,0,0,0,0,"- ","- ",33.329868316650391,-117.16079711914062,"SAN DIEGO",UNINCORPORATED,-117.16079711914062,33.329868316650391
90641241,2018,2018-01-17,9650,2018-01-11,0035,020254,,4,3,9,3700,0,3,5,,2,213,"RAINBOW VALLEY BLVD W","RAINBOW VALLEY BLVD",68.00,W,N,A,-,N,,,,,,,,,,Y,4,0,1,1,A,-,01,23152,A,N,E,I,A,A,H,-,D,D,0,,,,,Y,Y,A,01,0,0,1,0,0,0,0,0,0,"- ","- ",33.42816162109375,-117.14179992675781,"SAN DIEGO",UNINCORPORATED,-117.16597747802734,33.403549194335938
90641468,2017,2018-01-31,9645,2017-12-15,0010,019577,,5,3,7,3711,0,1,1,,2,010,"I-8 W/B","PRESIDIO PARK O/C",1200.00,E,N,A,-,Y,,,,,,,,,,N,1,1,0,2,A,-,11,21954,A,N,G,B,E,A,H,-,D,D,0,Y,,,,Y,Y,N,60,0,0,0,1,0,0,0,0,0,"- ","- ",,,"SAN DIEGO","SAN DIEGO",,
90641526,2018,2018-01-17,9645,2018-01-04,2340,021494,,4,3,7,3711,0,1,3,,2,006,"SR-94 E/B","28TH ST",100.00,E,N,A,-,Y,,,94,,,,,,E,Y,3,0,1,2,A,-,01,23152,A,N,C,C,A,A,H,-,C,D,0,,,,,Y,Y,A,01,0,1,0,0,0,0,0,0,0,"- ","- ",32.713298797607422,-117.13130187988281,"SAN DIEGO","SAN DIEGO",-117.13130187988281,32.713325500488281
90642063,2018,2018-01-17,9680,2018-01-06,2100,019998,,6,2,9,3700,0,1,3,,1,024,"SR-94 W/B","JEFFERSON RD",48.00,E,N,A,-,N,,,94,,,,,,W,Y,4,0,2,2,A,-,01,23152,A,N,C,C,A,A,H,-,C,A,0,,,,,Y,Y,A,01,0,0,2,0,0,0,0,0,0,"- ","- ",32.716838836669922,-116.87574005126953,"SAN DIEGO",UNINCORPORATED,-116.87574768066406,32.716800689697266
90642198,2018,2018-01-17,9680,2018-01-07,2140,021813,,7,2,9,3700,0,2,4,,1,021,"DEHESA RD","WILLOW GLEN DR",1056.00,W,N,A,-,N,,,,,,,,,,Y,3,0,1,1,A,-,01,23152,A,N,E,I,A,A,H,-,D,A,0,,,,,Y,Y,A,01,0,1,0,0,0,0,0,0,0,"- ","- ",32.785350799560547,-116.88999176025391,"SAN DIEGO",UNINCORPORATED,-116.88948822021484,32.786048889160156
90642803,2017,2018-01-18,9645,2017-12-03,2000,019496,,7,2,6,3702,0,1,1,,2,009,"I-805 S/B","ORANGE AVE.",500.00,S,N,A,-,Y,,,805,,,,,,S,Y,4,0,1,2,A,-,01,23152,A,N,E,J,A,A,H,-,D,D,0,,,,,Y,Y,A,01,0,0,1,0,0,0,0,0,0,"- ","- ",32.603319999999997,-117.03637000000001,"SAN DIEGO","CHULA VISTA",-117.03647124,32.603320770000003
90643427,2018,2018-01-19,9645,2018-01-06,0055,021600,,6,3,7,3711,0,1,1,,2,003,"I-5 S/B","PERSHING DR.",2640.00,N,N,A,-,Y,,,5,,,,,,S,Y,4,0,1,2,A,-,01,23152,A,N,C,C,A,A,H,-,D,D,0,,,,,Y,Y,A,07,0,0,1,0,0,0,0,0,0,"- ","- ",32.719600677490234,-117.14808654785156,"SAN DIEGO","SAN DIEGO",-117.14808654785156,32.719600677490234
9064349,2019,2020-03-17,3710,2019-10-16,0227,1357,,3,5,6,3710,0,0,0,,0,013,"EL CAMINIO REAL","VISTA WY",0.00,,Y,A,-,N,,,,,,,,,,N,3,0,2,2,A,-,09,21453,C,F,A,C,A,A,H,-,C,A,0,,,,,Y,Y,-,"- ",0,1,1,0,0,0,0,0,0,"- ","- ",,,"SAN DIEGO",OCEANSIDE,-117.32707214355469,33.183189392089844
90643675,2018,2018-01-19,9650,2018-01-11,2155,018406,,4,2,9,3700,0,3,5,,2,213,"PALA TEMECULA RD","PALA MISSION RD",8448.00,N,N,A,-,N,,,,,,,,,,Y,3,0,1,2,A,-,05,21460,A,N,B,C,A,A,H,-,D,D,0,,,,,Y,Y,-,"- ",0,1,0,0,0,0,0,0,0,"- ","- ",33.386379241943359,-117.08586120605469,"SAN DIEGO",UNINCORPORATED,-117.08584594726562,33.386226654052734
90644169,2018,2018-01-22,9650,2018-01-14,0505,019822,,7,3,6,3706,0,1,1,,2,023,"I-15 N/B","9TH AVE",635.00,S,N,A,-,Y,,,15,,,,,,N,Y,3,0,1,1,A,-,01,23152,A,M,E,I,A,A,H,-,D,D,0,,,,,Y,Y,D,22,0,1,0,0,0,0,0,0,0,"- ","- ",33.106739044189453,-117.09397888183594,"SAN DIEGO",ESCONDIDO,-117.09381866455078,33.106834411621094
90644597,2018,2018-01-22,9645,2018-01-02,0235,020623,,2,3,7,3711,0,1,3,,2,025,"SR-163 N/B TO I-805 N/B","AERO DRIVE",1390.00,S,N,A,-,Y,,,163,,,,R,,N,Y,2,0,1,1,A,-,01,23152,A,N,E,I,A,A,H,-,D,D,0,,,,,Y,Y,A,01,1,0,0,0,0,0,0,0,0,"- ","- ",32.806159973144531,-117.15354156494141,"SAN DIEGO","SAN DIEGO",-117.15354156494141,32.806159973144531
90644875,2017,2018-01-22,9645,2017-12-27,0027,020623,,3,3,6,3702,0,1,1,,2,009,"I-805 N/B TO BONITA ROAD","BONITA ROAD",25.00,S,N,A,-,Y,,,,,,,,,,Y,4,0,5,2,A,-,01,23152,A,N,B,C,A,A,H,-,C,A,0,,,,,Y,Y,A,01,0,0,5,0,0,0,0,0,0,"- ","- ",34.647860000000001,-117.06004,"SAN DIEGO","CHULA VISTA",-117.06104943,32.648094579999999
90644934,2017,2018-01-22,9650,2017-12-17,0420,013890,,7,3,5,3701,0,1,1,,2,005,"I-5 N/B TO CANNON ROAD","CANNON ROAD",261.00,N,N,A,-,Y,,,5,,,,R,,N,Y,1,1,0,1,A,-,01,23152,A,N,E,I,A,A,H,-,C,D,0,,,,,Y,Y,A,01,0,0,0,0,0,0,0,0,0,"- ","- ",33.133949999999999,-117.32867,"SAN DIEGO",CARLSBAD,-117.32867,33.133949999999999
90645749,2018,2018-01-23,9650,2018-01-13,2135,019227,,6,2,9,3700,0,3,5,,2,010,"CRISTIANITOS RD","S. EL CAMINO REAL",9504.00,E,N,A,-,N,,,,,,,,,,Y,2,0,7,3,A,-,01,23152,A,N,B,C,A,A,H,-,D,D,0,,,,,Y,Y,A,01,1,3,3,0,0,0,0,0,0,"- ","- ",33.419109344482422,-117.57904815673828,"SAN DIEGO",UNINCORPORATED,-117.57874298095703,33.419563293457031
90646342,2018,2018-01-24,9645,2018-01-11,0430,013784,,4,3,7,3711,0,1,1,,2,015,"I-805 S/B","SR-52 E/B (SOUTH EDGE)",50.00,N,N,A,-,Y,,,805,,,,,,S,Y,2,0,2,2,A,-,01,23152,A,N,D,C,A,A,H,-,D,D,0,,,,,Y,Y,A,01,1,1,0,0,0,0,0,0,0,"- ","- ",32.847438812255859,-117.17829132080078,"SAN DIEGO","SAN DIEGO",-117.17825317382812,32.847461700439453
90647537,2018,2018-02-26,9680,2018-01-18,0135,016822,,4,3,9,3700,0,1,3,,1,090,SR-67,"MUSSEY GRADE RD",34.00,S,N,A,-,Y,,,67,,,,,,,Y,3,0,1,1,A,-,01,23152,A,N,E,I,A,A,H,-,D,D,0,,,,,Y,Y,A,01,0,1,0,0,0,0,0,0,0,"- ","- ",33.009101867675781,-116.91478729248047,"SAN DIEGO",UNINCORPORATED,-116.91477203369141,33.008964538574219
90647675,2018,2018-01-25,9645,2018-01-13,2023,018678,,6,2,7,3711,0,1,3,,2,002,"SR-905 W/B","BRITANNIA AVENUE O/C",2480.00,E,N,A,-,Y,,,,,,,,,,Y,3,0,1,1,A,-,01,23152,A,N,E,I,A,A,H,-,C,D,0,,,,,Y,Y,D,22,0,1,0,0,0,0,0,0,0,"- ","- ",35.564468383789062,-116.97132873535156,"SAN DIEGO","SAN DIEGO",-116.97972106933594,32.564411163330078
90649615,2017,2018-01-29,9650,2017-12-31,0001,018675,,7,3,6,3710,0,1,3,,2,015,"SR-78 W/B",I-5,62.00,W,N,A,-,Y,,,78,,,,,,W,Y,3,0,4,2,A,-,01,23152,A,N,B,C,A,A,H,-,C,A,0,,,,,Y,Y,A,01,0,4,0,0,0,0,0,0,0,"- ","- ",33.176720000000003,-117.35185,"SAN DIEGO",OCEANSIDE,-117.35136119000001,33.177055119999999
90649616,2018,2018-01-29,9650,2018-01-12,0040,016103,,5,3,9,3700,0,3,5,,2,006,"ALTURAS RD","ALTURAS LN",18.00,S,N,A,-,N,,,,,,,,,,Y,3,0,1,1,A,-,01,23152,A,N,E,I,A,A,H,-,C,D,0,,,,,Y,Y,D,22,0,1,0,0,0,0,0,0,0,"- ","- ",33.373058319091797,-117.25801849365234,"SAN DIEGO",UNINCORPORATED,-117.25796508789062,33.373191833496094
90649728,2018,2018-01-29,9650,2018-01-23,1625,020673,,2,2,5,3712,0,1,3,,2,019,"SR-78 EASTBOUND","NORDAHL RD",2500.00,W,N,A,-,Y,,,,,,,,,,N,3,0,1,2,A,-,01,23152,A,N,C,C,A,A,H,-,A,D,0,,,,,Y,Y,A,01,0,1,0,0,0,0,0,0,0,"- ","- ",33.080520629882812,-117.07457733154297,"SAN DIEGO","SAN MARCOS",-117.12840270996094,33.134609222412109
90649998,2018,2018-01-29,9645,2018-01-13,0055,021639,,6,3,5,3709,0,1,1,,2,009,"I-805 SOUTHBOUND","SWEETWATER RD",528.00,N,N,A,-,Y,,,805,,,,,,S,Y,3,0,1,1,A,-,01,23152,A,N,E,I,A,A,H,-,D,D,0,,,,,Y,Y,A,01,0,1,0,0,0,0,0,0,0,"- ","- ",32.663089752197266,-117.07891845703125,"SAN DIEGO","NATIONAL CITY",-117.07884979248047,32.663143157958984
90650113,2018,2018-01-29,9680,2018-01-19,2320,021584,,5,3,9,3700,0,1,3,,1,051,"STATE ROUTE 79","STATE ROUTE 371",20064.00,S,N,B,C,Y,,,79,,,,,,,Y,2,0,1,1,A,-,01,23152,A,N,E,I,A,B,H,-,D,D,0,,,,,Y,Y,D,22,1,0,0,0,0,0,0,0,0,"- ","- ",33.4097900390625,-116.81728363037109,"SAN DIEGO",UNINCORPORATED,-116.81729125976562,33.409751892089844
90650249,2018,2018-01-29,9650,2018-01-14,0140,018386,,7,3,9,3700,0,2,4,,2,061,"S. MISSION RD.","S. MAIN AVE",70.00,S,N,A,-,N,,,,,,,,,,Y,3,0,1,2,A,-,01,23152,A,M,C,E,A,A,H,-,C,D,0,,,,Y,Y,Y,A,07,0,1,0,0,0,0,0,0,0,"- ","- ",33.221168518066406,-117.50393676757812,"SAN DIEGO",UNINCORPORATED,-117.25130462646484,33.369964599609375
90650588,2018,2018-01-29,9650,2018-01-21,2105,021747,,7,2,9,3700,0,1,3,,1,028,SR-76,"PAUMA VALLEY DR.",3326.00,E,N,A,-,N,,,76,,,,,,,Y,3,0,1,1,A,-,01,23152,A,M,F,I,A,A,H,-,D,D,0,,,,,Y,Y,D,22,0,1,0,0,0,0,0,0,0,"- ","- ",33.301109313964844,-116.97389221191406,"SAN DIEGO",UNINCORPORATED,-116.97383117675781,33.301216125488281
90651266,2017,2018-01-30,9645,2017-12-07,0053,019291,,4,3,7,3711,0,1,3,,2,016,"SR-52 E/B","SANTO RD",5280.00,E,N,A,-,Y,,,52,,,,,,E,Y,3,0,2,2,A,-,01,23152,A,N,C,C,A,A,H,-,C,D,0,,,,,Y,Y,A,01,0,1,1,0,0,0,0,0,0,"- ","- ",32.847259999999999,-117.07731,"SAN DIEGO","SAN DIEGO",-117.07724192000001,32.847172559999997
90651972,2018,2018-01-31,9645,2018-01-21,0233,021097,,7,3,7,3711,0,1,3,,2,025,"SR-163 S/B","KEARNY VILLA RD",545.00,N,N,A,-,Y,,,163,,,,,,S,Y,4,0,1,1,A,-,08,22107,,N,E,I,A,A,H,-,C,D,0,,,,,Y,Y,A,01,0,0,1,0,0,0,0,0,0,"- ","- ",32.855579376220703,-117.11708068847656,"SAN DIEGO","SAN DIEGO",-117.11723327636719,32.8558349609375
90652021,2018,2018-01-31,9645,2018-01-21,1145,018223,,7,1,7,3711,0,1,1,,2,010,"I-8 WB","MISSION CITY PKWY",500.00,E,N,A,-,Y,,,8,,,,,,W,N,4,0,1,2,A,-,03,22350,,N,C,C,A,A,H,-,A,D,0,,,Y,,Y,Y,C,02,0,0,1,0,0,0,0,0,1,"- ","- ",32.776538848876953,-117.1220703125,"SAN DIEGO","SAN DIEGO",-117.12206268310547,32.776523590087891
90652133,2017,2018-08-24,9645,2017-12-31,0750,019563,,7,1,6,3702,0,1,1,,2,001,"I-5 N/B","J STREET",1207.00,S,N,B,-,Y,,,5,,,,,,N,Y,1,1,2,1,A,-,01,23152,A,N,E,I,A,A,H,-,A,D,0,,,,,Y,Y,A,01,1,0,1,0,0,0,0,0,0,"- ","- ",32.618369999999999,-117.0917,"SAN DIEGO","CHULA VISTA",-117.09163488999999,32.618391520000003
90652224,2017,2018-01-31,9645,2017-11-07,1857,018145,,2,2,7,3711,0,1,1,,2,017,"I-15 SOUTHBOUND",SR-52,2640.00,N,N,A,-,Y,,,15,,,,,,S,Y,4,0,1,3,A,-,07,21658,A,M,H,C,A,A,H,-,D,D,0,,,,,Y,Y,-,99,0,0,1,0,0,0,0,0,0,"- ","- ",32.856850000000001,-117.11425,"SAN DIEGO","SAN DIEGO",-117.11428635,32.856863789999998
90653647,2018,2018-02-02,9680,2018-01-25,0105,014676,,4,3,5,3705,0,1,1,,2,082,"I-8 E/B","LOS COCHES RD",2112.00,W,N,A,-,Y,,,8,,,,,,E,Y,3,0,1,1,A,-,01,23152,A,N,E,I,A,A,H,-,D,D,0,,,,,Y,Y,A,01,0,1,0,0,0,0,0,0,0,"- ","- ",32.822269439697266,-116.90799713134766,"SAN DIEGO","EL CAJON",-116.90828704833984,32.822555541992188
90653962,2018,2018-02-02,9650,2018-01-31,1515,017994,,3,2,9,3700,0,3,5,,1,212,"NORTH LAKE WOHLFORD RD","ARMSTRONG RANCH RD",200.00,S,N,A,-,N,,,,,,,,,,Y,2,0,2,3,A,-,01,23152,A,N,B,C,E,A,G,-,A,A,0,Y,,,,Y,Y,A,07,1,0,1,0,1,0,0,0,0,"- ","- ",33.210689544677734,-116.97135162353516,"SAN DIEGO",UNINCORPORATED,-116.97135162353516,33.210689544677734
90654192,2018,2018-02-05,9650,2018-01-25,2242,016984,,4,3,6,3710,0,1,1,,2,005,"I-5 S/B",SR-76,750.00,S,N,A,-,Y,,,5,,,,,,S,Y,2,0,1,1,A,-,01,23152,A,N,E,I,A,A,H,-,D,D,0,,,,,Y,Y,A,01,1,0,0,0,0,0,0,0,0,"- ","- ",33.203380584716797,-117.38181304931641,"SAN DIEGO",OCEANSIDE,-117.38169097900391,33.203598022460938