CASE_ID,ACCIDENT_YEAR,PROC_DATE,JURIS,COLLISION_DATE,COLLISION_TIME,OFFICER_ID,REPORTING_DISTRICT,DAY_OF_WEEK,CHP_SHIFT,POPULATION,CNTY_CITY_LOC,SPECIAL_COND,BEAT_TYPE,CHP_BEAT_TYPE,CITY_DIVISION_LAPD,CHP_BEAT_CLASS,BEAT_NUMBER,PRIMARY_RD,SECONDARY_RD,DISTANCE,DIRECTION,INTERSECTION,WEATHER_1,WEATHER_2,STATE_HWY_IND,CALTRANS_COUNTY,CALTRANS_DISTRICT,STATE_ROUTE,ROUTE_SUFFIX,POSTMILE_PREFIX,POSTMILE,LOCATION_TYPE,RAMP_INTERSECTION,SIDE_OF_HWY,TOW_AWAY,COLLISION_SEVERITY,NUMBER_KILLED,NUMBER_INJURED,PARTY_COUNT,PRIMARY_COLL_FACTOR,PCF_CODE_OF_VIOL,PCF_VIOL_CATEGORY,PCF_VIOLATION,PCF_VIOL_SUBSECTION,HIT_AND_RUN,TYPE_OF_COLLISION,MVIW,PED_ACTION,ROAD_SURFACE,ROAD_COND_1,ROAD_COND_2,LIGHTING,CONTROL_DEVICE,CHP_ROAD_TYPE,PEDESTRIAN_ACCIDENT,BICYCLE_ACCIDENT,MOTORCYCLE_ACCIDENT,TRUCK_ACCIDENT,NOT_PRIVATE_PROPERTY,ALCOHOL_INVOLVED,STWD_VEHTYPE_AT_FAULT,CHP_VEHTYPE_AT_FAULT,COUNT_SEVERE_INJ,COUNT_VISIBLE_INJ,COUNT_COMPLAINT_PAIN,COUNT_PED_KILLED,COUNT_PED_INJURED,COUNT_BICYCLIST_KILLED,COUNT_BICYCLIST_INJURED,COUNT_MC_KILLED,COUNT_MC_INJURED,PRIMARY_RAMP,SECONDARY_RAMP,LATITUDE,LONGITUDE,COUNTY,CITY,POINT_X,POINT_Y
90869296,2018,2018-11-28,9650,2018-11-14,2000,020747,,3,2,5,3713,0,1,3,,2,017,"SR-78 W/B TO EMERALD DR. OFF RAMP","EMERALD DR",145.00,E,N,A,-,Y,,,78,,,,R,,W,Y,4,0,1,3,A,-,01,23152,A,F,C,C,A,A,H,-,D,D,0,,,,Y,Y,Y,A,01,0,0,1,0,0,0,0,0,0,"- ","- ",33.188880920410156,-117.27892303466797,"SAN DIEGO",VISTA,-117.27892303466797,33.188880920410156
90869701,2018,2018-11-28,9650,2018-11-10,1835,020771,,6,2,5,3713,0,1,3,,2,017,"SR-78 W/B","SYCAMORE AVE",1990.00,W,N,A,-,Y,,,78,,,,,,W,Y,1,1,2,2,A,-,07,21658,A,N,B,C,A,A,H,-,D,D,0,,,,,Y,Y,A,07,0,1,1,0,0,0,0,0,0,"- ","- ",33.170051574707031,-117.22017669677734,"SAN DIEGO",VISTA,-117.22016906738281,33.170085906982422
90870230,2018,2018-11-29,9645,2018-11-19,2148,019867,,1,2,7,3711,0,1,3,,2,006,"SR-94 E/B",I-805,1953.00,W,N,A,-,Y,,,94,,,,,,E,Y,3,0,2,2,A,-,01,23152,A,N,C,C,A,A,D,-,C,D,0,,,,,Y,Y,A,01,0,1,1,0,0,0,0,0,0,"- ","- ",32.717998504638672,-117.11009979248047,"SAN DIEGO","SAN DIEGO",-117.11009979248047,32.718109130859375
90870639,2018,2018-11-29,9645,2018-11-20,1809,021651,,2,2,7,3711,0,1,1,,2,003,"I-5 S/B","32ND ST O/C",600.00,N,N,A,-,Y,,,5,,,,,,S,Y,4,0,1,2,A,-,01,23152,A,N,E,I,A,A,H,-,C,D,0,,,,,Y,Y,A,01,0,0,1,0,0,0,0,0,0,"- ","- ",32.694389343261719,-117.12610626220703,"SAN DIEGO","SAN DIEGO",-117.12610626220703,32.694393157958984
90870805,2018,2018-11-29,9645,2018-11-20,1225,014625,,2,1,7,3711,0,1,1,,2,011,"INTERSTATE 805 NORTHBOUND","MEADE AVENUE O/C",528.00,N,N,A,-,Y,,,805,,,,,,N,Y,4,0,1,2,A,-,01,23152,A,N,C,C,A,A,H,-,A,D,0,,,,,Y,Y,A,07,0,0,1,0,0,0,0,0,0,"- ","- ",32.759071350097656,-117.12609100341797,"SAN DIEGO","SAN DIEGO",-117.12608337402344,32.759075164794922
90872095,2018,2018-11-30,9650,2018-11-17,1916,017392,,6,2,9,3700,0,3,5,,2,006,"N. ORANGE AVE., 800 BLOCK","PORTER ST.",200.00,S,N,A,-,N,,,,,,,,,,Y,3,0,4,1,A,-,01,23152,A,N,E,I,A,A,H,-,D,D,0,,,,,Y,Y,A,07,0,2,2,0,0,0,0,0,0,"- ","- ",33.388900756835938,-117.24909973144531,"SAN DIEGO",UNINCORPORATED,-117.24917602539062,33.3887939453125
90872481,2018,2018-11-30,9680,2018-11-18,0515,021859,,7,3,9,3700,0,2,4,,1,021,"DEHESA RD","SINGING TRAILS DR",230.00,W,N,A,-,N,,,,,,,,,,Y,4,0,1,1,A,-,01,23152,A,N,E,I,A,A,H,-,C,A,0,,,,,Y,Y,D,22,0,0,1,0,0,0,0,0,0,"- ","- ",32.787601470947266,-116.89936065673828,"SAN DIEGO",UNINCORPORATED,-116.89926910400391,32.787700653076172
90872540,2018,2018-11-30,9680,2018-11-18,0200,021996,,7,3,9,3700,0,3,5,,2,002,"BARCELONA ST","SOUTH BARCELONA EXT",48.00,S,N,B,-,N,,,,,,,,,,Y,3,0,1,2,A,-,01,23152,A,N,B,E,A,A,H,-,C,D,0,,,,,Y,Y,D,22,0,1,0,0,0,0,0,0,0,"- ","- ",32.74298095703125,-116.98108673095703,"SAN DIEGO",UNINCORPORATED,-116.98326110839844,32.735946655273438
90872824,2018,2018-12-03,9650,2018-11-23,2230,019308,,5,3,5,3701,0,1,1,,2,005,"I-5 S/B","TAMARACK AVE",248.00,S,N,A,-,Y,,,5,,,,,,S,Y,3,0,1,2,A,-,01,23152,A,N,B,C,A,A,H,-,D,D,0,,,,,Y,Y,A,01,0,1,0,0,0,0,0,0,0,"- ","- ",33.151409149169922,-117.33609771728516,"SAN DIEGO",CARLSBAD,-117.33614349365234,33.151382446289062
90872985,2018,2018-12-03,9650,2018-11-24,0219,021933,,6,3,5,3712,0,1,3,,2,019,"SR-78 E/B","WOODLAND PKY",326.00,W,N,B,-,Y,,,78,,,,,,E,Y,3,0,1,1,A,-,01,23152,A,N,E,I,A,A,H,-,D,D,0,,,,,Y,Y,D,22,0,1,0,0,0,0,0,0,0,"- ","- ",33.139041900634766,-117.14212799072266,"SAN DIEGO","SAN MARCOS",-117.14215087890625,33.138965606689453
90873749,2018,2018-12-03,9680,2018-11-20,2032,018672,,2,2,9,3700,0,3,5,,2,005,"PINE HILLS RD","LAZY JAYS WAY",11.00,S,N,B,-,N,,,,,,,,,,Y,4,0,2,1,A,-,01,23152,A,N,E,J,A,A,H,-,D,D,0,,,,,Y,Y,D,22,0,0,2,0,0,0,0,0,0,"- ","- ",33.058929443359375,-116.61963653564453,"SAN DIEGO",UNINCORPORATED,-116.61972808837891,33.058811187744141
90874066,2018,2018-12-03,9650,2018-11-09,0015,016103,,5,3,9,3700,0,1,1,,2,007,"I-5 N/B","MACKINNON AVE",527.00,N,N,A,-,Y,,,,,,,,,,Y,2,0,1,2,A,-,01,23152,A,F,C,C,A,A,H,-,C,D,0,,,Y,,Y,Y,A,01,1,0,0,0,0,0,0,0,1,"- ","- ",33.015399932861328,-117.16410064697266,"SAN DIEGO",UNINCORPORATED,-117.278076171875,33.031490325927734
90874114,2018,2018-12-21,9645,2018-11-17,1855,020541,,6,2,7,3711,0,1,1,,2,017,"I-15 S/B","MIRA MESA BLVD",3696.00,N,N,A,-,Y,,,15,,,,,,S,Y,3,0,2,5,A,-,01,23152,A,N,B,C,A,A,H,-,C,D,0,,,,Y,Y,Y,A,01,0,2,0,0,0,0,0,0,0,"- ","- ",32.927200317382812,-117.11447143554688,"SAN DIEGO","SAN DIEGO",-117.11434173583984,32.927165985107422
90874179,2018,2018-12-03,9650,2018-11-25,1646,021463,,7,2,9,3700,0,3,5,,2,070,"VIA DE LA VALLE","VIA DE SANTA FE",680.00,N,N,A,-,N,,,,,,,,,,Y,3,0,1,1,A,-,01,23152,A,N,E,I,A,A,H,-,A,D,0,,,,,Y,Y,A,01,0,1,0,0,0,0,0,0,0,"- ","- ",33.016891479492188,-117.19917297363281,"SAN DIEGO",UNINCORPORATED,-117.19906616210938,33.017154693603516
9087422,2020,2020-07-31,3711,2020-04-01,1120,SD7415,,3,5,7,3711,0,0,0,,0,444,"MORRISON ST","HILLTOP DR",150.00,S,N,A,-,N,,,,,,,,,,Y,4,0,1,2,A,-,08,22107,,M,B,E,A,A,H,-,C,D,0,,,,,Y,Y,A,01,0,0,1,0,0,0,0,0,0,"- ","- ",,,"SAN DIEGO","SAN DIEGO",-117.1055908203125,32.714698791503906
9087440,2020,2020-07-31,3711,2020-04-02,1642,SD7823,,4,5,7,3711,0,0,0,,0,931,"VISTA SORRENTO PKWY","MIRA MESA BL",300.00,N,N,A,-,N,,,,,,,,,,Y,4,0,1,2,A,-,09,21801,A,N,D,C,A,A,H,-,A,D,0,,,,,Y,Y,D,22,0,0,1,0,0,0,0,0,0,"- ","- ",,,"SAN DIEGO","SAN DIEGO",-117.20578765869141,32.891880035400391
9087482,2020,2020-07-07,3701,2020-03-22,0516,CB5517,101,7,5,5,3701,0,0,0,,0,007,"BLUE HERON AV","KINGFISHER LN",386.00,W,N,B,-,N,,,,,,,,,,Y,3,0,1,1,A,-,01,23152,A,N,E,I,A,A,H,-,D,D,0,,,,,Y,Y,A,01,0,1,0,0,0,0,0,0,0,"- ","- ",,,"SAN DIEGO",CARLSBAD,-117.28545379638672,33.097007751464844
90874920,2018,2018-12-10,9680,2018-11-24,0142,021828,,6,3,5,3708,0,1,1,,2,082,"I-8 E/B",SR-125,502.00,E,N,A,-,Y,,,8,,,,,,E,Y,3,0,1,1,A,-,01,23152,A,M,E,J,A,A,H,-,D,D,0,,,,,Y,Y,A,01,0,1,0,0,0,0,0,0,0,"- ","- ",32.778190612792969,-117.00209808349609,"SAN DIEGO","LA MESA",-117.00212860107422,32.778263092041016
90875011,2018,2018-12-04,9645,2018-11-18,0250,021359,,7,3,7,3711,0,1,1,,2,030,"I-15 N/B","TED WILLIAMS PKWY",474.00,S,N,A,-,Y,,,15,,,,,,N,Y,3,0,2,2,A,-,01,23152,A,N,C,C,A,A,H,-,D,D,0,,,,,Y,Y,A,01,0,1,1,0,0,0,0,0,0,"- ","- ",32.963310241699219,-117.09620666503906,"SAN DIEGO","SAN DIEGO",-117.09604644775391,32.963211059570312
90875069,2018,2018-12-04,9680,2018-11-23,1730,020249,,5,2,9,3700,0,1,3,,1,091,"STATE ROUTE 78","9TH STREET",135.00,E,N,A,-,Y,,,78,,,,,,,Y,3,0,1,2,A,-,01,23152,A,N,B,E,A,A,H,-,C,D,0,,,,,Y,Y,D,22,0,1,0,0,0,0,0,0,0,"- ","- ",33.043140411376953,-116.86667633056641,"SAN DIEGO",UNINCORPORATED,-116.86665344238281,33.043094635009766
9087542,2019,2020-05-09,3705,2019-05-10,1925,EC0219,,5,5,5,3705,0,0,0,,0,003,"E MADISON AV","TERA LN",118.00,W,N,B,-,N,,,,,,,,,,N,4,0,2,2,A,-,09,21804,A,F,D,C,A,A,H,-,C,D,0,,,,,Y,Y,A,08,0,0,2,0,0,0,0,0,0,"- ","- ",,,"SAN DIEGO","EL CAJON",-116.92034912109375,32.800182342529297
90875541,2018,2018-12-05,9650,2018-11-28,2050,18386,,3,2,9,3700,0,1,1,,2,022,"I-15 N/B","PALA MESA DR",300.00,S,N,A,-,Y,,,,,,,,,,Y,3,0,1,2,A,-,01,23152,A,N,D,C,A,A,H,-,C,D,0,,,,,Y,Y,A,01,0,1,0,0,0,0,0,0,0,"- ","- ",33.20220947265625,-117.09336853027344,"SAN DIEGO",UNINCORPORATED,-117.15897369384766,33.340446472167969
90875593,2018,2018-12-05,9650,2018-12-03,1425,019822,,1,2,6,3706,0,1,3,,2,019,"SR-78 W/B TO I-15 N/B","SR-78 W/B",92.00,N,N,A,-,Y,,,78,,,,R,,W,Y,3,0,1,1,A,-,01,23152,A,N,E,J,A,A,H,-,A,D,0,,,,,Y,Y,D,22,0,1,0,0,0,0,0,0,0,"- ","- ",33.128131866455078,-117.10324096679688,"SAN DIEGO",ESCONDIDO,-117.10324096679688,33.128131866455078
90875852,2018,2018-12-05,9680,2018-11-24,0200,021772,,6,3,9,3700,0,3,5,,2,001,"2ND ST","MANOR DR",170.00,N,N,B,-,N,,,,,,,,,,Y,2,0,1,1,A,-,01,23152,A,N,E,I,A,A,H,-,C,D,0,,,,,Y,Y,D,22,1,0,0,0,0,0,0,0,0,"- ","- ",32.820060729980469,-116.93509674072266,"SAN DIEGO",UNINCORPORATED,-116.93526458740234,32.820045471191406
90875991,2018,2019-01-08,9680,2018-11-25,1507,021441,,7,2,9,3700,0,1,1,,2,083,"I-8 W/B","PEUTZ VALLEY RD",2560.00,E,N,A,-,Y,,,8,,,,,,W,Y,3,0,7,3,A,-,01,23152,A,N,C,C,A,A,H,-,A,D,0,,,,,Y,Y,A,07,0,2,5,0,0,0,0,0,0,"- ","- ",32.843860626220703,-116.79863739013672,"SAN DIEGO",UNINCORPORATED,-116.79866027832031,32.843807220458984
90876063,2018,2018-12-05,9680,2018-11-23,0258,021764,,5,3,9,3700,0,1,1,,2,081,"I-8 E/B TO FLETCHER PARKWAY","ALVARADO RD",295.00,E,N,A,-,Y,,,,,,,,,,Y,4,0,2,2,A,-,01,23152,A,N,A,C,A,A,H,-,D,D,0,,,,,Y,Y,A,01,0,0,2,0,0,0,0,0,0,"- ","- ",32.772960662841797,-117.03076934814453,"SAN DIEGO",UNINCORPORATED,-117.03076934814453,32.772960662841797
90877664,2018,2018-12-06,9650,2018-11-30,0158,020422,,5,3,6,3706,0,1,3,,2,019,"SR-78 E/B","NORDAHL RD",2640.00,W,N,C,-,Y,,,78,,,,,,E,Y,3,0,1,2,A,-,01,23152,A,N,B,C,A,B,H,-,C,D,0,,,,,Y,Y,A,01,0,1,0,0,0,0,0,0,0,"- ","- ",33.134880065917969,-117.1297607421875,"SAN DIEGO",ESCONDIDO,-117.12976837158203,33.134822845458984
90878024,2018,2018-12-07,9645,2018-11-28,1522,020541,,3,2,7,3711,0,1,1,,2,017,"I-15 S/B TO CLAIREMONT MESA BLVD","CLAIREMONT MESA BLVD",28.00,N,N,A,-,Y,,,15,,,,R,,S,Y,4,0,1,2,A,-,01,23152,A,N,C,C,A,A,H,-,A,A,0,,,,,Y,Y,D,22,0,0,1,0,0,0,0,0,0,"- ","- ",32.833778381347656,-117.11984252929688,"SAN DIEGO","SAN DIEGO",-117.11984252929688,32.833778381347656
90879270,2018,2018-12-10,9680,2018-11-29,1815,021588,,4,2,9,3700,0,3,5,,2,002,"VISTA GRANDE RD","HERMOSA WAY",82.00,N,N,B,C,N,,,,,,,,,,Y,3,0,1,1,A,-,08,22107,,N,E,I,A,B,H,-,C,D,0,,,,,Y,Y,A,07,0,1,0,0,0,0,0,0,0,"- ","- ",32.776420593261719,-116.90634918212891,"SAN DIEGO",UNINCORPORATED,-116.90647888183594,32.776508331298828
90879792,2018,2018-12-11,9650,2018-12-02,0454,021404,,7,3,9,3700,0,1,1,,2,021,"I-15 N/B","LILAC RD",2640.00,N,N,A,-,Y,,,15,,,,,,N,Y,3,0,5,2,A,-,03,22350,,N,C,C,A,A,H,-,D,D,0,,,,,Y,Y,A,01,0,2,3,0,0,0,0,0,0,"- ","- ",33.310821533203125,-117.15093994140625,"SAN DIEGO",UNINCORPORATED,-117.15098571777344,33.310806274414062
90880202,2018,2018-12-13,9680,2018-08-13,2040,020500,,1,2,9,3700,0,2,4,,1,096,"HIGHLAND VALLEY ROAD","HANDLEBAR ROAD",560.00,W,N,A,-,N,,,,,,,,,,N,1,1,0,2,A,-,11,21954,A,F,G,B,E,A,H,-,D,D,0,Y,,,,Y,Y,N,60,0,0,0,1,0,0,0,0,0,"- ","- ",33.023120880126953,-116.92745208740234,"SAN DIEGO",UNINCORPORATED,-116.92794799804688,33.023384094238281
90880652,2018,2019-03-04,9680,2018-08-27,1840,019384,,1,2,9,3700,0,3,5,,2,001,"NORTH WOODSIDE AVENUE","RIVERFORD ROAD",1075.00,S,N,A,-,N,,,,,,,,,,Y,1,1,0,2,A,-,01,23152,A,N,G,B,E,A,H,-,A,D,0,Y,,,,Y,Y,D,22,0,0,0,1,0,0,0,0,0,"- ","- ",32.854000091552734,-116.94940948486328,"SAN DIEGO",UNINCORPORATED,-116.94918060302734,32.852210998535156
90881017,2018,2018-12-12,9680,2018-12-01,2145,021772,,6,2,9,3700,0,1,3,,1,017,SR-67,"MAPLEVIEW ST",0.00,,Y,B,-,Y,,,67,,,,,,,Y,4,0,3,2,A,-,01,23152,A,N,D,C,A,A,H,-,C,A,0,,,,,Y,Y,A,01,0,0,3,0,0,0,0,0,0,"- ","- ",32.862808227539062,-116.92317199707031,"SAN DIEGO",UNINCORPORATED,-116.923095703125,32.862770080566406
90881470,2018,2018-12-12,9650,2018-12-01,0018,021267,,6,3,6,3710,0,1,3,,2,015,"SR-78 WB TO I-5 NB",SR-78,325.00,N,N,A,-,Y,,,78,,,,R,,W,Y,3,0,3,2,A,-,01,23152,A,N,C,C,A,A,H,-,C,A,0,,,,,Y,Y,A,07,0,1,2,0,0,0,0,0,0,"- ","- ",33.178421020507812,-117.35146331787109,"SAN DIEGO",OCEANSIDE,-117.35146331787109,33.178421020507812
90881747,2018,2018-12-12,9650,2018-11-20,0310,021747,,2,3,9,3700,0,1,1,,2,003,"I-5 N/B","THE SANTA MARGARITA RIVER",750.00,S,N,A,-,Y,,,5,,,,,,N,Y,3,0,2,1,A,-,01,23152,A,N,E,I,A,A,H,-,D,D,0,,,,,Y,Y,A,01,0,2,0,0,0,0,0,0,0,"- ","- ",33.233299255371094,-117.40310668945312,"SAN DIEGO",UNINCORPORATED,-117.40303802490234,33.233367919921875
90884134,2018,2018-12-17,9645,2018-11-30,0138,019712,,5,3,7,3711,0,1,1,,2,003,"I-5 S/B",SR-94,30.00,N,N,B,C,Y,,,5,,,,,,S,N,2,0,1,2,A,-,11,21954,A,F,G,B,D,B,H,-,D,D,0,Y,,,,Y,Y,N,60,1,0,0,0,1,0,0,0,0,"- ","- ",32.712779998779297,-117.14778900146484,"SAN DIEGO","SAN DIEGO",-117.14775848388672,32.712779998779297
90884727,2018,2018-12-17,9645,2018-12-06,1930,017953,,4,2,7,3711,0,1,1,,2,017,"I-15 S/B","AMMO ROAD",1742.00,S,N,C,-,Y,,,15,,,,,,S,Y,4,0,1,1,A,-,01,23152,A,N,E,I,A,B,H,-,D,D,0,,,,,Y,Y,A,01,0,0,1,0,0,0,0,0,0,"- ","- ",32.870449066162109,-117.10717010498047,"SAN DIEGO","SAN DIEGO",-117.10794067382812,32.870582580566406
9088501,2020,2020-06-29,3711,2020-03-31,1730,SD6009,,2,5,7,3711,0,0,0,,0,324,"LAKE MURRAY BL","LAKE ADLON",2640.00,S,N,A,-,N,,,,,,,,,,N,4,0,1,2,A,-,04,21703,,N,C,C,A,A,H,-,A,D,0,,,,Y,Y,Y,F,26,0,0,1,0,0,0,0,0,0,"- ","- ",,,"SAN DIEGO","SAN DIEGO",-117.01911163330078,32.793201446533203
9088504,2020,2020-06-29,3711,2020-03-31,0616,SD8447,,2,5,7,3711,0,0,0,,0,725,"CORPORATE CENTER DR","INNOVATION DR",0.00,,Y,A,-,N,,,,,,,,,,Y,3,0,1,3,A,-,08,22107,,N,C,E,A,A,H,-,A,D,0,,,,,Y,Y,A,01,0,1,0,0,0,0,0,0,0,"- ","- ",,,"SAN DIEGO","SAN DIEGO",-117.00123000000001,32.572920000000003
90885440,2018,2018-12-18,9680,2018-12-06,2130,021813,,4,2,9,3700,0,2,4,,1,026,"JAMACHA RD","HELIX ST",15.00,W,N,A,-,N,,,,,,,,,,N,3,0,1,2,A,-,12,21453,A,F,G,B,B,A,H,-,C,A,0,Y,,,,Y,Y,A,07,0,1,0,0,1,0,0,0,0,"- ","- ",32.714801788330078,-117.00968170166016,"SAN DIEGO",UNINCORPORATED,-117.00953674316406,32.714797973632812
90885499,2018,2018-12-18,9650,2018-12-07,1910,021944,,5,2,5,3713,0,1,3,,2,017,"SR-78 WB","CIVIC CENTER DR",1584.00,E,N,A,-,Y,,,78,,,,,,W,Y,4,0,1,1,A,-,01,23152,A,N,E,I,A,A,H,-,C,D,0,,,,,Y,Y,A,07,0,0,1,0,0,0,0,0,0,"- ","- ",33.186809539794922,-117.23532104492188,"SAN DIEGO",VISTA,-117.23525238037109,33.186920166015625
90885949,2018,2018-12-19,9650,2018-12-12,1740,020747,,3,2,9,3700,0,3,5,,2,191,"DISCOVERY ST","EL CAMINO DR.",230.00,N,N,A,-,N,,,,,,,,,,Y,4,0,1,2,A,-,03,22350,,N,C,C,A,A,H,-,C,D,0,,,,,Y,Y,A,01,0,0,1,0,0,0,0,0,0,"- ","- ",33.129268646240234,-117.19883728027344,"SAN DIEGO",UNINCORPORATED,-117.19883728027344,33.129268646240234
90885969,2018,2018-12-19,9680,2018-12-10,1620,020625,,1,2,5,3708,0,1,3,,2,028,"SR-125 S/B","GROSSMONT BLVD",80.00,N,N,A,-,Y,,,125,,,,,,S,Y,4,0,1,3,A,-,01,23152,A,F,B,C,A,A,H,-,A,D,0,,,Y,,Y,Y,D,22,0,0,1,0,0,0,0,0,1,"- ","- ",32.773700714111328,-117.00279235839844,"SAN DIEGO","LA MESA",-117.00263977050781,32.773750305175781
90886457,2018,2018-12-19,9650,2018-12-09,1815,021200,,7,2,9,3700,0,1,1,,2,021,"I-15 S/B",SR-76,10.00,S,N,A,-,Y,,,,,,,,,,N,4,0,1,1,A,-,01,23152,A,N,E,I,A,A,H,-,C,D,0,,,,,Y,Y,A,01,0,0,1,0,0,0,0,0,0,"- ","- ",33.329738616943359,-117.16046142578125,"SAN DIEGO",UNINCORPORATED,-117.15951538085938,33.330535888671875
9088751,2020,2020-06-05,3705,2020-02-26,1805,EC0404,,3,5,5,3705,0,0,0,,0,001,"CUYAMACA ST","SWALLOW DR",0.00,,Y,A,-,N,,,,,,,,,,,4,0,1,2,A,-,01,23153,A,N,C,C,A,A,H,-,C,A,0,,,,,Y,Y,A,01,0,0,1,0,0,0,0,0,0,"- ","- ",,,"SAN DIEGO","EL CAJON",-116.97965240478516,32.814369201660156
9088752,2020,2020-06-05,3700,2020-02-14,0214,SH2659,,5,5,5,3712,0,0,0,,0,352,"WOODWARD ST","VINEYARD RD",180.00,S,N,A,-,N,,,,,,,,,,Y,3,0,1,1,A,-,01,23152,A,N,E,I,A,B,H,-,C,D,0,,,,,Y,Y,A,01,0,1,0,0,0,0,0,0,0,"- ","- ",,,"SAN DIEGO","SAN MARCOS",-117.16004180908203,33.145172119140625
90888074,2018,2018-12-21,9645,2018-11-21,1122,016409,,3,1,7,3711,0,1,1,,2,005,"I-5 N/B","SR-52 E/B",50.00,N,N,B,-,Y,,,5,,,,,,N,Y,4,0,1,1,A,-,01,23152,A,N,F,A,A,A,H,-,A,D,0,,,,,Y,Y,A,01,0,0,1,0,0,0,0,0,0,"- ","- ",32.837688446044922,-117.23438262939453,"SAN DIEGO","SAN DIEGO",-117.23447418212891,32.837646484375
90888096,2018,2018-12-21,9650,2018-12-13,1943,017392,,4,2,3,3783,0,1,1,,2,007,"I-5 S/B","VIA DE LA VALLE",1584.00,N,N,A,-,Y,,,5,,,,,,S,Y,3,0,1,2,A,-,01,23152,A,N,C,C,A,A,H,-,A,D,0,,,,,Y,Y,A,01,0,1,0,0,0,0,0,0,0,"- ","- ",32.985198974609375,-117.25479888916016,"SAN DIEGO","SOLANA BEACH",-117.25505065917969,32.985160827636719
90888223,2018,2018-12-21,9650,2018-12-15,0223,020422,,6,3,5,3701,0,1,1,,2,005,"I-5 N/B","CARLSBAD VILLAGE DR",285.00,S,N,A,-,Y,,,5,,,,,,N,Y,3,0,1,1,A,-,01,23152,A,N,E,I,A,A,H,-,C,D,0,,,,,Y,Y,A,01,0,1,0,0,0,0,0,0,0,"- ","- ",33.162601470947266,-117.34162139892578,"SAN DIEGO",CARLSBAD,-117.34175872802734,33.162528991699219
90888363,2018,2018-12-24,9650,2018-12-16,0254,021698,,7,3,6,3706,0,1,3,,2,019,"SR-78 E/B","NORDAHL RD",2907.00,E,N,A,-,Y,,,78,,,,,,E,Y,4,0,1,2,A,-,01,23152,A,N,C,C,A,A,H,-,C,D,0,,,,,Y,Y,A,01,0,0,1,0,0,0,0,0,0,"- ","- ",33.128189086914062,-117.11255645751953,"SAN DIEGO",ESCONDIDO,-117.11258697509766,33.128116607666016
90888671,2018,2018-12-24,9645,2018-12-10,0155,021697,,1,3,7,3711,0,1,1,,2,009,"I-805 S/B","PALM AVENUE O/C",700.00,S,N,A,-,Y,,,805,,,,,,S,Y,3,0,2,1,A,-,01,23152,A,N,E,I,A,A,H,-,D,D,0,,,,,Y,Y,A,01,0,2,0,0,0,0,0,0,0,"- ","- ",32.582378387451172,-117.03742980957031,"SAN DIEGO","SAN DIEGO",-117.03748321533203,32.582393646240234
90888698,2018,2018-12-24,9680,2018-12-13,1925,022106,,4,2,9,3700,0,1,3,,1,040,SR-94,"LA POSTA RD",6336.00,E,N,A,-,Y,,,94,,,,,,,Y,2,0,1,1,A,-,01,23152,A,N,E,I,A,A,H,-,D,D,0,,,,,Y,Y,E,22,1,0,0,0,0,0,0,0,0,"- ","- ",32.642490386962891,-116.41120910644531,"SAN DIEGO",UNINCORPORATED,-116.41120910644531,32.642547607421875
90889162,2018,2018-12-24,9650,2018-12-17,1555,014886,,1,2,9,3700,0,3,5,,2,010,"EL CAMINO REAL","ORANGE COUNTY LINE",43.00,S,N,A,-,N,,,,,,,,,,Y,2,0,2,4,A,-,01,23152,A,N,C,E,A,A,H,-,A,D,0,,,,,Y,Y,A,01,1,1,0,0,0,0,0,0,0,"- ","- ",33.397159576416016,-117.58351898193359,"SAN DIEGO",UNINCORPORATED,-117.59330749511719,33.397090911865234
90889265,2018,2018-12-24,9680,2018-12-14,1750,019910,,5,2,9,3700,0,2,4,,1,014,"WINTER GARDENS BLVD","GOLDEN RIDGE RD",23.00,S,N,B,-,N,,,,,,,,,,N,3,0,1,2,A,-,11,21954,A,N,G,B,E,A,H,-,C,A,0,Y,,,,Y,Y,N,60,0,1,0,0,1,0,0,0,0,"- ","- ",32.829208374023438,-116.93315124511719,"SAN DIEGO",UNINCORPORATED,-116.93305206298828,32.8292236328125