CASE_ID,ACCIDENT_YEAR,PROC_DATE,JURIS,COLLISION_DATE,COLLISION_TIME,OFFICER_ID,REPORTING_DISTRICT,DAY_OF_WEEK,CHP_SHIFT,POPULATION,CNTY_CITY_LOC,SPECIAL_COND,BEAT_TYPE,CHP_BEAT_TYPE,CITY_DIVISION_LAPD,CHP_BEAT_CLASS,BEAT_NUMBER,PRIMARY_RD,SECONDARY_RD,DISTANCE,DIRECTION,INTERSECTION,WEATHER_1,WEATHER_2,STATE_HWY_IND,CALTRANS_COUNTY,CALTRANS_DISTRICT,STATE_ROUTE,ROUTE_SUFFIX,POSTMILE_PREFIX,POSTMILE,LOCATION_TYPE,RAMP_INTERSECTION,SIDE_OF_HWY,TOW_AWAY,COLLISION_SEVERITY,NUMBER_KILLED,NUMBER_INJURED,PARTY_COUNT,PRIMARY_COLL_FACTOR,PCF_CODE_OF_VIOL,PCF_VIOL_CATEGORY,PCF_VIOLATION,PCF_VIOL_SUBSECTION,HIT_AND_RUN,TYPE_OF_COLLISION,MVIW,PED_ACTION,ROAD_SURFACE,ROAD_COND_1,ROAD_COND_2,LIGHTING,CONTROL_DEVICE,CHP_ROAD_TYPE,PEDESTRIAN_ACCIDENT,BICYCLE_ACCIDENT,MOTORCYCLE_ACCIDENT,TRUCK_ACCIDENT,NOT_PRIVATE_PROPERTY,ALCOHOL_INVOLVED,STWD_VEHTYPE_AT_FAULT,CHP_VEHTYPE_AT_FAULT,COUNT_SEVERE_INJ,COUNT_VISIBLE_INJ,COUNT_COMPLAINT_PAIN,COUNT_PED_KILLED,COUNT_PED_INJURED,COUNT_BICYCLIST_KILLED,COUNT_BICYCLIST_INJURED,COUNT_MC_KILLED,COUNT_MC_INJURED,PRIMARY_RAMP,SECONDARY_RAMP,LATITUDE,LONGITUDE,COUNTY,CITY,POINT_X,POINT_Y
91025538,2019,2019-07-08,9650,2019-07-03,0350,019308,,3,3,9,3700,0,1,1,,2,003,"I-5 S/B","COCKLEBURR ROAD",4224.00,N,N,A,-,Y,,,5,,,,,,S,Y,3,0,1,1,A,-,01,23152,A,N,E,I,A,A,H,-,D,D,0,,,,,Y,Y,A,01,0,1,0,0,0,0,0,0,0,"- ","- ",33.263679504394531,-117.43099975585938,"SAN DIEGO",UNINCORPORATED,-117.43109130859375,33.263607025146484
91025990,2019,2019-07-08,9680,2019-06-26,0205,018907,,3,3,9,3700,0,1,1,,2,085,"I-8 E/B","SUNRISE HWY",1584.00,E,N,A,-,Y,,,8,,,,,,E,Y,2,0,3,1,A,-,01,23152,A,N,F,A,A,A,H,-,C,D,0,,,,,Y,Y,E,22,1,2,0,0,0,0,0,0,0,"- ","- ",32.807819366455078,-116.50639343261719,"SAN DIEGO",UNINCORPORATED,-116.50637817382812,32.807834625244141
9102674,2020,2020-08-03,3700,2020-04-16,1629,SH0272,,4,5,5,3712,0,0,0,,0,354,"KNOB HILL RD","AUGUSTA DR",0.00,,Y,A,-,N,,,,,,,,,,Y,3,0,1,2,A,-,01,23152,A,N,C,C,A,A,H,-,A,A,0,,,,,Y,Y,A,01,0,1,0,0,0,0,0,0,0,"- ","- ",,,"SAN DIEGO","SAN MARCOS",-117.12313842773438,33.141181945800781
91026994,2019,2019-07-09,9650,2019-06-30,0255,020771,,7,3,9,3700,0,3,5,,2,190,"NORDAHL RD.","CALAVO DR",10.00,N,N,A,-,N,,,,,,,,,,Y,2,0,1,1,A,-,01,23152,A,N,F,A,A,A,H,-,D,D,0,,,Y,,Y,Y,C,02,1,0,0,0,0,0,0,0,1,"- ","- ",33.139888763427734,-117.11431884765625,"SAN DIEGO",UNINCORPORATED,-117.11436462402344,33.139896392822266
91028197,2019,2019-07-10,9680,2019-06-28,2155,021764,,5,2,9,3700,0,1,3,,2,028,"SR-125 N/B","JAMACHA BLVD",29.00,N,N,A,-,Y,,,125,,,,,,N,Y,4,0,1,1,A,-,01,23152,A,N,E,I,A,A,H,-,C,D,0,,,,,Y,Y,A,01,0,0,1,0,0,0,0,0,0,"- ","- ",32.704750061035156,-117.01091766357422,"SAN DIEGO",UNINCORPORATED,-117.01077270507812,32.704761505126953
91028240,2019,2019-07-10,9650,2019-07-07,0042,021404,,7,3,9,3700,0,3,5,,1,212,"MILLER RD","COLE GRADE RD",0.00,,Y,A,-,N,,,,,,,,,,Y,4,0,1,2,A,-,09,21802,A,N,D,C,A,A,H,-,D,A,0,,,,,Y,Y,A,01,0,0,1,0,0,0,0,0,0,"- ","- ",33.256221771240234,-117.02342224121094,"SAN DIEGO",UNINCORPORATED,-117.02342987060547,33.256229400634766
91028947,2019,2019-07-11,9680,2019-06-29,2225,021237,,6,3,9,3700,0,1,3,,1,022,"STATE ROUTE 54 E/B (JAMACHA ROAD)","FURY LANE",610.00,E,N,A,-,Y,,,54,,,,,,E,Y,4,0,3,2,A,-,01,23152,A,N,C,C,A,A,H,-,C,D,0,,,,,Y,Y,A,01,0,0,3,0,0,0,0,0,0,"- ","- ",32.743671417236328,-116.93226623535156,"SAN DIEGO",UNINCORPORATED,-116.93231964111328,32.743808746337891
91029021,2019,2019-07-11,9645,2019-07-01,1619,016061,,1,2,7,3711,0,1,1,,2,005,"I-5 N/B",I-8,528.00,S,N,A,-,Y,,,5,,,,,,N,Y,3,0,2,2,A,-,01,23152,A,N,C,C,A,A,H,-,A,D,0,,,,,Y,Y,A,01,0,2,0,0,0,0,0,0,0,"- ","- ",32.754108428955078,-117.20034790039062,"SAN DIEGO","SAN DIEGO",-117.20038604736328,32.754062652587891
91029110,2019,2019-07-11,9645,2019-07-01,1915,021601,,1,2,7,3711,0,1,1,,2,010,"I-8 W/B TO HOTEL CIRCLE NORTH",SR-163,2482.00,W,N,A,-,Y,,,8,,,,R,,W,Y,3,0,2,2,A,-,01,23152,A,N,C,C,A,A,H,-,A,A,0,,,,,Y,Y,A,01,0,1,1,0,0,0,0,0,0,"- ","- ",32.760429382324219,-117.17150115966797,"SAN DIEGO","SAN DIEGO",-117.17150115966797,32.760429382324219
91029233,2019,2019-07-11,9650,2019-07-04,1907,017392,,4,2,9,3700,0,3,5,,2,070,"LINEA DEL CIELO","EL CAMINO REAL",1584.00,E,N,A,-,Y,,,,,,,,,,Y,3,0,1,1,A,-,01,23152,A,N,E,I,A,A,H,-,A,D,0,,,,,Y,Y,A,01,0,1,0,0,0,0,0,0,0,"- ","- ",33.000900268554688,-117.22540283203125,"SAN DIEGO",UNINCORPORATED,-117.22410583496094,33.004158020019531
91029248,2019,2019-07-11,9680,2019-06-23,0900,022183,,7,1,9,3700,0,3,5,,2,001,"LAUREL ST","ASHWOOD ST",194.00,E,N,A,-,N,,,,,,,,,,N,2,0,1,2,A,-,03,22350,,F,G,B,E,A,H,-,A,D,0,Y,,,,Y,Y,A,01,1,0,0,0,1,0,0,0,0,"- ","- ",32.862098693847656,-116.91681671142578,"SAN DIEGO",UNINCORPORATED,-116.9168701171875,32.862091064453125
91029762,2019,2019-07-12,9650,2019-07-06,0240,021528,,6,3,9,3700,0,3,5,,2,170,"S. SANTA FE AVE. (2200 BLOCK)","PALMYRA DR",140.00,S,N,A,-,N,,,,,,,,,,Y,3,0,1,1,A,-,01,23152,A,N,E,I,A,A,H,-,D,D,0,,,,,Y,Y,A,07,0,1,0,0,0,0,0,0,0,"- ","- ",33.170520782470703,-117.20691680908203,"SAN DIEGO",UNINCORPORATED,-117.20687866210938,33.170475006103516
91029881,2019,2019-07-12,9645,2019-06-29,0355,021494,,6,3,7,3711,0,1,1,,2,001,"I-5 S/B TO DAIRY MART RD.","DAIRY MART RD",486.00,N,N,A,-,Y,,,5,,,,R,,S,Y,2,0,1,1,A,-,01,23152,G,N,E,I,A,A,H,-,D,D,0,,,,,Y,Y,A,01,1,0,0,0,0,0,0,0,0,"- ","- ",32.558498382568359,-117.06379699707031,"SAN DIEGO","SAN DIEGO",-117.06379699707031,32.558498382568359
91030571,2019,2019-07-15,9645,2019-07-03,0404,021731,,3,3,6,3702,0,1,1,,2,009,"I-805 S/B","H ST",50.00,N,N,A,-,Y,,,805,,,,,,S,Y,4,0,1,1,A,-,08,22107,,N,F,A,A,A,H,-,C,D,0,,,,,Y,Y,A,01,0,0,1,0,0,0,0,0,0,"- ","- ",32.640518188476562,-117.05593109130859,"SAN DIEGO","CHULA VISTA",-117.0557861328125,32.640655517578125
91031029,2019,2019-07-15,9645,2019-03-23,0230,021097,,6,3,7,3711,0,1,3,,2,023,"STATE ROUTE 163 SOUTHBOUND","QUINCE STREET",140.00,S,N,A,-,Y,,,163,,,,,,S,Y,1,1,3,2,A,-,01,23152,A,N,C,C,A,A,H,-,D,D,0,,,,,Y,Y,A,01,3,0,0,0,0,0,0,0,0,"- ","- ",32.732280731201172,-117.15493774414062,"SAN DIEGO","SAN DIEGO",-117.15493011474609,32.732284545898438
91031077,2019,2019-07-15,9650,2019-07-06,1515,019270,,6,2,9,3700,0,3,5,,1,212,"OLD HIGHWAY 395","CAMINO DEL REY",2640.00,S,N,A,-,N,,,,,,,,,,Y,3,0,2,2,A,-,08,22107,,N,E,I,A,A,H,-,A,D,0,,,,,Y,Y,A,07,0,1,1,0,0,0,0,0,0,"- ","- ",33.259201049804688,-117.15529632568359,"SAN DIEGO",UNINCORPORATED,-117.1553955078125,33.259563446044922
91032937,2019,2019-07-17,9680,2019-07-07,2159,019594,,7,2,9,3700,0,3,5,,2,009,"16TH ST","MAIN ST. (SR-67)",528.00,S,N,A,-,N,,,,,,,,,,N,4,0,1,3,A,-,01,23152,A,N,E,I,A,A,H,-,C,D,0,,,,,Y,Y,A,01,0,0,1,0,0,0,0,0,0,"- ","- ",33.035369873046875,-116.87713623046875,"SAN DIEGO",UNINCORPORATED,-116.87714385986328,33.035572052001953
91033324,2019,2019-08-02,9650,2019-05-25,1300,016487,,6,1,9,3700,0,2,4,,2,061,"EAST MISSION ROAD","WILLOW GLEN RD",25.00,W,N,A,-,N,,,,,,,,,,Y,1,1,0,1,D,-,00,,,N,E,I,A,A,H,-,A,D,0,,,Y,,Y,Y,-,"- ",0,0,0,0,0,0,0,1,0,"- ","- ",33.394119262695312,-117.20063781738281,"SAN DIEGO",UNINCORPORATED,-117.20056915283203,33.394004821777344
9103387,2020,2020-11-05,3700,2020-05-02,0006,SH009,,6,5,5,3713,0,0,0,,0,316,"MAR VISTA DR","STONERIDGE TER",500.00,E,N,A,-,N,,,,,,,,,,Y,3,0,1,1,A,-,01,23152,A,M,E,I,A,A,H,-,D,D,0,,,,,Y,Y,D,22,0,1,0,0,0,0,0,0,0,"- ","- ",,,"SAN DIEGO",VISTA,-117.22731781005859,33.180393218994141
91034092,2019,2019-07-19,9650,2019-07-13,0135,021435,,6,3,6,3706,0,1,1,,2,023,"I-15 SOUTHBOUND","DEL LAGO BLVD",1470.00,N,N,B,-,Y,,,15,,,,,,S,Y,4,0,1,2,A,-,03,22350,,F,C,C,A,A,H,-,C,D,0,,,,,Y,Y,A,01,0,0,1,0,0,0,0,0,0,"- ","- ",33.077659606933594,-117.07095336914062,"SAN DIEGO",ESCONDIDO,-117.07112884521484,33.077606201171875
91034173,2019,2019-07-19,9650,2019-07-14,0205,019191,,7,3,9,3700,0,3,5,,2,170,"S. SANTA FE AVE","WOODLAND DR",114.00,E,N,A,-,N,,,,,,,,,,Y,3,0,1,1,A,-,08,22107,,N,E,I,A,A,H,-,C,A,0,,,,,Y,Y,D,22,0,1,0,0,0,0,0,0,0,"- ","- ",33.175628662109375,-117.21238708496094,"SAN DIEGO",UNINCORPORATED,-117.21260833740234,33.175804138183594
91034299,2019,2019-08-05,9680,2019-07-11,1937,021944,,4,2,9,3700,0,2,4,,1,026,"BANCROFT DR","VALENCIA ST",38.00,N,N,A,-,N,,,,,,,,,,Y,1,1,0,2,A,-,01,23152,A,N,C,C,A,A,H,-,A,D,0,,,Y,,Y,Y,C,02,0,0,0,0,0,0,0,1,0,"- ","- ",32.7347412109375,-117.00652313232422,"SAN DIEGO",UNINCORPORATED,-117.00643920898438,32.734722137451172
91034366,2019,2019-07-19,9680,2019-06-26,1540,021813,,3,2,9,3700,0,2,4,,1,026,"JAMACHA RD","JAMACHA LN",0.00,,Y,A,-,N,,,,,,,,,,Y,4,0,2,3,A,-,01,23152,A,N,D,C,A,A,H,-,A,A,0,,,,,Y,Y,A,01,0,0,2,0,0,0,0,0,0,"- ","- ",32.714950561523438,-117.00797271728516,"SAN DIEGO",UNINCORPORATED,-117.008056640625,32.714809417724609
91034400,2019,2019-07-19,9680,2019-07-09,1917,017460,,2,2,9,3700,0,1,1,,2,086,"INTERSTATE 8 (WESTBOOUND)","CARRIZO CREEK",18480.00,E,N,A,-,Y,,,8,,,,,,,Y,2,0,2,2,A,-,01,23152,A,N,B,C,A,A,H,-,A,D,0,,,,Y,Y,Y,D,22,1,1,0,0,0,0,0,0,0,"- ","- ",32.661670684814453,-116.22585296630859,"SAN DIEGO",UNINCORPORATED,-116.22583770751953,32.661617279052734
91035051,2019,2019-07-22,9680,2019-07-10,2305,022233,,3,3,9,3700,0,3,5,,2,004,"PROCTOR VALLEY RD","SHADOW VALLEY",528.00,E,N,A,-,N,,,,,,,,,,Y,3,0,1,1,A,-,03,22350,,N,E,I,A,A,H,-,D,D,0,,,,,Y,Y,A,01,0,1,0,0,0,0,0,0,0,"- ","- ",32.702919006347656,-116.89855194091797,"SAN DIEGO",UNINCORPORATED,-116.89858245849609,32.703067779541016
91035156,2019,2019-07-24,9645,2019-07-14,0410,021617,,7,3,5,3709,0,1,3,,2,008,"SR-54 E/B","HIGHLAND AVE",215.00,E,N,A,-,Y,,,54,,,,,,E,Y,3,0,2,2,A,-,01,23152,A,N,A,C,A,A,H,-,C,D,0,,,,,Y,Y,A,01,0,2,0,0,0,0,0,0,0,"- ","- ",32.655078887939453,-117.08891296386719,"SAN DIEGO","NATIONAL CITY",-117.08889770507812,32.655055999755859
91035186,2019,2019-07-22,9650,2019-07-14,0215,022031,,7,3,6,3710,0,1,1,,2,005,"I-5 SB TO SR-78 E/B",SR-78,400.00,S,N,A,-,Y,,,5,,,,R,,S,Y,3,0,1,1,A,-,01,23152,A,N,E,I,A,A,H,-,D,C,0,,,,,Y,Y,A,01,0,1,0,0,0,0,0,0,0,"- ","- ",33.175369262695312,-117.35172271728516,"SAN DIEGO",OCEANSIDE,-117.35172271728516,33.175369262695312
91035435,2019,2019-07-22,9650,2019-07-19,1800,021698,,5,2,9,3700,0,3,5,,2,070,"LA NORIA","LA BAJADA",1584.00,W,N,A,-,N,,,,,,,,,,Y,2,0,1,2,A,-,01,23152,A,N,C,C,A,A,H,-,A,D,0,,,,,Y,Y,A,01,1,0,0,0,0,0,0,0,0,"- ","- ",33.026981353759766,-117.23628234863281,"SAN DIEGO",UNINCORPORATED,-117.23599243164062,33.027175903320312
91035925,2019,2019-07-23,9680,2019-07-11,2035,021476,,4,2,5,3708,0,1,1,,2,081,"I-8 E/B TO SR-125 S/B","LA MESA BLVD",65.00,W,N,A,-,Y,,,8,,,,R,,E,Y,2,0,1,3,A,-,01,23152,A,N,C,C,E,A,H,-,D,A,0,Y,,,Y,Y,Y,A,07,1,0,0,0,1,0,0,0,0,"- ","- ",32.776149749755859,-117.00446319580078,"SAN DIEGO","LA MESA",-117.00446319580078,32.776149749755859
91036698,2019,2019-07-24,9650,2019-07-13,2335,021463,,6,3,6,3706,0,1,1,,2,023,"I-15 SOUTHBOUND","CITRACADO PKY",1900.00,N,N,A,-,Y,,,15,,,,,,S,Y,2,0,3,2,A,-,01,23152,A,N,C,C,A,A,H,-,C,D,0,,,,,Y,Y,A,01,1,1,1,0,0,0,0,0,0,"- ","- ",33.099040985107422,-117.08946990966797,"SAN DIEGO",ESCONDIDO,-117.08937835693359,33.099113464355469
91037896,2019,2019-07-25,9645,2019-01-23,2330,015001,,3,3,7,3711,0,1,1,,2,030,"I-15 N/B (HOV)","CARMEL MTN RD",2112.00,S,N,B,-,Y,,,15,,,,,,N,Y,2,0,1,2,A,-,01,23152,A,N,C,C,A,A,H,-,D,D,0,,,,,Y,Y,A,01,1,0,0,0,0,0,0,0,0,"- ","- ",32.970508575439453,-117.09162902832031,"SAN DIEGO","SAN DIEGO",-117.09152221679688,32.970443725585938
91038053,2019,2019-07-25,9680,2019-07-13,1744,021441,,6,2,5,3705,0,3,5,,2,001,"BRADLEY AVE","GRAVES AVE",193.00,W,N,A,-,N,,,,,,,,,,Y,3,0,1,2,A,-,01,23152,A,N,C,C,A,A,H,-,A,A,0,,,Y,,Y,Y,C,02,0,1,0,0,0,0,0,0,1,"- ","- ",32.819099426269531,-116.95970153808594,"SAN DIEGO","EL CAJON",-116.95958709716797,32.819099426269531
91038068,2019,2019-07-25,9680,2019-07-13,0150,021764,,6,3,5,3708,0,1,1,,2,081,"I-8 E/B TO FLETCHER PARKWAY","FLETCHER PARKWAY",528.00,W,N,A,-,Y,,,8,,,,R,,E,Y,3,0,1,1,A,-,01,23152,A,N,E,I,A,A,H,-,C,A,0,,,,,Y,Y,D,22,0,1,0,0,0,0,0,0,0,"- ","- ",32.773738861083984,-117.03247833251953,"SAN DIEGO","LA MESA",-117.03247833251953,32.773738861083984
9103854,2020,2020-07-20,3711,2020-03-11,0552,8447,,3,5,7,3711,0,0,0,,0,712,"SUNSET LN","SAN YSIDRO BL",0.00,,Y,A,-,N,,,,,,,,,,N,4,0,1,2,C,-,18,,,N,D,C,A,A,H,-,C,D,0,,,,,Y,Y,-,"- ",0,0,1,0,0,0,0,0,0,"- ","- ",,,"SAN DIEGO","SAN DIEGO",-117.05975341796875,32.558128356933594
9103933,2020,2020-11-06,3710,2020-05-06,1338,OC1311,,3,5,6,3710,0,0,0,,0,019,"NORTH RIVER RD","WILSHIRE RD",225.00,W,N,A,-,N,,,,,,,,,,Y,3,0,1,1,A,-,01,23152,A,N,E,I,A,A,H,-,A,D,0,,,,,Y,Y,A,01,0,1,0,0,0,0,0,0,0,"- ","- ",,,"SAN DIEGO",OCEANSIDE,-117.27785491943359,33.258098602294922
91039547,2019,2019-07-26,9650,2019-07-24,0150,019549,,3,3,9,3700,0,1,1,,2,021,"I-15 N/B","DEER SPRINGS RD",2000.00,N,N,A,-,Y,,,15,,,,,,N,Y,3,0,2,2,A,-,01,23152,A,N,C,C,A,A,H,-,D,D,0,,,,,Y,Y,A,01,0,1,1,0,0,0,0,0,0,"- ","- ",33.202190399169922,-117.12838745117188,"SAN DIEGO",UNINCORPORATED,-117.12847137451172,33.202133178710938
91040649,2019,2019-07-29,9650,2019-07-24,2010,020747,,3,2,9,3700,0,3,5,,2,070,"EL CAMINO DEL NORTE","LAGO VISTA",528.00,W,N,A,-,N,,,,,,,,,,Y,3,0,1,1,A,-,01,23152,A,N,E,I,A,A,H,-,D,D,0,,,,,Y,Y,A,01,0,1,0,0,0,0,0,0,0,"- ","- ",33.043071746826172,-117.19200897216797,"SAN DIEGO",UNINCORPORATED,-117.19190979003906,33.043342590332031
91041561,2019,2019-07-30,9680,2019-04-18,0415,019384,,4,3,5,3705,0,1,3,,2,028,"SR-125 S/B","CHATHAM STREET",5.00,N,N,A,-,Y,,,125,,,,,,S,Y,2,0,2,1,A,-,01,23152,A,N,E,I,A,A,H,-,D,D,0,,,,,Y,Y,A,07,1,1,0,0,0,0,0,0,0,"- ","- ",32.797748565673828,-117.00565338134766,"SAN DIEGO","EL CAJON",-117.00563049316406,32.797748565673828
91041802,2019,2019-07-30,9680,2019-07-19,2130,021828,,5,2,9,3700,0,2,4,,1,026,"JAMACHA BLVD","FOLEX WAY",12.00,E,N,A,-,Y,,,,,,,,,,Y,3,0,2,2,A,-,01,23152,A,N,C,C,A,A,H,-,C,A,0,,,,,Y,Y,A,07,0,2,0,0,0,0,0,0,0,"- ","- ",32.727199554443359,-116.96630096435547,"SAN DIEGO",UNINCORPORATED,-116.96635437011719,32.727279663085938
91042414,2019,2019-07-31,9645,2019-07-19,1720,021263,,5,2,5,3709,0,1,3,,2,008,"STATE ROUTE 54 W/B TO INTERSTATE  5 N/B","INTERSTATE 5",250.00,E,N,A,-,Y,,,54,,,,R,,W,Y,4,0,1,1,A,-,01,23152,A,N,E,I,A,A,H,-,A,D,0,,,,,Y,Y,A,01,0,0,1,0,0,0,0,0,0,"- ","- ",32.652778625488281,-117.10362243652344,"SAN DIEGO","NATIONAL CITY",-117.10362243652344,32.652778625488281
91042503,2019,2019-08-12,9650,2019-07-29,0135,018406,,1,3,5,3701,0,1,1,,2,005,"I-5 N/B","CARLSBAD VILLAGE DR",500.00,N,N,B,-,Y,,,5,,,,,,N,Y,3,0,1,2,A,-,07,21658,A,N,C,C,A,A,H,-,D,D,0,,,,,Y,Y,A,01,0,1,0,0,0,0,0,0,0,"- ","- ",33.164768218994141,-117.34300994873047,"SAN DIEGO",CARLSBAD,-117.34292602539062,33.164813995361328
91042635,2019,2019-07-31,9680,2019-04-24,2325,020780,,3,3,9,3700,0,2,4,,1,026,"JAMACHA BOULEVARD","FELICITA AVENUE",13.00,E,N,B,-,N,,,,,,,,,,Y,1,1,1,3,A,-,11,21954,A,N,G,B,D,A,H,-,C,D,0,Y,,,,Y,Y,N,60,1,0,0,1,1,0,0,0,0,"- ","- ",32.707981109619141,-117.00080108642578,"SAN DIEGO",UNINCORPORATED,-117.00087738037109,32.707920074462891
91043821,2019,2019-08-01,9645,2019-07-21,0635,020066,,7,1,7,3711,0,1,1,,2,021,"I-15 N/B","AERO DRIVE",1000.00,S,N,B,-,Y,,,15,,,,,,N,Y,4,0,2,2,A,-,01,23152,A,N,C,C,A,A,H,-,A,D,0,,,,,Y,Y,A,01,0,0,2,0,0,0,0,0,0,"- ","- ",32.800010681152344,-117.11225891113281,"SAN DIEGO","SAN DIEGO",-117.11244201660156,32.799991607666016
9104404,2019,2020-06-05,3711,2019-09-10,0217,SD7174,,2,5,7,3711,0,0,0,,0,613,"CATALINA BL","DEL MONTE",0.00,,Y,A,-,N,,,,,,,,,,Y,3,0,1,2,A,-,00,20002,A,M,C,E,A,A,H,-,C,D,0,,,,,Y,Y,A,01,0,1,0,0,0,0,0,0,0,"- ","- ",,,"SAN DIEGO","SAN DIEGO",-117.23964691162109,32.735969543457031
91044741,2019,2019-08-05,9650,2019-07-27,0258,021435,,6,3,9,3700,0,2,4,,2,061,"E. MISSION RD.","OLD HWY 395",45.00,N,N,A,-,N,,,,,,,,,,Y,4,0,1,1,A,-,01,23152,A,N,E,I,A,A,H,-,C,D,0,,,,,Y,Y,A,01,0,0,1,0,0,0,0,0,0,"- ","- ",33.38739013671875,-117.17710876464844,"SAN DIEGO",UNINCORPORATED,-117.17710876464844,33.38739013671875
91045213,2019,2019-08-05,9650,2019-07-27,0210,022031,,6,3,6,3706,0,1,1,,2,021,"I-15 S/B","NUTMEG ST",700.00,N,N,A,-,Y,,,15,,,,,,S,Y,2,0,3,3,A,-,01,23152,G,N,C,C,A,A,H,-,D,D,0,,,,,Y,Y,A,01,2,1,0,0,0,0,0,0,0,"- ","- ",33.167560577392578,-117.10881805419922,"SAN DIEGO",ESCONDIDO,-117.10879516601562,33.167572021484375
91046446,2019,2019-08-06,9650,2019-08-03,0027,021528,,6,3,9,3700,0,1,1,,2,021,"I-15 N/B","LAWRENCE WELK LN",1500.00,N,N,A,-,Y,,,15,,,,,,N,Y,3,0,1,2,A,-,01,23152,A,N,C,C,A,A,H,-,D,D,0,,,,Y,Y,Y,A,01,0,1,0,0,0,0,0,0,0,"- ","- ",33.236679077148438,-117.14864349365234,"SAN DIEGO",UNINCORPORATED,-117.14865875244141,33.236671447753906
91047107,2019,2019-08-07,9645,2019-07-07,2202,019867,,7,3,7,3711,0,1,1,,2,001,"I-5 N/B FROM PALM AVE. E/B","SATURN BLVD",897.00,E,N,A,G,Y,,,5,,,,R,,N,Y,3,0,1,1,A,-,01,23152,A,N,E,I,A,A,H,-,C,D,0,,,,,Y,Y,A,01,0,1,0,0,0,0,0,0,0,"- ","- ",32.583660125732422,-117.08957672119141,"SAN DIEGO","SAN DIEGO",-117.08957672119141,32.583660125732422
91047604,2019,2019-08-07,9680,2019-07-28,1745,016102,,7,2,9,3700,0,1,3,,1,040,"STATE ROUTE 94 (SR-94)","HARRIS RANCH ROAD",11616.00,E,N,A,-,Y,,,94,,,,,,,Y,3,0,1,1,A,-,01,23152,A,N,F,A,A,A,H,-,A,A,0,,,,,Y,Y,D,22,0,1,0,0,0,0,0,0,0,"- ","- ",32.596141815185547,-116.54357147216797,"SAN DIEGO",UNINCORPORATED,-116.54356384277344,32.596103668212891
91047896,2019,2019-08-08,9680,2019-07-20,2005,021322,,6,2,9,3700,0,3,5,,2,002,"HONEY SPRINGS RD.","BRATTON VALLEY RD",2112.00,E,N,A,-,N,,,,,,,,,,Y,3,0,1,1,A,-,01,23152,A,N,E,I,A,A,H,-,D,D,0,,,,,Y,Y,A,07,0,1,0,0,0,0,0,0,0,"- ","- ",32.689121246337891,-116.74845123291016,"SAN DIEGO",UNINCORPORATED,-116.74853515625,32.689060211181641
91047900,2019,2019-08-08,9645,2019-07-29,0001,021494,,1,3,7,3711,0,1,1,,2,017,"I-15 N/B","MIRAMAR RD.",2000.00,S,N,A,-,Y,,,15,,,,,,N,N,3,0,1,2,A,-,01,23152,A,M,C,C,A,A,H,-,C,D,0,,,,,Y,Y,A,01,0,1,0,0,0,0,0,0,0,"- ","- ",32.88800048828125,-117.11219787597656,"SAN DIEGO","SAN DIEGO",-117.11232757568359,32.887924194335938
91047941,2019,2019-08-08,9680,2019-07-20,2112,021441,,6,2,4,3720,0,1,3,,2,027,"SR-94 E/B","COLLEGE AVE",1460.00,E,N,A,-,Y,,,94,,,,,,E,Y,2,0,2,3,A,-,01,23152,A,N,E,I,A,A,H,-,D,D,0,,,,,Y,Y,A,01,1,1,0,0,0,0,0,0,0,"- ","- ",32.743900299072266,-117.04789733886719,"SAN DIEGO","LEMON GROVE",-117.0478515625,32.743831634521484
91048020,2019,2019-08-08,9680,2019-07-21,1830,019555,,7,2,9,3700,0,3,5,,2,003,"TAVERN RD","ALPINE BLVD",3.00,N,N,A,-,N,,,,,,,,,,Y,4,0,1,2,A,-,01,23152,A,N,D,C,A,A,H,-,A,A,0,,,,,Y,Y,A,01,0,0,1,0,0,0,0,0,0,"- ","- ",32.837909698486328,-116.77826690673828,"SAN DIEGO",UNINCORPORATED,-116.77828979492188,32.837757110595703
91048129,2019,2019-08-08,9680,2019-07-20,0845,019255,,6,1,9,3700,0,3,5,,2,001,"DUNBAR LN","CHOCOLATE SUMMIT DR",440.00,N,N,A,-,N,,,,,,,,,,N,2,0,1,1,A,-,01,23152,A,N,E,I,A,A,H,-,A,D,0,,,Y,,Y,Y,C,06,1,0,0,0,0,0,0,0,1,"- ","- ",32.859531402587891,-116.81929779052734,"SAN DIEGO",UNINCORPORATED,-116.81931304931641,32.859386444091797