CASE_ID,ACCIDENT_YEAR,PROC_DATE,JURIS,COLLISION_DATE,COLLISION_TIME,OFFICER_ID,REPORTING_DISTRICT,DAY_OF_WEEK,CHP_SHIFT,POPULATION,CNTY_CITY_LOC,SPECIAL_COND,BEAT_TYPE,CHP_BEAT_TYPE,CITY_DIVISION_LAPD,CHP_BEAT_CLASS,BEAT_NUMBER,PRIMARY_RD,SECONDARY_RD,DISTANCE,DIRECTION,INTERSECTION,WEATHER_1,WEATHER_2,STATE_HWY_IND,CALTRANS_COUNTY,CALTRANS_DISTRICT,STATE_ROUTE,ROUTE_SUFFIX,POSTMILE_PREFIX,POSTMILE,LOCATION_TYPE,RAMP_INTERSECTION,SIDE_OF_HWY,TOW_AWAY,COLLISION_SEVERITY,NUMBER_KILLED,NUMBER_INJURED,PARTY_COUNT,PRIMARY_COLL_FACTOR,PCF_CODE_OF_VIOL,PCF_VIOL_CATEGORY,PCF_VIOLATION,PCF_VIOL_SUBSECTION,HIT_AND_RUN,TYPE_OF_COLLISION,MVIW,PED_ACTION,ROAD_SURFACE,ROAD_COND_1,ROAD_COND_2,LIGHTING,CONTROL_DEVICE,CHP_ROAD_TYPE,PEDESTRIAN_ACCIDENT,BICYCLE_ACCIDENT,MOTORCYCLE_ACCIDENT,TRUCK_ACCIDENT,NOT_PRIVATE_PROPERTY,ALCOHOL_INVOLVED,STWD_VEHTYPE_AT_FAULT,CHP_VEHTYPE_AT_FAULT,COUNT_SEVERE_INJ,COUNT_VISIBLE_INJ,COUNT_COMPLAINT_PAIN,COUNT_PED_KILLED,COUNT_PED_INJURED,COUNT_BICYCLIST_KILLED,COUNT_BICYCLIST_INJURED,COUNT_MC_KILLED,COUNT_MC_INJURED,PRIMARY_RAMP,SECONDARY_RAMP,LATITUDE,LONGITUDE,COUNTY,CITY,POINT_X,POINT_Y
91048317,2019,2019-08-08,9645,2019-07-29,0150,019867,,1,3,9,3700,0,3,5,,2,018,"COUNTRY TRAILS (4000 BLOCK)","BLACKSMITH ROAD",302.00,S,N,A,-,N,,,,,,,,,,Y,3,0,1,3,A,-,01,23152,A,N,C,C,A,A,H,-,C,D,0,,,,,Y,Y,A,01,0,1,0,0,0,0,0,0,0,"- ","- ",32.666019439697266,-116.99949645996094,"SAN DIEGO",UNINCORPORATED,-116.99941253662109,32.666069030761719
91048763,2019,2019-08-09,9645,2019-07-30,0210,021338,,2,3,7,3711,0,1,1,,2,001,"I-5 S/B TO TOCAYO AVENUE","TOCAYO AVENUE",150.00,N,N,A,-,Y,,,5,,,,R,,S,Y,2,0,1,1,A,-,01,23152,A,N,E,I,A,A,H,-,D,D,0,,,,,Y,Y,A,01,1,0,0,0,0,0,0,0,0,"- ","- ",32.565788269042969,-117.07523345947266,"SAN DIEGO","SAN DIEGO",-117.07523345947266,32.565788269042969
9104885,2020,2020-11-06,3711,2020-05-22,1717,SD201,,5,5,7,3711,0,0,0,,0,315,"CAMINO DEL RIO","AUTO CIR",105.00,E,N,A,-,N,,,,,,,,,,N,3,0,1,2,A,-,08,22107,,N,B,C,A,A,H,-,A,D,0,,,Y,,Y,Y,A,01,0,1,0,0,0,0,0,0,1,"- ","- ",,,"SAN DIEGO","SAN DIEGO",-117.15392303466797,32.764392852783203
9104891,2020,2020-10-28,3711,2020-05-22,1830,SD6173,,5,5,7,3711,0,0,0,,0,114,"CLAIREMONT DR","MERRIMAC ST",528.00,W,N,A,-,N,,,,,,,,,,Y,3,0,1,2,A,-,09,21801,A,N,A,C,A,A,H,-,A,D,0,,,,,Y,Y,A,01,0,1,0,0,0,0,0,0,0,"- ","- ",,,"SAN DIEGO","SAN DIEGO",-117.20413970947266,32.832469940185547
9104893,2020,2020-10-28,3711,2020-05-25,1840,SD5106,,1,5,7,3711,0,0,0,,0,722,"ILEX AV","SATURN BL",540.00,E,N,A,-,N,,,,,,,,,,N,4,0,1,2,A,-,03,22350,,M,D,G,A,A,H,-,A,D,0,,Y,,,Y,Y,L,04,0,0,1,0,0,0,1,0,0,"- ","- ",,,"SAN DIEGO","SAN DIEGO",-117.09100341796875,32.570045471191406
9104897,2020,2020-10-28,3711,2020-05-22,1500,SD6951,,5,5,7,3711,0,0,0,,0,521,"F ST","16TH ST",111.00,E,N,A,-,N,,,,,,,,,,N,4,0,1,2,A,-,08,22107,,M,C,C,A,A,H,-,A,A,0,,,,,Y,Y,A,01,0,0,1,0,0,0,0,0,0,"- ","- ",,,"SAN DIEGO","SAN DIEGO",-117.14907073974609,32.713668823242188
91049145,2019,2019-08-09,9680,2019-07-22,1645,021501,,1,2,9,3700,0,3,5,,2,007,"WEATHER VANE DR","COUNTRY CLUB RD",0.00,,Y,A,-,N,,,,,,,,,,Y,3,0,1,2,A,-,09,21803,A,N,D,C,A,A,H,-,A,A,0,,,,,Y,Y,D,22,0,1,0,0,0,0,0,0,0,"- ","- ",33.244640350341797,-116.37631988525391,"SAN DIEGO",UNINCORPORATED,-116.3763427734375,33.244651794433594
9104917,2020,2020-10-30,3711,2020-05-23,2100,SD7708,,6,5,7,3711,0,0,0,,0,614,"SUNSET CLIFF BLVD","SANTA CRUZ AVE",0.00,,N,A,-,N,,,,,,,,,,N,4,0,1,6,A,-,08,22107,,N,B,E,A,A,E,-,C,D,0,,,,,Y,Y,A,01,0,0,1,0,0,0,0,0,0,"- ","- ",,,"SAN DIEGO","SAN DIEGO",-117.25051116943359,32.741378784179688
9104920,2020,2020-10-30,3711,2020-05-25,1607,SD7313,,1,5,7,3711,0,0,0,,0,813,"30TH AV","MEADE AVE",0.00,,Y,A,-,N,,,,,,,,,,Y,3,0,1,2,A,-,12,22450,A,N,D,C,A,A,H,-,A,A,0,,,,,Y,Y,A,01,0,1,0,0,0,0,0,0,0,"- ","- ",,,"SAN DIEGO","SAN DIEGO",-117.13017272949219,32.757278442382812
91049376,2019,2019-08-15,9650,2019-08-01,2300,021435,,4,3,9,3700,0,1,1,,2,003,"I-5 NORTHBOUND","CAMP DEL MAR O/C",630.00,N,N,A,-,Y,,,5,,,,,,N,N,4,0,1,2,A,-,11,21954,A,N,G,B,E,A,H,-,D,D,0,Y,,,,Y,Y,N,60,0,0,1,0,1,0,0,0,0,"- ","- ",33.217369079589844,-117.39041900634766,"SAN DIEGO",UNINCORPORATED,-117.3905029296875,33.21734619140625
91049378,2019,2019-08-12,9650,2019-08-02,2350,019191,,5,3,6,3710,0,1,3,,2,015,"SR-78 E/B","EL CAMINO REAL",1287.00,E,N,A,-,Y,,,78,,,,,,E,Y,2,0,6,3,A,-,01,23152,A,F,C,C,A,A,H,-,C,D,0,,,,,Y,Y,A,01,1,2,3,0,0,0,0,0,0,"- ","- ",33.182140350341797,-117.32247161865234,"SAN DIEGO",OCEANSIDE,-117.32247161865234,33.182132720947266
91049908,2019,2019-08-12,9680,2019-07-26,1800,021944,,5,2,9,3700,0,3,5,,2,002,"DOLORES ST","BARCELONA ST",0.00,,Y,A,-,N,,,,,,,,,,Y,3,0,2,3,A,-,01,23152,A,N,D,C,A,A,H,-,A,A,0,,,,,Y,Y,A,01,0,1,1,0,0,0,0,0,0,"- ","- ",32.747081756591797,-116.98185729980469,"SAN DIEGO",UNINCORPORATED,-116.98182678222656,32.747028350830078
91050742,2019,2019-08-13,9645,2019-08-01,0125,020561,,4,3,7,3711,0,1,3,,2,023,"SR-163 S/B TO I-5 S/B","PARK BLVD.",669.00,N,N,A,-,Y,,,163,,,,R,,S,Y,4,0,1,1,A,-,01,23152,A,N,E,I,A,A,H,-,D,D,0,,,,,Y,Y,A,01,0,0,1,0,0,0,0,0,0,"- ","- ",32.723720550537109,-117.15390014648438,"SAN DIEGO","SAN DIEGO",-117.15390014648438,32.723720550537109
91050791,2019,2019-08-13,9645,2019-08-01,0039,018987,,4,3,7,3711,0,1,1,,2,015,"I-805 NORTHBOUND","SORRENTO VALLEY BL",171.00,S,N,A,-,Y,,,805,,,,,,N,Y,4,0,1,1,A,-,01,23152,A,N,E,I,A,A,H,-,C,D,0,,,,,Y,Y,D,22,0,0,1,0,0,0,0,0,0,"- ","- ",32.901138305664062,-117.22055816650391,"SAN DIEGO","SAN DIEGO",-117.22058868408203,32.901111602783203
91051019,2019,2019-08-13,9680,2019-08-02,2125,021945,,5,2,9,3700,0,1,3,,1,040,SR-94,"LUCKY SIX TRUCK TRAIL",317.00,E,N,A,-,Y,,,94,,,,,,,Y,2,0,1,2,A,-,01,23152,A,N,A,C,A,A,H,-,D,A,0,,,,Y,Y,Y,A,01,1,0,0,0,0,0,0,0,0,"- ","- ",32.624320983886719,-116.75324249267578,"SAN DIEGO",UNINCORPORATED,-116.75324249267578,32.624336242675781
91051042,2019,2019-08-13,9650,2019-08-08,2149,020343,,4,2,9,3700,0,2,4,,2,061,"S. MISSION RD","SILVER SPRINGS LN",290.00,S,N,A,-,N,,,,,,,,,,Y,3,0,2,2,A,-,01,23152,A,N,C,C,A,A,H,-,C,D,0,,,,,Y,Y,A,01,0,2,0,0,0,0,0,0,0,"- ","- ",33.336849212646484,-117.23731231689453,"SAN DIEGO",UNINCORPORATED,-117.23728179931641,33.336860656738281
91051840,2019,2019-08-14,9680,2019-08-04,1810,016102,,7,2,9,3700,0,2,4,,1,061,"OLD HIGHWAY 80","LIVE OAK SPRINGS ROAD",30.00,E,N,A,-,N,,,,,,,,,,Y,3,0,4,2,A,-,01,23152,A,N,A,C,A,A,H,-,A,D,0,,,,,Y,Y,D,22,0,2,2,0,0,0,0,0,0,"- ","- ",32.680450439453125,-116.33352661132812,"SAN DIEGO",UNINCORPORATED,-116.33340454101562,32.680061340332031
91052517,2019,2019-08-15,9680,2019-08-05,0105,020249,Baron,1,3,9,3700,0,2,4,,1,094,"WILDCAT CANYON ROAD","PAINTED ROCK ROAD",2112.00,S,N,A,-,N,,,,,,,,,,Y,2,0,1,1,A,-,01,23152,A,N,F,A,A,A,H,-,D,A,0,,,,,Y,Y,A,07,1,0,0,0,0,0,0,0,0,"- ","- ",32.973320007324219,-116.82907867431641,"SAN DIEGO",UNINCORPORATED,-116.829345703125,32.973388671875
91052590,2019,2019-08-15,9645,2019-06-02,0805,017139,,7,1,9,3700,0,3,5,,2,018,"RIDGEWAY DR E/B","ALTA DR",4224.00,W,N,A,-,N,,,,,,,,,,N,2,0,1,3,A,-,08,22107,,N,G,B,E,A,H,-,A,D,0,Y,,,,Y,Y,D,22,1,0,0,0,1,0,0,0,0,"- ","- ",32.667831420898438,-117.07119750976562,"SAN DIEGO",UNINCORPORATED,-117.07801055908203,32.66387939453125
91052714,2019,2019-08-15,9645,2019-07-06,0540,021873,,6,3,5,3709,0,1,1,,2,001,"I-5 N/B TO SR-54 E/B","E ST.",3168.00,N,N,B,-,Y,,,5,,,,R,,N,Y,3,0,1,1,A,-,01,23152,A,N,E,I,A,A,H,-,B,D,0,,,,,Y,Y,A,01,0,1,0,0,0,0,0,0,0,"- ","- ",32.650169372558594,-117.1014404296875,"SAN DIEGO","NATIONAL CITY",-117.1014404296875,32.650169372558594
91052868,2019,2019-08-15,9680,2019-08-05,0205,014676,,1,3,9,3700,0,1,1,,2,084,"I-8 E/B TO SR-79 (JAPATUL VALLEY RD)","SR-79 (JAPATUL VALLEY RD)",1290.00,E,N,A,-,Y,,,8,,,,R,,E,Y,3,0,1,2,A,-,01,23152,A,N,C,E,A,A,G,-,C,D,0,,,,Y,Y,Y,D,22,0,1,0,0,0,0,0,0,0,"- ","- ",32.826999664306641,-116.62637329101562,"SAN DIEGO",UNINCORPORATED,-116.62637329101562,32.826999664306641
91052915,2019,2019-08-15,9650,2019-08-11,1830,020673,,7,2,9,3700,0,1,1,,2,022,"I-15 NORTHBOUND","STEWART CANYON RD",1090.00,S,N,A,-,Y,,,,,,,,,,Y,4,0,1,1,A,-,01,23152,A,N,F,A,A,A,H,-,A,D,0,,,,,Y,Y,A,01,0,0,1,0,0,0,0,0,0,"- ","- ",33.214759826660156,-117.09320068359375,"SAN DIEGO",UNINCORPORATED,-117.16006469726562,33.362724304199219
91053423,2019,2019-08-16,9645,2019-08-06,0047,021097,,2,3,7,3711,0,1,1,,2,019,"I-15 S/B","CAMINO DEL NORTE",3500.00,S,N,A,-,Y,,,15,,,,,,S,Y,3,0,1,1,A,-,01,23152,A,N,F,A,A,A,H,-,C,D,0,,,,,Y,Y,A,07,0,1,0,0,0,0,0,0,0,"- ","- ",32.988021850585938,-117.08290100097656,"SAN DIEGO","SAN DIEGO",-117.08294677734375,32.988018035888672
91053496,2019,2019-08-16,9680,2019-08-06,0044,018907,Baron,2,3,9,3700,0,2,4,,1,013,"WILDCAT CANYON RD","OLD BARONA RD",2640.00,N,N,A,-,N,,,,,,,,,,Y,4,0,1,1,A,-,01,23152,A,N,F,A,A,A,H,-,D,D,0,,,,,Y,Y,A,01,0,0,1,0,0,0,0,0,0,"- ","- ",32.924751281738281,-116.87528228759766,"SAN DIEGO",UNINCORPORATED,-116.87728118896484,32.922439575195312
91053527,2019,2019-08-19,9650,2019-08-14,1850,021933,,3,2,9,3700,0,1,3,,2,019,"SR-78 W/B","WOODLAND PKY",1002.00,E,N,A,-,Y,,,,,,,,,,Y,4,0,1,2,A,-,01,23152,A,N,C,C,A,A,H,-,A,D,0,,,,,Y,Y,D,22,0,0,1,0,0,0,0,0,0,"- ","- ",33.137401580810547,-117.13809204101562,"SAN DIEGO",UNINCORPORATED,-117.13814544677734,33.137454986572266
91053655,2019,2019-08-16,9650,2019-08-10,1645,021805,,6,2,5,3782,0,1,1,,2,007,"I-5 N/B TO BIRMINGHAM DR","BIRMINGHAM DR",36.00,S,N,A,-,Y,,,5,,,,R,,N,Y,4,0,1,2,A,-,01,23152,A,F,C,C,A,A,D,-,A,D,0,,,,,Y,Y,A,07,0,0,1,0,0,0,0,0,0,"- ","- ",33.026348114013672,-117.27400207519531,"SAN DIEGO",ENCINITAS,-117.27400207519531,33.026348114013672
91053677,2019,2019-08-16,9680,2019-04-29,0547,017621,,1,3,9,3700,0,3,5,,2,009,"BLACK CANYON ROAD","PILE STREET",955.00,N,N,B,-,N,,,,,,,,,,Y,1,1,0,1,A,-,01,23152,A,N,E,I,A,B,H,-,B,A,0,,,,,Y,Y,A,07,0,0,0,0,0,0,0,0,0,"- ","- ",33.072151184082031,-116.84523010253906,"SAN DIEGO",UNINCORPORATED,-116.84527587890625,33.071929931640625
91053778,2019,2019-08-16,9680,2019-07-27,1815,022183,,6,2,5,3708,0,1,1,,2,081,"I-8 WB","GROSSMONT BLVD",192.00,E,N,A,-,Y,,,8,,,,,,W,N,4,0,2,2,D,-,00,,,N,C,C,A,A,H,-,A,D,0,,,,,Y,Y,-,"- ",0,0,2,0,0,0,0,0,0,"- ","- ",32.779220581054688,-116.98970031738281,"SAN DIEGO","LA MESA",-116.98970031738281,32.779186248779297
91053993,2019,2019-08-19,9650,2019-08-10,2351,019766,,6,3,9,3700,0,3,5,,2,070,"EL CAMINO REAL","STONEBRIDGE LANE",746.00,S,N,A,-,N,,,,,,,,,,Y,3,0,2,3,A,-,01,23152,A,N,E,I,A,A,H,-,D,D,0,,,,,Y,Y,A,07,0,2,0,0,0,0,0,0,0,"- ","- ",33.018299102783203,-117.24064636230469,"SAN DIEGO",UNINCORPORATED,-117.24057006835938,33.018402099609375
91054049,2019,2019-08-19,9650,2019-08-14,0457,013890,,3,3,5,3701,0,1,1,,2,005,"I-5 N/B","POINSETTIA LN",1056.00,N,N,A,-,Y,,,5,,,,,,N,Y,4,0,1,2,A,-,01,23152,A,N,B,C,A,A,D,-,D,D,0,,,,Y,Y,Y,A,01,0,0,1,0,0,0,0,0,0,"- ","- ",33.106231689453125,-117.3121337890625,"SAN DIEGO",CARLSBAD,-117.31221771240234,33.106174468994141
91054298,2019,2019-08-19,9645,2019-03-16,0243,020301,,6,3,7,3711,0,1,1,,2,013,"I-805 S/B","MURRAY RIDGE RD O/C",486.00,N,N,A,-,Y,,,805,,,,,,S,Y,1,1,1,3,A,-,05,21651,B,N,A,C,A,A,H,-,C,D,0,,,,,Y,Y,A,01,1,0,0,0,0,0,0,0,0,"- ","- ",32.787509918212891,-117.14762878417969,"SAN DIEGO","SAN DIEGO",-117.14763641357422,32.787502288818359
91054491,2019,2019-08-19,9650,2019-08-14,1715,020747,,3,2,9,3700,0,1,1,,2,021,"I-15 N/B","W. LILAC RD.",20.00,N,N,A,-,Y,,,15,,,,,,N,Y,3,0,2,2,A,-,01,23152,A,N,B,C,A,A,H,-,A,D,0,,,,,Y,Y,A,01,0,2,0,0,0,0,0,0,0,"- ","- ",33.300498962402344,-117.1497802734375,"SAN DIEGO",UNINCORPORATED,-117.14984130859375,33.300495147705078
91054680,2019,2019-08-19,9650,2019-08-11,1819,021200,,7,2,9,3700,0,2,4,,2,061,"S. MISSION ROAD","GREEN CANYON RD",40.00,S,N,A,-,N,,,,,,,,,,Y,3,0,1,1,A,-,01,23152,A,N,E,I,A,A,H,-,A,D,0,,,,,Y,Y,D,22,0,1,0,0,0,0,0,0,0,"- ","- ",33.333000183105469,-117.23583984375,"SAN DIEGO",UNINCORPORATED,-117.23587036132812,33.332908630371094
91054820,2019,2019-08-19,9680,2019-04-27,0055,021764,,6,3,9,3700,0,2,4,,1,021,"WILLOW GLEN DRIVE","CAMINO DE LAS PIEDRAS",879.00,S,N,A,-,N,,,,,,,,,,Y,1,1,1,2,A,-,08,22107,,N,A,C,A,A,H,-,D,D,0,,,,,Y,Y,A,07,1,0,0,0,0,0,0,0,0,"- ","- ",32.767921447753906,-116.88278198242188,"SAN DIEGO",UNINCORPORATED,-116.88301086425781,32.767223358154297
91055105,2019,2019-11-13,9645,2019-03-12,2312,021735,,2,3,7,3711,0,1,1,,2,001,"INTERSTATE 5 SOUTHBOUND","IRIS AVENUE",384.00,S,N,B,-,Y,,,,,,,,,,Y,1,1,0,1,A,-,01,23152,A,N,F,A,A,B,H,-,C,D,0,,,,,Y,Y,A,01,0,0,0,0,0,0,0,0,0,"- ","- ",,,"SAN DIEGO","SAN DIEGO",-117.07586669921875,32.567802429199219
91055118,2019,2019-08-20,9680,2019-07-21,2234,021764,,7,3,4,3720,0,1,3,,2,027,"SR-94 E/B","COLLEGE GROVE WAY",528.00,E,N,A,-,Y,,,94,,,,,,E,Y,4,0,1,3,A,-,03,22350,,F,C,C,A,A,H,-,D,D,0,,,,,Y,Y,A,01,0,0,1,0,0,0,0,0,0,"- ","- ",32.737861633300781,-117.05474853515625,"SAN DIEGO","LEMON GROVE",-117.05481719970703,32.737918853759766
91055524,2019,2019-08-20,9680,2019-08-08,0130,020884,,4,3,9,3700,0,1,3,,1,022,"JAMACHA RD","HILTON HEAD RD",0.00,,Y,A,-,N,,,,,,,,,,Y,4,0,2,2,A,-,12,21453,A,N,D,C,A,A,H,-,C,A,0,,,,,Y,Y,A,01,0,0,2,0,0,0,0,0,0,"- ","- ",32.746261596679688,-116.92749786376953,"SAN DIEGO",UNINCORPORATED,-116.92754364013672,32.746261596679688
91056358,2019,2019-08-21,9680,2019-08-10,0500,021646,,6,3,9,3700,0,3,5,,2,002,"AUSTIN DRIVE","CLEARFIELD AVENUE",70.00,W,N,A,-,N,,,,,,,,,,Y,3,0,1,3,A,-,01,23152,A,N,B,E,A,A,H,-,C,D,0,,,,,Y,Y,A,01,0,1,0,0,0,0,0,0,0,"- ","- ",32.731658935546875,-116.97866058349609,"SAN DIEGO",UNINCORPORATED,-116.97853851318359,32.731575012207031
91056692,2019,2019-08-21,9680,2019-08-10,0250,019936,,6,3,9,3700,0,1,1,,2,085,"I-8 EASTBOUND","PINE VALLEY RD",71.00,E,N,A,-,Y,,,8,,,,,,E,Y,2,0,1,1,A,-,01,23152,A,N,E,I,A,A,H,-,C,D,0,,,,,Y,Y,A,01,1,0,0,0,0,0,0,0,0,"- ","- ",32.817848205566406,-116.53233337402344,"SAN DIEGO",UNINCORPORATED,-116.53234100341797,32.817794799804688
91057001,2019,2019-08-22,9650,2019-08-11,0335,021435,,7,3,9,3700,0,1,1,,2,003,"I-5 SOUTHBOUND","LAS PULGAS RD",2950.00,S,N,B,-,Y,,,5,,,,,,S,Y,4,0,2,1,A,-,01,23152,A,N,E,I,A,A,H,-,D,D,0,,,,,Y,Y,A,07,0,0,2,0,0,0,0,0,0,"- ","- ",33.292728424072266,-117.4581298828125,"SAN DIEGO",UNINCORPORATED,-117.45807647705078,33.292770385742188
91057485,2019,2019-08-22,9680,2019-08-12,2155,018979,Baron,1,2,9,3700,0,2,4,,1,013,"WILDCAT CANYON RD","OLD BARONA RD",2640.00,N,N,A,-,N,,,,,,,,,,Y,4,0,1,1,A,-,01,23152,A,N,E,I,A,A,H,-,D,A,0,,,,,Y,Y,A,01,0,0,1,0,0,0,0,0,0,"- ","- ",32.924331665039062,-116.87538909912109,"SAN DIEGO",UNINCORPORATED,-116.87728118896484,32.922439575195312
91057663,2019,2019-08-22,9645,2019-08-13,0640,015494,,2,1,7,3711,0,1,1,,2,011,"I-805 S/B TO UNIVERSITY AVE","BOUNDARY ST",90.00,E,N,A,-,Y,,,805,,,,R,,S,Y,3,0,1,1,A,-,01,23152,A,N,E,I,A,A,H,-,A,A,0,,,,,Y,Y,A,01,0,1,0,0,0,0,0,0,0,"- ","- ",32.747501373291016,-117.12248229980469,"SAN DIEGO","SAN DIEGO",-117.12248229980469,32.747501373291016
91057835,2019,2019-08-22,9650,2019-08-09,0109,021463,,5,3,6,3706,0,1,3,,2,019,"SR-78 E/B","NORDAHL RD",2700.00,E,N,A,-,Y,,,78,,,,,,E,Y,3,0,1,2,A,-,01,23152,A,N,C,C,A,A,H,-,C,D,0,,,,,Y,Y,A,01,0,1,0,0,0,0,0,0,0,"- ","- ",33.128810882568359,-117.11421966552734,"SAN DIEGO",ESCONDIDO,-117.11421203613281,33.128822326660156
91058517,2019,2019-08-28,9680,2019-08-13,2232,021237,,2,3,4,3720,0,1,3,,2,027,"SR-94 E/B","COLLEGE AVE",654.00,E,N,A,-,Y,,,94,,,,,,E,Y,3,0,1,3,A,-,01,23152,A,F,G,B,E,A,D,-,C,A,0,Y,,,,Y,Y,A,01,0,1,0,0,1,0,0,0,0,"- ","- ",32.743011474609375,-117.04888153076172,"SAN DIEGO","LEMON GROVE",-117.04891204833984,32.743053436279297
91059027,2019,2019-08-26,9645,2019-08-02,2349,019867,,5,3,7,3711,0,1,1,,2,010,"I-8 W/B","OF WARING RD",70.00,E,N,A,-,Y,,,8,,,,,,W,Y,2,0,2,2,A,-,01,23152,A,N,C,C,A,A,H,-,C,D,0,,,,,Y,Y,A,01,2,0,0,0,0,0,0,0,0,"- ","- ",32.781169891357422,-117.08708953857422,"SAN DIEGO","SAN DIEGO",-117.08708953857422,32.781131744384766
91059402,2019,2019-08-26,9645,2019-08-09,0309,019410,,5,3,7,3711,0,1,1,,2,010,"I-8 W/B","SR-163 U/C",160.00,E,N,B,-,Y,,,8,,,,,,W,Y,4,0,2,2,A,-,01,23152,A,N,C,C,A,A,D,-,C,D,0,,,,,Y,Y,A,01,0,0,2,0,0,0,0,0,0,"- ","- ",32.763088226318359,-117.16261291503906,"SAN DIEGO","SAN DIEGO",-117.16260528564453,32.763084411621094
91059535,2019,2019-08-26,9645,2019-07-04,0030,021231,,4,3,7,3711,0,1,1,,2,009,"I-805 S/B","MAIN ST.",1500.00,N,N,A,-,Y,,,,,,,,,,Y,2,0,1,1,A,-,01,23152,A,N,E,I,A,A,H,-,D,D,0,,,,,Y,Y,A,01,1,0,0,0,0,0,0,0,0,"- ","- ",32.597690582275391,-117.03649139404297,"SAN DIEGO","SAN DIEGO",,
91059795,2019,2019-08-26,9680,2019-07-27,1325,018672,,6,1,9,3700,0,1,3,,1,051,SR-79,SR-78,594.00,S,N,A,-,Y,,,79,,,,,,,Y,4,0,1,1,A,-,01,23152,A,N,E,I,A,A,H,-,A,A,0,,,,,Y,Y,A,01,0,0,1,0,0,0,0,0,0,"- ","- ",33.074718475341797,-116.59832000732422,"SAN DIEGO",UNINCORPORATED,-116.59832763671875,33.074714660644531
91060286,2019,2019-08-27,9650,2019-08-20,2330,020771,,2,3,9,3700,0,3,5,,2,070,"VIA DE LA VALLE","CALZADA DEL BOSQUE",1650.00,W,N,A,-,N,,,,,,,,,,Y,3,0,1,1,A,-,01,23152,A,N,E,I,A,A,H,-,D,D,0,,,,,Y,Y,A,01,0,1,0,0,0,0,0,0,0,"- ","- ",33.00067138671875,-117.20652770996094,"SAN DIEGO",UNINCORPORATED,-117.20850372314453,33.005008697509766
91060480,2019,2019-08-27,9650,2019-08-24,1730,019822,,6,2,9,3700,0,3,5,,2,210,"DEER SPRINGS ROAD","MESA ROCK RD",1584.00,W,N,A,-,N,,,,,,,,,,Y,4,0,1,2,A,-,01,23152,A,N,A,C,A,A,H,-,A,D,0,,,,,Y,Y,D,22,0,0,1,0,0,0,0,0,0,"- ","- ",33.194950103759766,-117.13842010498047,"SAN DIEGO",UNINCORPORATED,-117.13192749023438,33.194808959960938
91060617,2019,2019-08-27,9645,2019-07-18,0720,021873,,4,1,7,3711,0,1,3,,2,006,"SR-94 W/B","22ND ST.",528.00,E,N,A,-,Y,,,94,,,,,,W,Y,4,0,3,4,A,-,03,22350,,N,C,C,A,A,H,-,A,D,0,,,,,Y,Y,A,01,0,0,3,0,0,0,0,0,0,"- ","- ",32.713291168212891,-117.14186096191406,"SAN DIEGO","SAN DIEGO",-117.14186096191406,32.713264465332031
91060680,2019,2019-08-27,9680,2019-07-27,0125,021839,,6,3,5,3705,0,1,3,,2,028,"SR-125 S/B","BLOSSOM LN",155.00,S,N,A,-,Y,,,,,,,,,,Y,2,0,1,1,A,-,01,23152,A,N,E,I,A,A,H,-,C,D,0,,,,,Y,Y,A,07,1,0,0,0,0,0,0,0,0,"- ","- ",32.724571228027344,-117.014892578125,"SAN DIEGO","EL CAJON",-117.01487731933594,32.7244873046875
91061385,2019,2019-08-28,9650,2019-08-25,2333,019766,,7,3,9,3700,0,2,4,,2,061,"E. MISSION ROAD","VALENTINE LANE",525.00,E,N,A,-,N,,,,,,,,,,Y,3,0,1,1,A,-,01,23152,A,N,E,I,A,A,H,-,D,D,0,,,,,Y,Y,A,07,0,1,0,0,0,0,0,0,0,"- ","- ",33.391651153564453,-117.19512939453125,"SAN DIEGO",UNINCORPORATED,-117.19518280029297,33.391777038574219
91061695,2019,2019-08-28,9645,2019-07-14,0220,021077,,7,3,7,3711,0,1,3,,2,006,"SR-94 W/B",SR-15,438.00,W,N,A,-,Y,,,94,,,,,,W,Y,2,0,1,1,A,-,01,23152,A,N,E,I,A,A,H,-,C,D,0,,,,,Y,Y,A,01,1,0,0,0,0,0,0,0,0,"- ","- ",32.716739654541016,-117.11962890625,"SAN DIEGO","SAN DIEGO",-117.11964416503906,32.716781616210938