CASE_ID,ACCIDENT_YEAR,PROC_DATE,JURIS,COLLISION_DATE,COLLISION_TIME,OFFICER_ID,REPORTING_DISTRICT,DAY_OF_WEEK,CHP_SHIFT,POPULATION,CNTY_CITY_LOC,SPECIAL_COND,BEAT_TYPE,CHP_BEAT_TYPE,CITY_DIVISION_LAPD,CHP_BEAT_CLASS,BEAT_NUMBER,PRIMARY_RD,SECONDARY_RD,DISTANCE,DIRECTION,INTERSECTION,WEATHER_1,WEATHER_2,STATE_HWY_IND,CALTRANS_COUNTY,CALTRANS_DISTRICT,STATE_ROUTE,ROUTE_SUFFIX,POSTMILE_PREFIX,POSTMILE,LOCATION_TYPE,RAMP_INTERSECTION,SIDE_OF_HWY,TOW_AWAY,COLLISION_SEVERITY,NUMBER_KILLED,NUMBER_INJURED,PARTY_COUNT,PRIMARY_COLL_FACTOR,PCF_CODE_OF_VIOL,PCF_VIOL_CATEGORY,PCF_VIOLATION,PCF_VIOL_SUBSECTION,HIT_AND_RUN,TYPE_OF_COLLISION,MVIW,PED_ACTION,ROAD_SURFACE,ROAD_COND_1,ROAD_COND_2,LIGHTING,CONTROL_DEVICE,CHP_ROAD_TYPE,PEDESTRIAN_ACCIDENT,BICYCLE_ACCIDENT,MOTORCYCLE_ACCIDENT,TRUCK_ACCIDENT,NOT_PRIVATE_PROPERTY,ALCOHOL_INVOLVED,STWD_VEHTYPE_AT_FAULT,CHP_VEHTYPE_AT_FAULT,COUNT_SEVERE_INJ,COUNT_VISIBLE_INJ,COUNT_COMPLAINT_PAIN,COUNT_PED_KILLED,COUNT_PED_INJURED,COUNT_BICYCLIST_KILLED,COUNT_BICYCLIST_INJURED,COUNT_MC_KILLED,COUNT_MC_INJURED,PRIMARY_RAMP,SECONDARY_RAMP,LATITUDE,LONGITUDE,COUNTY,CITY,POINT_X,POINT_Y
91073818,2019,2019-09-12,9680,2019-09-01,2135,021764,,7,2,9,3700,0,3,5,,2,002,"FURY LN","JAMACHA RD",0.00,,Y,A,-,N,,,,,,,,,,Y,3,0,1,1,A,-,01,23152,A,N,E,I,A,A,H,-,C,D,0,,,,,Y,Y,A,07,0,1,0,0,0,0,0,0,0,"- ","- ",32.742851257324219,-116.93424987792969,"SAN DIEGO",UNINCORPORATED,-116.93433380126953,32.743019104003906
91073821,2019,2019-09-12,9680,2019-09-02,2115,021828,,1,2,9,3700,0,2,4,,1,029,"CAMPO RD","BONITA ST",400.00,W,N,A,-,N,,,,,,,,,,N,4,0,1,2,A,-,11,21954,A,N,G,B,D,A,H,-,D,D,0,Y,,,,Y,Y,N,60,0,0,1,0,1,0,0,0,0,"- ","- ",32.747978210449219,-116.98467254638672,"SAN DIEGO",UNINCORPORATED,-116.984619140625,32.747970581054688
91074409,2019,2019-11-21,9645,2019-05-06,0051,021359,,1,3,7,3711,0,1,1,,2,011,"INTERSTATE-805 SOUTHBOUND","ORANGE AVENUE",330.00,S,N,A,-,Y,,,805,,,,,,S,Y,1,1,2,3,A,-,11,21954,A,N,G,B,E,A,H,-,D,D,0,Y,,,,Y,Y,N,60,0,2,0,1,0,0,0,0,0,"- ","- ",32.753311157226562,-117.12451934814453,"SAN DIEGO","SAN DIEGO",-117.12445068359375,32.753330230712891
91074524,2019,2019-09-13,9645,2019-08-28,0030,018652,,3,3,7,3711,0,1,3,,2,023,"SR-163 NB","WASHINGTON ST.",50.00,N,N,A,-,Y,,,163,,,,,,N,Y,3,0,1,1,A,-,01,23152,A,N,F,A,A,A,H,-,C,D,0,,,,,Y,Y,D,22,0,1,0,0,0,0,0,0,0,"- ","- ",32.751720428466797,-117.15585327148438,"SAN DIEGO","SAN DIEGO",-117.15584564208984,32.751724243164062
91074715,2019,2019-09-16,9650,2019-09-08,2040,017392,,7,2,9,3700,0,3,5,,2,070,"EL CAMINO DEL NORTE","ALISO CANYON RD",300.00,E,N,A,-,Y,,,,,,,,,,Y,2,0,2,1,A,-,01,23152,A,N,E,I,A,A,H,-,D,D,0,,,,,Y,Y,A,01,1,1,0,0,0,0,0,0,0,"- ","- ",33.043498992919922,-117.1864013671875,"SAN DIEGO",UNINCORPORATED,-117.18632507324219,33.043308258056641
91075203,2019,2019-09-16,9645,2019-09-04,0342,019678,,3,3,7,3711,0,1,1,,2,003,"I-5 S/B","1ST AVE.",1970.00,N,N,A,-,Y,,,5,,,,,,S,Y,3,0,1,1,A,-,01,23152,A,N,E,I,A,A,H,-,C,D,0,,,,,Y,Y,A,01,0,1,0,0,0,0,0,0,0,"- ","- ",32.727550506591797,-117.16803741455078,"SAN DIEGO","SAN DIEGO",-117.16810607910156,32.727493286132812
91075259,2019,2019-09-16,9645,2019-09-04,2324,018646,,3,3,7,3711,0,1,1,,2,005,"I-5 S/B","I-8 O/C",1200.00,S,N,B,-,Y,,,5,,,,,,S,Y,2,0,1,1,A,-,01,23152,A,N,E,I,A,A,H,-,D,D,0,,,,,Y,Y,A,01,1,0,0,0,0,0,0,0,0,"- ","- ",32.754741668701172,-117.20156097412109,"SAN DIEGO","SAN DIEGO",-117.20161437988281,32.754673004150391
91075452,2019,2019-09-16,9645,2019-08-01,2319,021617,,4,3,7,3711,0,1,1,,2,009,"I-805 SB","DEL SOL BLVD.",1050.00,N,N,A,-,Y,,,,,,,,,,Y,4,0,1,2,A,-,01,23152,A,F,C,C,A,A,H,-,C,D,0,,,,,Y,Y,A,01,0,0,1,0,0,0,0,0,0,"- ","- ",35.576511383056641,-117.03900909423828,"SAN DIEGO","SAN DIEGO",-117.03885650634766,32.57635498046875
91075511,2019,2019-09-16,9645,2019-07-21,0259,021359,,7,3,7,3711,0,1,1,,2,009,"I-805 S/B","SWEETWATER RD",2112.00,N,N,A,-,Y,,,,,,,,,,Y,3,0,1,2,A,-,01,23152,A,N,B,C,A,A,H,-,D,D,0,,,,,Y,Y,A,01,0,1,0,0,0,0,0,0,0,"- ","- ",32.66619873046875,-117.080078125,"SAN DIEGO","SAN DIEGO",,
9107563,2020,2020-11-10,3711,2020-05-29,2100,SD7348,,5,5,7,3711,0,0,0,,0,614,"SUNSET CLIFFS BL","NIMITZ BL",50.00,N,N,A,-,N,,,,,,,,,,N,4,0,1,2,A,-,03,22350,,N,C,D,A,A,H,-,C,A,0,,,,,Y,Y,-,,0,0,1,0,0,0,0,0,0,"- ","- ",,,"SAN DIEGO","SAN DIEGO",-117.23715972900391,32.754184722900391
91075631,2019,2019-09-16,9680,2019-09-05,2220,015733,,4,3,9,3700,0,1,3,,1,090,SR-67,"HOPE ST",885.00,S,N,A,-,Y,,,67,,,,,,,Y,3,0,1,1,A,-,01,23152,A,N,E,I,A,A,H,-,D,D,0,,,,,Y,Y,A,01,0,1,0,0,0,0,0,0,0,"- ","- ",33.021591186523438,-116.89797210693359,"SAN DIEGO",UNINCORPORATED,-116.89791870117188,33.021522521972656
9107567,2020,2020-10-29,3711,2020-05-31,2139,SD7437,,7,5,7,3711,0,0,0,,0,438,"CUMBERLAND ST","CALLE SERENA",200.00,W,N,A,-,N,,,,,,,,,,Y,3,0,1,2,A,-,08,38314,,N,E,E,A,A,H,-,C,D,0,,,,,Y,Y,A,01,0,1,0,0,0,0,0,0,0,"- ","- ",,,"SAN DIEGO","SAN DIEGO",-117.05986785888672,32.676959991455078
91075678,2019,2019-09-16,9680,2019-06-01,1725,021476,,6,2,9,3700,0,3,5,,2,003,"OLDE HIGHWAY 80","BOND AVENUE",130.00,W,N,A,-,N,,,,,,,,,,Y,1,1,1,2,A,-,09,21804,A,N,D,C,A,A,H,-,A,D,0,,,Y,,Y,Y,A,01,0,0,1,0,0,0,0,1,0,"- ","- ",32.847091674804688,-116.87116241455078,"SAN DIEGO",UNINCORPORATED,-116.87107086181641,32.847148895263672
9107573,2020,2020-10-29,3708,2020-05-17,2347,LM1158,,7,5,5,3708,0,0,0,,0,004,"FLETCHER PKWY","TROLLEY CT",75.00,S,N,A,-,N,,,,,,,,,,Y,4,0,1,1,A,-,01,23152,A,N,E,I,A,A,H,-,C,D,0,,,,,Y,Y,A,07,0,0,1,0,0,0,0,0,0,"- ","- ",,,"SAN DIEGO","LA MESA",-117.01425170898438,32.780818939208984
91075924,2019,2019-09-16,9650,2019-09-15,0924,015446,,7,1,9,3700,0,3,5,,1,212,"N. LAKE WOHLFORD ROAD","VALLEY CENTER ROAD",20.00,S,N,A,-,N,,,,,,,,,,N,4,0,1,2,A,-,01,23152,A,N,C,C,A,A,H,-,A,D,0,,,,,Y,Y,A,07,0,0,1,0,0,0,0,0,0,"- ","- ",33.228000640869141,-116.97572326660156,"SAN DIEGO",UNINCORPORATED,-116.97569274902344,33.228103637695312
9107630,2020,2020-10-21,3710,2020-05-29,2210,OC1484,,5,5,6,3710,0,0,0,,0,021,"DOUGLAS DR","RT 76",110.00,N,N,A,-,Y,SD,11,76,-,R,3.745,I,6,W,Y,3,0,3,2,A,-,01,23153,A,N,A,C,A,A,H,-,C,A,0,,,,,Y,Y,D,22,0,1,2,0,0,0,0,0,0,"- ","- ",,,"SAN DIEGO",OCEANSIDE,-117.32568359375,33.225875854492188
91076740,2019,2019-09-17,9645,2019-09-07,0438,021097,,6,3,7,3711,0,1,1,,2,005,"I-5 S/B","OLD TOWN AVE.",70.00,N,N,A,-,Y,,,5,,,,,,S,Y,3,0,1,1,A,-,01,23152,A,N,E,I,A,A,H,-,C,D,0,,,,,Y,Y,D,22,0,1,0,0,0,0,0,0,0,"- ","- ",32.747589111328125,-117.19367980957031,"SAN DIEGO","SAN DIEGO",-117.19361877441406,32.747688293457031
91077318,2019,2020-01-06,9650,2019-08-17,0420,022031,,6,3,9,3700,0,1,1,,2,022,"I-15 N/B","PALA MESA DRIVE",4249.00,N,N,B,-,Y,,,15,,,,,,N,Y,1,1,0,2,A,-,01,23152,A,N,C,C,A,A,H,-,D,D,0,,,Y,,Y,Y,A,01,0,0,0,0,0,0,0,1,0,"- ","- ",33.353050231933594,-117.15878295898438,"SAN DIEGO",UNINCORPORATED,-117.15877532958984,33.353050231933594
91077420,2019,2019-09-18,9650,2019-09-14,2335,019822,,6,3,9,3700,0,3,5,,2,211,"LAKE WOHLFORD RD","OAKVALE RD",4224.00,N,N,A,-,N,,,,,,,,,,Y,4,0,1,1,A,-,08,22107,,N,E,I,A,A,H,-,C,D,0,,,,,Y,Y,A,07,0,0,1,0,0,0,0,0,0,"- ","- ",33.175731658935547,-116.99922943115234,"SAN DIEGO",UNINCORPORATED,-116.99908447265625,33.175666809082031
91077421,2019,2019-09-18,9645,2019-09-08,0230,020867,,7,3,7,3711,0,1,1,,2,003,"I-5 S/B","GRAPE ST.",300.00,S,N,A,-,Y,,,5,,,,,,S,Y,3,0,2,2,A,-,01,23152,A,F,C,C,A,A,H,-,C,D,0,,,,,Y,Y,A,01,0,1,1,0,0,0,0,0,0,"- ","- ",32.724269866943359,-117.1651611328125,"SAN DIEGO","SAN DIEGO",-117.16514587402344,32.724285125732422
91077485,2019,2019-09-18,9680,2019-09-06,0955,013848,,5,1,5,3708,0,1,1,,2,081,"I-8 W/B","BALTIMORE DR",300.00,W,N,A,-,Y,,,8,,,,,,W,Y,3,0,1,1,A,-,01,23152,A,N,E,I,A,A,H,-,A,D,0,,,,,Y,Y,A,01,0,1,0,0,0,0,0,0,0,"- ","- ",32.772670745849609,-117.02797698974609,"SAN DIEGO","LA MESA",-117.02801513671875,32.7725830078125
91077729,2019,2019-09-18,9680,2019-09-08,0030,020720,,7,3,5,3708,0,1,1,,2,081,"SR-125 N/B FROM I-8 W/B","MURRAY DR",235.00,S,N,A,-,Y,,,125,,,,R,,N,Y,3,0,2,1,A,-,01,23152,A,N,F,A,A,A,H,-,C,D,0,,,Y,,Y,Y,C,02,0,1,1,0,0,0,0,0,2,"- ","- ",32.779220581054688,-117.00293731689453,"SAN DIEGO","LA MESA",-117.00293731689453,32.779220581054688
91077857,2019,2019-09-18,9680,2019-09-07,2250,021828,,6,3,9,3700,0,3,5,,2,002,"JAMACHA RD","SWEETWATER RD",80.00,W,N,A,-,N,,,,,,,,,,Y,4,0,2,4,A,-,01,23152,A,N,C,C,A,A,H,-,C,A,0,,,,,Y,Y,A,08,0,0,2,0,0,0,0,0,0,"- ","- ",32.714691162109375,-117.01331329345703,"SAN DIEGO",UNINCORPORATED,-117.01297760009766,32.714759826660156
91077884,2019,2019-09-18,9680,2019-09-08,1945,021588,,7,2,9,3700,0,1,3,,2,028,"SR-125 N/B","SPRING STREET",950.00,S,N,A,-,Y,,,125,,,,,,N,Y,4,0,2,2,A,-,01,23152,A,N,C,E,A,A,H,-,D,D,0,,,,,Y,Y,A,07,0,0,2,0,0,0,0,0,0,"- ","- ",32.751369476318359,-117.01365661621094,"SAN DIEGO",UNINCORPORATED,-117.01371765136719,32.751434326171875
91077921,2019,2019-09-18,9650,2019-09-10,1535,019270,,2,2,9,3700,0,1,3,,1,028,SR-76,"MAGEE RD",5280.00,E,N,A,-,Y,,,76,,,,,,,Y,4,0,1,1,A,-,08,22107,,N,E,I,A,A,H,-,A,D,0,,,,,Y,Y,A,07,0,0,1,0,0,0,0,0,0,"- ","- ",33.359458923339844,-117.04122161865234,"SAN DIEGO",UNINCORPORATED,-117.04124450683594,33.359413146972656
91077935,2019,2019-09-19,9680,2019-09-08,1612,022021,,7,2,9,3700,0,3,5,,2,002,"PROCTOR VALLEY RD","PROCTOR VALLEY VIEW",452.00,E,N,A,-,N,,,,,,,,,,Y,2,0,1,1,A,-,01,23152,A,N,E,I,A,A,H,-,A,D,0,,,,,Y,Y,A,01,1,0,0,0,0,0,0,0,0,"- ","- ",32.704658508300781,-116.8897705078125,"SAN DIEGO",UNINCORPORATED,-117.00030517578125,32.677490234375
91078171,2019,2019-09-19,9645,2019-08-11,0330,020561,,7,3,7,3711,0,1,1,,2,003,"I-5 S/B","32ND ST O/C",275.00,S,N,B,-,Y,,,,,,,,,,Y,2,0,2,2,A,-,01,23152,A,N,C,C,A,A,H,-,D,D,0,,,,,Y,Y,A,01,1,0,1,0,0,0,0,0,0,"- ","- ",32.691131591796875,-117.12801361083984,"SAN DIEGO","SAN DIEGO",-117.12443542480469,32.694068908691406
91078188,2019,2019-09-19,9680,2019-09-09,1725,021501,,1,2,9,3700,0,1,3,,1,052,SR-78,"RAMONA TRAILS DR",0.00,,Y,A,-,Y,,,78,,,,,,,Y,3,0,1,2,A,-,09,21801,A,N,D,C,A,A,H,-,A,D,0,,,,,Y,Y,A,01,0,1,0,0,0,0,0,0,0,"- ","- ",33.064491271972656,-116.81150817871094,"SAN DIEGO",UNINCORPORATED,-116.81135559082031,33.064498901367188
91078301,2019,2019-09-19,9680,2019-09-08,0420,019475,Baron,7,3,9,3700,0,2,4,,1,013,"WILDCAT CANYON RD","DUMP RD",91.00,E,N,A,-,N,,,,,,,,,,Y,2,0,1,1,A,-,01,23152,A,N,F,A,A,A,H,-,D,D,0,,,Y,,Y,Y,C,02,1,0,0,0,0,0,0,0,1,"- ","- ",32.941318511962891,-116.85714721679688,"SAN DIEGO",UNINCORPORATED,-116.85714721679688,32.941318511962891
91078516,2019,2019-09-19,9645,2019-09-04,2234,019410,,3,3,7,3711,0,1,1,,2,007,"I-5 N/B","NOBEL DR. O/C",600.00,S,N,B,-,Y,,,5,,,,,,N,Y,4,0,1,2,A,-,01,23152,A,N,C,C,A,A,H,-,C,D,0,,,,,Y,Y,A,01,0,0,1,0,0,0,0,0,0,"- ","- ",32.864330291748047,-117.22984313964844,"SAN DIEGO","SAN DIEGO",-117.22982788085938,32.864330291748047
91078524,2019,2019-09-19,9645,2019-09-10,1604,015790,,2,2,7,3711,0,1,3,,2,023,"SR-163 NB TO KEARNY VILLA ROAD","KEARNY VILLA ROAD",200.00,W,N,A,-,Y,,,,,,,,,,Y,3,0,1,1,A,-,03,22350,,N,E,I,A,A,H,-,A,A,0,,,,,Y,Y,A,01,0,1,0,0,0,0,0,0,0,"- ","- ",33.021858215332031,-117.27313995361328,"SAN DIEGO","SAN DIEGO",-117.11978912353516,32.854576110839844
91078534,2019,2019-09-19,9650,2019-09-16,2035,017780,,1,2,5,3701,0,1,1,,2,005,"I-5 N/B","PALOMAR AIRPORT RD",5280.00,S,N,A,-,Y,,,5,,,,,,N,Y,3,0,4,4,A,-,01,23152,A,N,C,C,A,A,D,-,C,D,0,,,,,Y,Y,A,07,0,2,2,0,0,0,0,0,0,"- ","- ",33.113601684570312,-117.31681060791016,"SAN DIEGO",CARLSBAD,-117.31681060791016,33.113597869873047
91078752,2019,2019-09-19,9650,2019-09-14,1520,021933,,6,2,9,3700,0,1,3,,1,028,SR-76,"HAROLDS RD",447.00,E,N,A,-,Y,,,76,,,,,,,Y,2,0,2,2,A,-,08,22107,,N,A,C,A,A,H,-,A,D,0,,,Y,,Y,Y,C,02,1,1,0,0,0,0,0,0,1,"- ","- ",33.297271728515625,-116.90769958496094,"SAN DIEGO",UNINCORPORATED,-116.90769195556641,33.297275543212891
91078759,2019,2019-09-19,9645,2019-07-27,2358,020480,,6,3,7,3711,0,1,1,,2,010,"I-8 E/B","COLLEGE AVE",1000.00,W,N,A,-,Y,,,8,,,,,,E,Y,4,0,1,2,A,-,01,23152,A,F,C,C,A,A,H,-,C,D,0,,,,,Y,Y,A,01,0,0,1,0,0,0,0,0,0,"- ","- ",32.779098510742188,-117.07140350341797,"SAN DIEGO","SAN DIEGO",-117.07140350341797,32.779163360595703
91080074,2019,2019-09-23,9650,2019-09-16,1740,020673,,1,2,9,3700,0,3,5,,2,191,"HARMONY GROVE RD","FORTUNA DEL NORTE",134.00,N,N,A,-,N,,,,,,,,,,Y,2,0,2,2,A,-,01,23152,A,N,B,C,A,A,H,-,A,D,0,,,Y,,Y,Y,C,02,1,1,0,0,0,0,0,0,1,"- ","- ",33.051078796386719,-117.11151885986328,"SAN DIEGO",UNINCORPORATED,-117.18685150146484,33.086185455322266
91080089,2019,2019-09-23,9650,2019-09-16,1555,021698,,1,2,9,3700,0,3,5,,2,211,"LAKE WHOLFORD RD.","LAKE WOHLFORD LN",0.00,,N,A,-,N,,,,,,,,,,Y,2,0,2,1,A,-,01,23152,A,N,E,I,A,A,H,-,A,D,0,,,,,Y,Y,D,22,2,0,0,0,0,0,0,0,0,"- ","- ",33.220348358154297,-116.97215270996094,"SAN DIEGO",UNINCORPORATED,-116.97142791748047,33.218540191650391
91080346,2019,2019-09-23,9680,2019-09-11,0010,016415,,3,3,9,3700,0,2,4,,1,013,"WILDCAT CANYON RD","MUTH VALLEY RD",2112.00,N,N,A,-,N,,,,,,,,,,Y,3,0,1,2,A,-,08,22107,,N,B,C,A,A,H,-,D,D,0,,,,,Y,Y,A,01,0,1,0,0,0,0,0,0,0,"- ","- ",32.904380798339844,-116.88410186767578,"SAN DIEGO",UNINCORPORATED,-116.8843994140625,32.903999328613281
91080929,2018,2019-09-23,9650,2018-08-05,0214,019766,,7,3,5,3713,0,1,3,,2,017,"SR-78 WESTBOUND","MAR VISTA DRIVE",2095.00,E,N,B,-,Y,,,78,,,,,,W,Y,3,0,1,1,A,-,01,23152,A,N,E,I,A,A,H,-,D,D,0,,,,,Y,Y,A,01,0,1,0,0,0,0,0,0,0,"- ","- ",33.176128387451172,-117.22699737548828,"SAN DIEGO",VISTA,-117.22688293457031,33.17620849609375
91080937,2018,2019-09-23,9650,2018-08-05,0215,019766,,7,3,5,3713,0,1,3,,2,017,"SR-78 WESTBOUND","MAR VISTA DRIVE",1988.00,E,N,B,-,Y,,,78,,,,,,W,Y,1,1,1,3,A,-,01,23152,G,N,B,C,A,A,H,-,D,D,0,,,,,Y,Y,A,07,1,0,0,0,0,0,0,0,0,"- ","- ",33.176429748535156,-117.22714996337891,"SAN DIEGO",VISTA,-117.22706604003906,33.176486968994141
91080956,2018,2019-09-23,9650,2018-08-05,0216,019766,,7,3,5,3713,0,1,3,,2,017,"SR-78 WESTBOUND","MAR VISTA DRIVE",1923.00,E,N,B,-,Y,,,78,,,,,,W,Y,3,0,4,4,A,-,01,23152,A,N,D,C,E,A,H,-,D,D,0,Y,,,,Y,Y,A,01,0,3,1,0,1,0,0,0,0,"- ","- ",33.176589965820312,-117.22722625732422,"SAN DIEGO",VISTA,-117.22716522216797,33.1766357421875
91081381,2019,2019-09-24,9645,2019-08-30,2235,021338,,5,3,7,3711,0,1,1,,2,003,"I-5 N/B FROM INDIA STREET","VINE STREET",600.00,N,N,A,-,Y,,,5,,,,R,,N,Y,2,0,3,2,A,-,11,21954,A,N,A,C,E,A,H,-,D,D,0,Y,,,,Y,Y,N,60,1,1,1,0,1,0,0,0,0,"- ","- ",32.7406005859375,-117.17893981933594,"SAN DIEGO","SAN DIEGO",-117.17893981933594,32.7406005859375
9108181,2020,2020-08-28,3711,2020-06-06,2200,SD7285,,6,5,7,3711,0,0,0,,0,832,"UNIVERSITY AV","41ST ST",0.00,,Y,B,-,N,,,,,,,,,,Y,4,0,1,2,A,-,09,21801,A,N,D,C,A,A,H,-,C,A,0,,,,,Y,Y,A,07,0,0,1,0,0,0,0,0,0,"- ","- ",,,"SAN DIEGO","SAN DIEGO",-117.10694122314453,32.749691009521484
9108183,2020,2020-08-28,3711,2020-06-09,1722,SD1074,,2,5,7,3711,0,0,0,,0,521,"16TH ST","COMMERCIAL ST",20.00,N,N,A,-,N,,,,,,,,,,N,3,0,1,1,A,-,05,21650,1,N,H,A,A,A,H,-,A,D,0,,Y,,,Y,Y,L,04,0,1,0,0,0,0,1,0,0,"- ","- ",,,"SAN DIEGO","SAN DIEGO",-117.14943695068359,32.705284118652344
9108187,2020,2020-08-28,3711,2020-06-05,2000,SD6586,,5,5,7,3711,0,0,0,,0,433,"62TH ST","IMPERIAL AV",11.00,S,N,A,-,N,,,,,,,,,,N,3,0,1,3,B,-,22,,,M,E,B,F,A,H,-,C,A,0,Y,,,,Y,Y,-,,0,1,0,0,1,0,0,0,0,"- ","- ",,,"SAN DIEGO","SAN DIEGO",-117.06391143798828,32.709701538085938
91081999,2019,2019-09-24,9645,2019-09-14,0245,021338,,6,3,7,3711,0,1,3,,2,022,"SR-56 W/B","RANCHO SANTA FE FARMS RD",2640.00,E,N,A,-,Y,,,56,,,,,,W,Y,3,0,1,1,A,-,01,23152,A,N,E,I,A,A,H,-,D,D,0,,,,,Y,Y,A,01,0,1,0,0,0,0,0,0,0,"- ","- ",32.967300415039062,-117.17228698730469,"SAN DIEGO","SAN DIEGO",-117.17228698730469,32.967254638671875
91082443,2019,2019-09-25,9645,2019-07-28,1529,020265,,7,2,6,3702,0,1,1,,2,009,"I-805 N/B","E ST. U/C",700.00,S,N,A,-,Y,,,805,,,,,,N,Y,2,0,5,2,A,-,01,23152,A,N,B,C,A,A,H,-,A,D,0,,,,,Y,Y,A,07,3,2,0,0,0,0,0,0,0,"- ","- ",32.645099639892578,-117.05870056152344,"SAN DIEGO","CHULA VISTA",-117.05831909179688,32.645362854003906
91082834,2019,2019-09-25,9645,2019-07-28,0250,019678,,7,3,7,3711,0,1,3,,2,025,"SR-163 N/B","CLAIREMONT MESA BLVD.",1300.00,S,N,A,-,Y,,,163,,,,,,N,Y,2,0,1,1,A,-,01,23152,A,N,E,I,A,A,H,-,C,D,0,,,,,Y,Y,A,01,1,0,0,0,0,0,0,0,0,"- ","- ",32.828811645507812,-117.14251708984375,"SAN DIEGO","SAN DIEGO",-117.14273071289062,32.828914642333984
91082937,2019,2019-09-25,9645,2019-08-25,1312,017473,,7,1,7,3711,0,1,1,,2,019,"I-15 S/B","BERNARDO CENTER DR.",2110.00,S,N,A,-,Y,,,15,,,,,,S,Y,4,0,1,1,A,-,01,23152,A,N,E,I,A,A,H,-,A,D,0,,,,,Y,Y,A,07,0,0,1,0,0,0,0,0,0,"- ","- ",33.006500244140625,-117.08103942871094,"SAN DIEGO","SAN DIEGO",-117.080810546875,33.0064697265625
91083261,2019,2019-09-25,9680,2019-09-15,2240,020884,,7,3,9,3700,0,3,5,,2,001,"PINERY GRV","CALLIO WAY",68.00,N,N,A,-,N,,,,,,,,,,Y,4,0,1,4,A,-,01,23152,A,N,B,E,A,A,H,-,C,D,0,,,,,Y,Y,A,01,0,0,1,0,0,0,0,0,0,"- ","- ",32.859630584716797,-116.95216369628906,"SAN DIEGO",UNINCORPORATED,-116.95211029052734,32.859565734863281
91083536,2019,2019-09-26,9645,2019-07-28,2257,019410,,7,3,7,3711,0,1,1,,2,013,"I-805 N/B","MURRAY RIDGE RD. O/C",100.00,S,N,B,-,Y,,,805,,,,,,N,Y,2,0,2,3,A,-,01,23152,A,N,C,C,A,A,H,-,C,A,0,,,,,Y,Y,A,01,1,1,0,0,0,0,0,0,0,"- ","- ",32.785430908203125,-117.14511871337891,"SAN DIEGO","SAN DIEGO",-117.14511871337891,32.785434722900391
91083551,2019,2019-09-26,9645,2019-08-29,0103,021231,,4,3,7,3711,0,3,5,,2,018,"PROCTOR VALLEY RD. S/B","SAN MIGUEL RD.",500.00,S,N,A,-,Y,,,,,,,,,,Y,3,0,1,1,A,-,01,23152,A,N,E,I,A,A,H,-,D,D,0,,,,,Y,Y,A,07,0,1,0,0,0,0,0,0,0,"- ","- ",32.677310943603516,-117.00009918212891,"SAN DIEGO","SAN DIEGO",-117.00021362304688,32.677383422851562
9108358,2020,2020-11-25,3706,2020-05-15,2148,520,ESCON,5,5,6,3706,0,0,0,,0,052,"FELICITA AV","ESCONDIDO BL",0.00,,Y,A,-,N,,,,,,,,,,Y,4,0,1,2,A,-,09,21801,A,N,D,C,A,A,H,-,C,A,0,,,,,Y,Y,A,01,0,0,1,0,0,0,0,0,0,"- ","- ",33.104408264160156,-117.07360076904297,"SAN DIEGO",ESCONDIDO,-117.07311248779297,33.104679107666016
91083845,2019,2019-09-26,9650,2019-09-22,0310,019549,,7,3,9,3700,0,3,5,,2,230,"W. VIA RANCHO PKWY.","HIGHLANDS WEST DR",329.00,W,N,A,-,N,,,,,,,,,,Y,3,0,1,1,A,-,01,23152,A,N,E,I,A,A,H,-,D,D,0,,,,,Y,Y,A,07,0,1,0,0,0,0,0,0,0,"- ","- ",33.088588714599609,-117.11092376708984,"SAN DIEGO",UNINCORPORATED,-117.11103820800781,33.088626861572266
91085330,2019,2019-09-27,9650,2019-09-12,0235,021500,,4,3,5,3712,0,1,3,,2,019,"SR-78 W/B TO TWIN OAKS VALLEY RD","TWIN OAKS VALLEY RD",122.00,E,N,A,-,Y,,,78,,,,R,,W,Y,3,0,1,1,A,-,01,23152,A,N,E,I,A,A,H,-,C,D,0,,,,,Y,Y,A,01,0,1,0,0,0,0,0,0,0,"- ","- ",33.138538360595703,-117.16265106201172,"SAN DIEGO","SAN MARCOS",-117.16265106201172,33.138538360595703