CASE_ID,ACCIDENT_YEAR,PROC_DATE,JURIS,COLLISION_DATE,COLLISION_TIME,OFFICER_ID,REPORTING_DISTRICT,DAY_OF_WEEK,CHP_SHIFT,POPULATION,CNTY_CITY_LOC,SPECIAL_COND,BEAT_TYPE,CHP_BEAT_TYPE,CITY_DIVISION_LAPD,CHP_BEAT_CLASS,BEAT_NUMBER,PRIMARY_RD,SECONDARY_RD,DISTANCE,DIRECTION,INTERSECTION,WEATHER_1,WEATHER_2,STATE_HWY_IND,CALTRANS_COUNTY,CALTRANS_DISTRICT,STATE_ROUTE,ROUTE_SUFFIX,POSTMILE_PREFIX,POSTMILE,LOCATION_TYPE,RAMP_INTERSECTION,SIDE_OF_HWY,TOW_AWAY,COLLISION_SEVERITY,NUMBER_KILLED,NUMBER_INJURED,PARTY_COUNT,PRIMARY_COLL_FACTOR,PCF_CODE_OF_VIOL,PCF_VIOL_CATEGORY,PCF_VIOLATION,PCF_VIOL_SUBSECTION,HIT_AND_RUN,TYPE_OF_COLLISION,MVIW,PED_ACTION,ROAD_SURFACE,ROAD_COND_1,ROAD_COND_2,LIGHTING,CONTROL_DEVICE,CHP_ROAD_TYPE,PEDESTRIAN_ACCIDENT,BICYCLE_ACCIDENT,MOTORCYCLE_ACCIDENT,TRUCK_ACCIDENT,NOT_PRIVATE_PROPERTY,ALCOHOL_INVOLVED,STWD_VEHTYPE_AT_FAULT,CHP_VEHTYPE_AT_FAULT,COUNT_SEVERE_INJ,COUNT_VISIBLE_INJ,COUNT_COMPLAINT_PAIN,COUNT_PED_KILLED,COUNT_PED_INJURED,COUNT_BICYCLIST_KILLED,COUNT_BICYCLIST_INJURED,COUNT_MC_KILLED,COUNT_MC_INJURED,PRIMARY_RAMP,SECONDARY_RAMP,LATITUDE,LONGITUDE,COUNTY,CITY,POINT_X,POINT_Y
91121638,2019,2019-11-15,9680,2019-11-02,2257,022183,,6,3,9,3700,0,2,4,,1,021,"WILLOW GLEN DR","HILLSDALE RD",1056.00,W,N,A,-,N,,,,,,,,,,Y,4,0,1,1,A,-,01,23152,A,N,E,I,A,A,H,-,C,D,0,,,,,Y,Y,A,01,0,0,1,0,0,0,0,0,0,"- ","- ",32.755649566650391,-116.90412139892578,"SAN DIEGO",UNINCORPORATED,-116.90467834472656,32.754932403564453
91122422,2019,2019-11-18,9650,2019-11-09,1705,021154,,6,2,6,3706,0,1,3,,2,019,"SR-78 E/B","NORDAHL RD",664.00,W,N,A,-,Y,,,78,,,,,,E,Y,3,0,1,2,A,-,01,23152,A,N,C,C,A,A,H,-,D,D,0,,,,,Y,Y,A,01,0,1,0,0,0,0,0,0,0,"- ","- ",33.132911682128906,-117.12359619140625,"SAN DIEGO",ESCONDIDO,-117.12357330322266,33.132961273193359
91122489,2019,2019-11-18,9680,2019-10-25,1925,020682,,5,2,5,3781,0,1,3,,2,028,"SR-125 N/B","MISSION GORGE RD",94.00,S,N,A,-,Y,,,125,,,,,,N,Y,2,0,2,5,A,-,01,23152,A,F,C,C,A,A,H,-,C,A,0,,,Y,,Y,Y,D,22,1,0,1,0,0,0,0,0,1,"- ","- ",32.838230133056641,-117.00315093994141,"SAN DIEGO",SANTEE,-117.003173828125,32.838230133056641
9112294,2020,2020-07-21,3711,2020-03-02,1700,SD7380,,1,5,7,3711,0,0,0,,0,838,"SWIFT AV","WIGHTMAN ST",261.00,N,N,B,-,N,,,,,,,,,,N,4,0,1,3,A,-,03,22350,,N,C,C,A,A,H,-,B,A,0,,,,Y,Y,Y,F,26,0,0,1,0,0,0,0,0,0,"- ","- ",,,"SAN DIEGO","SAN DIEGO",-117.11928558349609,32.74859619140625
91123651,2019,2019-11-19,9645,2019-11-07,1918,021680,,4,2,7,3711,0,1,3,,2,002,"SR-905 EASTBOUND","BRITANNIA BLVD",500.00,W,N,A,-,Y,,,905,,,,,,E,Y,3,0,1,1,A,-,01,23152,A,N,E,I,A,A,H,-,C,D,0,,,,,Y,Y,A,01,0,1,0,0,0,0,0,0,0,"- ","- ",32.564128875732422,-116.98085021972656,"SAN DIEGO","SAN DIEGO",-116.98085021972656,32.564132690429688
91123758,2019,2019-11-19,9645,2019-11-07,2214,021231,,4,3,7,3711,0,1,3,,1,004,"SR-75 N/B",I-5,2000.00,N,N,A,-,Y,,,75,,,,,,N,Y,3,0,2,2,A,-,01,23152,A,N,C,C,A,A,H,-,D,D,0,,,,,Y,Y,A,01,0,2,0,0,0,0,0,0,0,"- ","- ",32.696521759033203,-117.14656066894531,"SAN DIEGO","SAN DIEGO",-117.14659881591797,32.696563720703125
91124105,2019,2019-11-19,9645,2019-11-08,1715,017953,,5,2,7,3711,0,1,1,,2,017,"I-15 N/B","CARMEL MOUNTAIN EXPRESS DR.",70.00,S,N,A,-,Y,,,15,,,,,,N,Y,2,0,1,4,A,-,01,23152,A,N,B,C,A,A,H,-,C,D,0,,,Y,,Y,Y,C,02,1,0,0,0,0,0,0,0,1,"- ","- ",32.962001800537109,-117.09671020507812,"SAN DIEGO","SAN DIEGO",-117.09676361083984,32.962032318115234
9112420,2020,2020-08-21,3711,2020-06-11,2308,SD7943,,4,5,7,3711,0,0,0,,0,122,"BERYL ST","JEWELL ST",120.00,W,N,A,-,N,,,,,,,,,,Y,4,0,1,2,A,-,08,22107,,N,F,E,A,A,H,-,D,D,0,,,,,Y,Y,A,01,0,0,1,0,0,0,0,0,0,"- ","- ",,,"SAN DIEGO","SAN DIEGO",-117.24136352539062,32.806648254394531
9112421,2020,2020-08-20,3711,2020-06-14,0342,SD6200,,7,5,7,3711,0,0,0,,0,322,"WARING RD","ORCUTT AV",260.00,S,N,A,-,N,,,,,,,,,,Y,3,0,1,1,A,-,08,22107,,N,E,I,A,A,H,-,C,D,0,,,,,Y,Y,A,01,0,1,0,0,0,0,0,0,0,"- ","- ",,,"SAN DIEGO","SAN DIEGO",-117.08323669433594,32.790180206298828
9112428,2020,2020-08-20,3711,2020-06-12,2105,SD4310,,5,5,7,3711,0,0,0,,0,313,"AERO DR","KEARNY VILLA RD",97.00,E,N,A,-,N,,,,,,,,,,Y,4,0,1,2,A,-,03,22350,,N,C,C,A,A,H,-,C,A,0,,,,,Y,Y,A,01,0,0,1,0,0,0,0,0,0,"- ","- ",,,"SAN DIEGO","SAN DIEGO",-117.15064239501953,32.809944152832031
9112434,2020,2020-08-20,3711,2020-06-11,1948,SD7795,,4,5,7,3711,0,0,0,,0,111,"GENESEE AV","BANNOCK AV",189.00,S,N,A,-,N,,,,,,,,,,Y,3,0,1,3,A,-,08,38314,,N,F,E,A,A,H,-,B,D,0,,,,,Y,Y,A,01,0,1,0,0,0,0,0,0,0,"- ","- ",,,"SAN DIEGO","SAN DIEGO",-117.19486999511719,32.832382202148438
9112451,2020,2020-09-08,3701,2020-06-06,1615,CB5484,087,6,5,5,3701,0,0,0,,0,007,"EL FUERTE ST","POINSETTIA LN",29.00,N,N,A,-,N,,,,,,,,,,Y,2,0,3,2,A,-,12,21453,A,N,A,C,A,A,H,-,A,A,0,,,,,Y,Y,A,07,1,1,1,0,0,0,0,0,0,"- ","- ",,,"SAN DIEGO",CARLSBAD,-117.24941253662109,33.118354797363281
91124556,2019,2019-11-20,9645,2019-10-05,2250,021338,,6,3,7,3711,0,1,3,,1,004,"I-5 S/B","OLD TOWN AVENUE",300.00,S,N,A,-,Y,,,5,,,,,,S,Y,2,0,1,1,A,-,01,23152,A,N,F,A,A,A,H,-,D,D,0,,,,,Y,Y,D,22,1,0,0,0,0,0,0,0,0,"- ","- ",32.746181488037109,-117.19065093994141,"SAN DIEGO","SAN DIEGO",-117.19064331054688,32.746200561523438
91124701,2019,2019-11-20,9650,2019-11-16,2308,019766,,6,3,6,3710,0,1,1,,2,005,"I-5 NORTHBOUND FROM MISSION AVE","MISSION AVE",510.00,N,N,A,-,Y,,,5,,,,R,,N,Y,3,0,1,1,A,-,01,23152,A,N,E,I,A,A,H,-,D,D,0,,,,,Y,Y,A,01,0,1,0,0,0,0,0,0,0,"- ","- ",33.201438903808594,-117.37191772460938,"SAN DIEGO",OCEANSIDE,-117.37191772460938,33.201438903808594
91124927,2019,2020-10-16,9650,2019-10-19,1815,022031,,6,2,9,3700,0,1,3,,2,065,"SWEETGRASS LANE","STATE ROUTE 76",0.00,,Y,A,-,Y,,,,,,,,,,Y,1,1,0,2,A,-,09,21802,A,N,D,C,A,A,H,-,B,A,0,,,Y,,Y,Y,E,22,0,0,0,0,0,0,0,1,0,"- ","- ",33.299789428710938,-117.21794891357422,"SAN DIEGO",UNINCORPORATED,-117.21804046630859,33.299739837646484
91125303,2019,2019-11-21,9645,2019-11-15,0300,018987,,5,3,7,3711,0,1,3,,2,022,"SR-56 EASTBOUND","CARMEL VALLEY RD",6758.00,E,N,B,-,Y,,,56,,,,,,E,Y,3,0,1,1,A,-,01,23152,A,N,E,I,A,A,H,-,C,D,0,,,,,Y,Y,A,01,0,1,0,0,0,0,0,0,0,"- ","- ",32.966049194335938,-117.17790985107422,"SAN DIEGO","SAN DIEGO",-117.17778778076172,32.965785980224609
91125441,2019,2019-11-21,9645,2019-11-11,0238,021077,,1,3,7,3711,0,1,3,,2,006,"SR-94 E/B TO SR-15 N/B","SR-94 W/B",24.00,S,N,A,-,Y,,,94,,,,R,,E,Y,3,0,1,1,A,-,01,23152,A,N,E,I,A,A,H,-,D,D,0,,,,,Y,Y,A,07,0,1,0,0,0,0,0,0,0,"- ","- ",32.717510223388672,-117.11675262451172,"SAN DIEGO","SAN DIEGO",-117.11675262451172,32.717510223388672
91125619,2019,2019-11-21,9645,2019-05-06,0050,021359,,1,3,7,3711,0,1,1,,2,011,"I-805 S/B","ORANGE AVENUE",74.00,S,N,A,-,Y,,,805,,,,,,S,Y,3,0,1,2,A,-,01,23152,A,N,B,C,A,A,H,-,D,D,0,,,,,Y,Y,A,01,0,1,0,0,0,0,0,0,0,"- ","- ",32.753311157226562,-117.12451934814453,"SAN DIEGO","SAN DIEGO",-117.12445068359375,32.753330230712891
9112577,2020,2020-10-29,3711,2020-05-22,2106,SD7889,,5,5,7,3711,0,0,0,,0,724,"MAIN ST","HOLLISTER ST",0.00,,Y,A,-,N,,,,,,,,,,N,4,0,1,2,A,-,08,22107,,N,B,D,A,A,H,-,C,A,0,,,,,Y,Y,A,01,0,0,1,0,0,0,0,0,0,"- ","- ",,,"SAN DIEGO","SAN DIEGO",-117.08412170410156,32.594841003417969
91126019,2019,2019-11-21,9680,2019-11-10,0235,021828,,7,3,9,3700,0,1,1,,2,084,"I-8 WESTBOUND","WEST WILLOWS RD",4752.00,E,N,A,-,Y,,,8,,,,,,W,Y,2,0,1,1,A,-,01,23152,A,N,F,I,A,A,H,-,D,D,0,,,,,Y,Y,A,01,1,0,0,0,0,0,0,0,0,"- ","- ",32.836311340332031,-116.71578216552734,"SAN DIEGO",UNINCORPORATED,-116.71574401855469,32.836208343505859
9112639,2020,2020-07-30,3700,2020-04-10,2327,SH2573,,5,5,5,3782,0,0,0,,0,206,"OLIVENHAIN RD","NORTH EL CAMINO REAL",0.00,,Y,B,-,N,,,,,,,,,,Y,4,0,1,2,A,-,01,23152,A,N,A,C,A,B,H,-,C,A,0,,,,,Y,Y,A,01,0,0,1,0,0,0,0,0,0,"- ","- ",,,"SAN DIEGO",ENCINITAS,-117.26210784912109,33.067489624023438
9112708,2020,2020-11-02,3709,2020-05-28,1420,NC0494,,4,5,5,3709,0,0,0,,0,021,"MILE OF CARS WY","RT 5",0.00,,Y,A,-,Y,SD,11,5,-,R,10.244,R,4,N,N,4,0,1,3,A,-,03,22350,,F,C,C,A,A,H,-,A,A,0,,,,,Y,Y,-,99,0,0,1,0,0,0,0,0,0,"- ",NO,,,"SAN DIEGO","NATIONAL CITY",-117.10893249511719,32.662769317626953
91127104,2019,2019-11-21,9650,2019-11-09,0215,018386,,6,3,9,3700,0,1,1,,2,001,"I-5 S/B","AGRA OH",8448.00,N,N,A,-,Y,,,5,,,,,,S,Y,2,0,3,2,A,-,03,22350,,N,C,C,A,A,H,-,D,D,0,,,,Y,Y,Y,A,01,2,1,0,0,0,0,0,0,0,"- ","- ",33.335460662841797,-117.50193786621094,"SAN DIEGO",UNINCORPORATED,-117.50189208984375,33.335525512695312
91127437,2019,2019-11-22,9645,2019-11-08,0135,021731,,5,3,6,3702,0,1,1,,2,001,"I-5 S/B","MAIN ST",1478.00,N,N,E,-,Y,,,5,,,,,,S,Y,4,0,1,2,A,-,01,23152,A,F,C,C,A,A,H,-,D,D,0,,,Y,,Y,Y,A,01,0,0,1,0,0,0,0,0,1,"- ","- ",32.599788665771484,-117.08953857421875,"SAN DIEGO","CHULA VISTA",-117.08956146240234,32.599788665771484
91127720,2019,2020-01-03,9650,2019-10-27,0150,018406,,7,3,5,3782,0,1,1,,2,007,"I-5 N/B","LEUCADIA BLVD",471.00,S,N,A,-,Y,,,5,,,,,,N,Y,1,2,7,3,A,-,01,23152,A,N,C,C,A,A,D,-,D,D,0,,,,,Y,Y,A,01,1,6,0,0,0,0,0,0,0,"- ","- ",33.063800811767578,-117.29176330566406,"SAN DIEGO",ENCINITAS,-117.29173278808594,33.063808441162109
91127935,2019,2020-04-06,9680,2019-10-04,1635,020116,,5,2,5,3705,0,1,1,,2,082,"INTERSTATE 8 W/B TO WEST MAIN STREET","WEST MAIN STREET",514.00,E,N,A,-,Y,,,8,,,,R,,W,Y,1,1,0,2,A,-,01,23152,A,N,C,C,A,A,H,-,A,A,0,,,Y,,Y,Y,C,02,0,0,0,0,0,0,0,1,0,"- ","- ",32.796619415283203,-116.97720336914062,"SAN DIEGO","EL CAJON",-116.97720336914062,32.796619415283203
91128350,2019,2019-11-25,9650,2019-11-15,1940,021992,,5,2,9,3700,0,2,4,,2,061,"S. MISSION ROAD","ALMOND ST.",300.00,N,N,A,-,N,,,,,,,,,,Y,4,0,1,2,A,-,01,23152,A,N,C,E,A,A,H,-,C,D,0,,,,,Y,Y,A,01,0,0,1,0,0,0,0,0,0,"- ","- ",33.366809844970703,-117.25007629394531,"SAN DIEGO",UNINCORPORATED,-117.25019836425781,33.367053985595703
91128362,2019,2019-11-25,9650,2019-11-19,1350,017780,,2,1,9,3700,0,3,5,,2,070,"RANCHO DIEGUENO RD","RANCHO SANTA FE FARMS RD",0.00,,Y,C,-,N,,,,,,,,,,Y,3,0,1,1,A,-,01,23152,A,M,E,I,A,B,H,-,A,A,0,,,,,Y,Y,A,01,0,1,0,0,0,0,0,0,0,"- ","- ",32.982349395751953,-117.18157196044922,"SAN DIEGO",UNINCORPORATED,-117.18161773681641,32.982341766357422
9112907,2020,2020-09-01,3706,2020-06-17,1100,543,ESCON,3,5,6,3706,0,0,0,,0,043,"NUTMEG ST","EL NORTE PKWY",473.00,N,N,A,-,N,,,,,,,,,,Y,3,0,1,2,A,-,09,21804,A,N,D,C,A,A,H,-,A,D,0,,,Y,,Y,Y,A,01,0,1,0,0,0,0,0,0,1,"- ","- ",33.147171020507812,-117.10880279541016,"SAN DIEGO",ESCONDIDO,-117.10792541503906,33.148288726806641
9112980,2020,2020-09-03,3709,2020-06-15,0546,NC0510,,1,5,5,3709,0,0,0,,0,020,"ROOSEVELT AV","W 11TH ST",0.00,,Y,A,-,N,,,,,,,,,,Y,3,0,1,2,A,-,01,23152,B,M,D,C,A,A,H,-,A,D,0,,,,,Y,Y,A,01,0,1,0,0,0,0,0,0,0,"- ","- ",,,"SAN DIEGO","NATIONAL CITY",-117.10695648193359,32.672939300537109
9112985,2020,2020-09-02,3702,2020-06-13,2135,CV1212,,6,5,6,3702,0,0,0,,0,031,"EAST H ST","PASEO RANCHERO",318.00,E,N,A,-,N,,,,,,,,,,Y,3,0,1,1,A,-,01,23152,A,N,A,I,A,A,H,-,C,D,0,,,,,Y,Y,A,01,0,1,0,0,0,0,0,0,0,"- ","- ",,,"SAN DIEGO","CHULA VISTA",-117.01016998291016,32.638904571533203
91130992,2019,2019-11-27,9680,2019-11-23,0645,015733,,6,1,9,3700,0,1,3,,1,090,SR-67,"ARCHIE MOORE RD",0.00,,Y,A,-,Y,,,67,,,,,,,Y,3,0,4,2,A,-,01,23152,A,F,D,C,A,A,H,-,A,A,0,,,,,Y,Y,A,01,0,3,1,0,0,0,0,0,0,"- ","- ",33.012428283691406,-116.95282745361328,"SAN DIEGO",UNINCORPORATED,-116.95280456542969,33.012351989746094
91131113,2019,2019-11-27,9650,2019-11-19,2215,013890,,2,3,6,3710,0,1,1,,2,005,"I-5 S/B TO SR-78 E/B",SR-78,510.00,S,N,B,C,Y,,,5,,,,R,,S,Y,4,0,1,1,A,-,01,23152,A,N,E,I,A,B,H,-,C,D,0,,,,,Y,Y,A,01,0,0,1,0,0,0,0,0,0,"- ","- ",33.175281524658203,-117.35102844238281,"SAN DIEGO",OCEANSIDE,-117.35102844238281,33.175281524658203
91131334,2019,2019-11-27,9645,2019-11-17,2229,019678,,7,3,6,3702,0,1,3,,2,031,"SR-125 N/B","OLYMPIC PKWY.",2053.00,N,N,A,-,Y,,,125,,,,,,N,Y,3,0,1,1,A,-,01,23152,A,N,E,I,A,A,H,-,C,D,0,,,,,Y,Y,A,01,0,1,0,0,0,0,0,0,0,"- ","- ",32.637611389160156,-116.97071075439453,"SAN DIEGO","CHULA VISTA",-116.97085571289062,32.637638092041016
91131398,2019,2019-11-27,9680,2019-11-17,0040,020401,,7,3,5,3705,0,1,1,,2,082,"I-8 E/B TO N. JOHNSON AVE","N. JOHNSON AVE",8.00,W,N,A,-,Y,,,8,,,,R,,E,Y,4,0,1,1,A,-,01,23152,A,N,E,I,A,A,H,-,C,A,0,,,,,Y,Y,A,01,0,0,1,0,0,0,0,0,0,"- ","- ",32.802360534667969,-116.97135162353516,"SAN DIEGO","EL CAJON",-116.97135162353516,32.802360534667969
9113260,2020,2020-07-13,3700,2020-03-14,0605,SH7554,,6,5,4,3707,0,0,0,,0,703,"5TH ST","SPRUCE AV",11.00,N,N,C,-,N,,,,,,,,,,Y,4,0,1,2,A,-,01,23152,F,N,A,E,A,B,H,-,C,D,0,,,,Y,Y,Y,A,01,0,0,1,0,0,0,0,0,0,"- ","- ",,,"SAN DIEGO","IMPERIAL BEACH",-117.12238311767578,32.581840515136719
9113264,2020,2020-07-22,3700,2020-01-18,0551,SH0723,,6,5,4,3707,0,0,0,,0,703,"PALM AV","PALM AV 383",0.00,,Y,A,-,N,,,,,,,,,,Y,4,0,1,7,A,-,01,23152,A,M,C,E,A,A,H,-,C,D,0,,,,,Y,Y,I,11,0,0,1,0,0,0,0,0,0,"- ","- ",,,"SAN DIEGO","IMPERIAL BEACH",,
91133394,2019,2019-12-02,9680,2019-11-01,1425,021813,,5,2,9,3700,0,3,5,,2,002,"CALLE ALBARA","WIEGHORST WAY",195.00,W,N,A,-,N,,,,,,,,,,Y,3,0,1,2,A,-,01,23152,A,M,C,C,A,A,H,-,A,D,0,,,,,Y,Y,A,07,0,1,0,0,0,0,0,0,0,"- ","- ",32.757949829101562,-116.93634796142578,"SAN DIEGO",UNINCORPORATED,-116.93625640869141,32.757881164550781
9113347,2020,2020-08-11,3709,2020-05-08,0653,NC0526,,5,5,5,3709,0,0,0,,0,020,"NATIONAL CITY BL","EAST 8TH ST",25.00,E,N,A,-,N,,,,,,,,,,N,4,0,1,2,A,-,03,22350,,N,C,C,A,A,H,-,A,A,0,,,,,Y,Y,A,01,0,0,1,0,0,0,0,0,0,"- ","- ",,,"SAN DIEGO","NATIONAL CITY",-117.10690307617188,32.675773620605469
91133548,2019,2019-12-02,9680,2019-09-29,1735,022233,,7,2,9,3700,0,2,4,,1,011,"HWY 8 BUSINESS","PINKARD WAY",175.00,E,N,A,-,Y,,,,,,,,,,Y,2,0,4,5,A,-,01,23152,A,N,A,C,A,A,H,-,A,D,0,,,,,Y,Y,A,01,3,0,1,0,0,0,0,0,0,"- ","- ",32.842338562011719,-116.8865966796875,"SAN DIEGO",UNINCORPORATED,,
91133693,2019,2019-12-02,9650,2019-11-24,2330,019191,,7,3,9,3700,0,3,5,,2,006,"SYCAMORE DR","SYCAMORE WAY",100.00,W,N,A,-,N,,,,,,,,,,Y,4,0,1,1,A,-,08,22107,,N,E,I,A,A,H,-,D,D,0,,,,,Y,Y,A,01,0,0,1,0,0,0,0,0,0,"- ","- ",33.334911346435547,-117.22920227050781,"SAN DIEGO",UNINCORPORATED,-117.22799682617188,33.334476470947266
91133752,2019,2019-12-03,9650,2019-11-29,2050,021805,,5,2,9,3700,0,3,5,,2,006,"STAGE COACH LN","REINEMAN RD",30.00,S,N,C,-,N,,,,,,,,,,Y,3,0,1,1,A,-,01,23152,A,N,E,I,A,B,H,-,D,D,0,,,,,Y,Y,A,07,0,1,0,0,0,0,0,0,0,"- ","- ",33.353321075439453,-117.23551940917969,"SAN DIEGO",UNINCORPORATED,-117.23550415039062,33.353305816650391
91134149,2019,2019-12-03,9645,2019-11-21,0113,021097,,4,3,7,3711,0,1,1,,2,010,"I-8 W/B TO SR-163 N/B",I-8,307.00,N,N,B,-,Y,,,8,,,,R,,W,Y,2,0,1,1,A,-,01,23152,A,N,E,I,A,B,H,-,C,D,0,,,,,Y,Y,A,01,1,0,0,0,0,0,0,0,0,"- ","- ",32.764579772949219,-117.16168975830078,"SAN DIEGO","SAN DIEGO",-117.16168975830078,32.764579772949219
91134725,2019,2019-12-03,9645,2019-11-15,1840,016137,,5,2,7,3711,0,1,1,,2,007,"I-5 SOUTHBOUND","GENESEE AVE O/C",300.00,N,N,A,-,Y,,,5,,,,,,S,Y,4,0,1,2,A,-,01,23152,A,N,C,C,A,A,H,-,C,D,0,,,,,Y,Y,A,01,0,0,1,0,0,0,0,0,0,"- ","- ",32.891399383544922,-117.22769927978516,"SAN DIEGO","SAN DIEGO",-117.22745513916016,32.891376495361328
91134811,2019,2019-12-03,9680,2019-11-19,1640,019998,,2,2,9,3700,0,1,3,,1,017,"SR-67 N/B","WILLOW RD",46.00,S,N,C,-,Y,,,67,,,,,,N,Y,4,0,1,3,A,-,01,23152,A,N,B,C,A,B,H,-,C,A,0,,,,,Y,Y,D,22,0,0,1,0,0,0,0,0,0,"- ","- ",32.873321533203125,-116.92420959472656,"SAN DIEGO",UNINCORPORATED,-116.92424011230469,32.873310089111328
91134990,2019,2019-12-04,9650,2019-11-01,1701,021805,,5,2,9,3700,0,3,5,,2,070,"LA GRANADA","AVENIDA MARAVILLAS",1107.00,E,N,A,-,N,,,,,,,,,,Y,1,1,0,1,A,-,01,23152,A,N,E,I,A,A,H,-,A,D,0,,,,,Y,Y,A,01,0,0,0,0,0,0,0,0,0,"- ","- ",33.023460388183594,-117.21835327148438,"SAN DIEGO",UNINCORPORATED,-117.21836090087891,33.023357391357422
91135003,2019,2019-12-04,9650,2019-11-24,0345,019549,,7,3,5,3713,0,1,3,,2,017,"SR-78 W/B","EMERALD DR.",1584.00,E,N,A,-,Y,,,78,,,,,,W,Y,4,0,1,2,A,-,01,23152,A,N,C,C,A,A,H,-,D,D,0,,,,,Y,Y,A,01,0,0,1,0,0,0,0,0,0,"- ","- ",33.191738128662109,-117.27205657958984,"SAN DIEGO",VISTA,-117.27203369140625,33.191684722900391
91135024,2019,2019-12-04,9650,2019-11-28,1915,017780,,4,2,9,3700,0,3,5,,2,170,"SMILAX RD","S. SANTA FE AVE",0.00,,Y,C,-,N,,,,,,,,,,Y,2,0,3,2,A,-,01,23152,A,N,D,C,A,B,H,-,D,A,0,,,,,Y,Y,A,01,2,0,1,0,0,0,0,0,0,"- ","- ",33.161769866943359,-117.20514678955078,"SAN DIEGO",UNINCORPORATED,-117.20510101318359,33.161769866943359
9113553,2020,2020-08-12,3702,2020-05-17,2144,CV1206,,7,5,6,3702,0,0,0,,0,013,"I ST","2ND AV",155.00,W,N,A,-,N,,,,,,,,,,Y,4,0,1,4,A,-,01,23152,A,N,C,E,A,A,H,-,C,D,0,,,,,Y,Y,A,01,0,0,1,0,0,0,0,0,0,"- ","- ",,,"SAN DIEGO","CHULA VISTA",-117.07225036621094,32.631931304931641
9113558,2020,2020-07-30,3702,2020-04-19,0021,CV1306,,7,5,6,3702,0,0,0,,0,042,"KING CREEK WY","HUNTE PKWY",49.00,E,N,A,-,N,,,,,,,,,,Y,3,0,1,1,A,-,01,23152,A,N,E,I,A,A,H,-,C,D,0,,,,,Y,Y,A,01,0,1,0,0,0,0,0,0,0,"- ","- ",,,"SAN DIEGO","CHULA VISTA",-116.95396423339844,32.643848419189453
9113631,2020,2020-07-30,3711,2020-04-10,1545,SD7390,,5,5,7,3711,0,0,0,,0,122,"PACIFIC BEACH DR",GRESHAM,52.00,W,N,C,-,N,,,,,,,,,,Y,3,0,1,3,A,-,03,22350,,N,C,E,A,B,H,-,A,D,0,,,,,Y,Y,A,01,0,1,0,0,0,0,0,0,0,"- ","- ",,,"SAN DIEGO","SAN DIEGO",-117.24294281005859,32.793312072753906
9113635,2020,2020-07-30,3702,2020-04-18,2118,CV1280,,6,5,6,3702,0,0,0,,0,014,"2ND AV","E ST",0.00,,Y,A,-,N,,,,,,,,,,Y,4,0,1,2,A,-,01,23152,A,N,D,C,A,A,H,-,C,A,0,,,,,Y,Y,A,01,0,0,1,0,0,0,0,0,0,"- ","- ",,,"SAN DIEGO","CHULA VISTA",-117.07717132568359,32.645889282226562
9113638,2020,2020-07-30,3702,2020-04-25,2155,CV1298,,6,5,6,3702,0,0,0,,0,023,"E PALOMAR","RAVEN AV",100.00,W,N,A,-,N,,,,,,,,,,Y,2,0,1,1,A,-,01,23152,A,N,H,I,A,A,H,-,C,D,0,,,Y,,Y,Y,C,02,1,0,0,0,0,0,0,0,1,"- ","- ",,,"SAN DIEGO","CHULA VISTA",-117.03683471679688,32.614963531494141
9113663,2020,2020-09-03,3711,2020-06-26,1623,SD7871,,5,5,7,3711,0,0,0,,0,832,"MARLBOROUGH AV","EL CAJON BL",22.00,N,N,A,-,N,,,,,,,,,,N,4,0,1,3,A,-,08,22107,,N,C,C,A,A,H,-,A,D,0,,,,,Y,Y,A,07,0,0,1,0,0,0,0,0,0,"- ","- ",,,"SAN DIEGO","SAN DIEGO",-117.10614776611328,32.755279541015625
9113680,2020,2020-08-31,3705,2020-06-06,2110,EC0395,,6,5,5,3705,0,0,0,,0,002,"BEECH ST",BALLANTYNE,59.00,W,N,A,-,N,,,,,,,,,,,4,0,1,3,A,-,01,23153,A,M,B,C,A,A,H,-,D,D,0,,,,,Y,Y,A,01,0,0,1,0,0,0,0,0,0,"- ","- ",,,"SAN DIEGO","EL CAJON",-116.95829772949219,32.802711486816406
91137279,2019,2019-12-06,9650,2019-11-28,0428,013890,,4,3,5,3701,0,1,1,,2,005,"I-5 S/B TO LA COSTA AVE.","LA COSTA AVE",80.00,N,N,B,-,Y,,,5,,,,R,,S,Y,3,0,1,2,A,-,01,23152,A,N,C,C,A,B,D,-,C,D,0,,,,,Y,Y,A,01,0,1,0,0,0,0,0,0,0,"- ","- ",33.084339141845703,-117.29913330078125,"SAN DIEGO",CARLSBAD,-117.29913330078125,33.084339141845703