CASE_ID,ACCIDENT_YEAR,PROC_DATE,JURIS,COLLISION_DATE,COLLISION_TIME,OFFICER_ID,REPORTING_DISTRICT,DAY_OF_WEEK,CHP_SHIFT,POPULATION,CNTY_CITY_LOC,SPECIAL_COND,BEAT_TYPE,CHP_BEAT_TYPE,CITY_DIVISION_LAPD,CHP_BEAT_CLASS,BEAT_NUMBER,PRIMARY_RD,SECONDARY_RD,DISTANCE,DIRECTION,INTERSECTION,WEATHER_1,WEATHER_2,STATE_HWY_IND,CALTRANS_COUNTY,CALTRANS_DISTRICT,STATE_ROUTE,ROUTE_SUFFIX,POSTMILE_PREFIX,POSTMILE,LOCATION_TYPE,RAMP_INTERSECTION,SIDE_OF_HWY,TOW_AWAY,COLLISION_SEVERITY,NUMBER_KILLED,NUMBER_INJURED,PARTY_COUNT,PRIMARY_COLL_FACTOR,PCF_CODE_OF_VIOL,PCF_VIOL_CATEGORY,PCF_VIOLATION,PCF_VIOL_SUBSECTION,HIT_AND_RUN,TYPE_OF_COLLISION,MVIW,PED_ACTION,ROAD_SURFACE,ROAD_COND_1,ROAD_COND_2,LIGHTING,CONTROL_DEVICE,CHP_ROAD_TYPE,PEDESTRIAN_ACCIDENT,BICYCLE_ACCIDENT,MOTORCYCLE_ACCIDENT,TRUCK_ACCIDENT,NOT_PRIVATE_PROPERTY,ALCOHOL_INVOLVED,STWD_VEHTYPE_AT_FAULT,CHP_VEHTYPE_AT_FAULT,COUNT_SEVERE_INJ,COUNT_VISIBLE_INJ,COUNT_COMPLAINT_PAIN,COUNT_PED_KILLED,COUNT_PED_INJURED,COUNT_BICYCLIST_KILLED,COUNT_BICYCLIST_INJURED,COUNT_MC_KILLED,COUNT_MC_INJURED,PRIMARY_RAMP,SECONDARY_RAMP,LATITUDE,LONGITUDE,COUNTY,CITY,POINT_X,POINT_Y
91137542,2019,2019-12-06,9680,2019-11-22,1610,020780,"T617 ",5,2,9,3700,0,2,4,,1,013,"WILDCAT CANYON ROAD","FOUNDERS WAY",3696.00,S,N,A,-,N,,,,,,,,,,Y,3,0,1,1,A,-,01,23152,A,N,E,I,A,A,H,-,A,D,0,,,,,Y,Y,A,01,0,1,0,0,0,0,0,0,0,"- ","- ",32.925941467285156,-116.87496948242188,"SAN DIEGO",UNINCORPORATED,-116.87490081787109,32.925933837890625
9113767,2020,2020-08-20,3706,2020-06-06,0024,524,ESCON,6,5,6,3706,0,0,0,,0,045,"HARMONY GROVE RD","ENTERPRISE ST",367.00,W,N,B,-,N,,,,,,,,,,Y,3,0,1,1,A,-,01,23152,A,N,E,I,A,B,H,-,C,D,0,,,,,Y,Y,D,22,0,1,0,0,0,0,0,0,0,"- ","- ",33.110439300537109,-117.11424255371094,"SAN DIEGO",ESCONDIDO,-117.11482238769531,33.109588623046875
91137726,2019,2019-12-06,9645,2019-11-23,2229,019678,,6,3,7,3711,0,1,3,,2,012,"SR-52 E/B",I-5,2500.00,E,N,A,-,Y,,,52,,,,,,E,Y,4,0,1,1,A,-,01,23152,A,N,E,I,A,A,H,-,C,D,0,,,,,Y,Y,A,07,0,0,1,0,0,0,0,0,0,"- ","- ",32.839370727539062,-117.22641754150391,"SAN DIEGO","SAN DIEGO",-117.22640991210938,32.839317321777344
9113810,2020,2020-08-24,3710,2020-06-04,2017,OC1484,,4,5,6,3710,0,0,0,,0,030,"WARING RD","THUNDER DR",170.00,W,N,A,-,N,,,,,,,,,,Y,3,0,1,4,A,-,01,23152,A,N,A,E,A,-,H,-,C,A,0,,,,,Y,Y,A,01,0,1,0,0,0,0,0,0,0,"- ","- ",,,"SAN DIEGO",OCEANSIDE,-117.28878021240234,33.187599182128906
91140021,2019,2019-12-10,9645,2019-11-28,0130,020480,,4,3,7,3711,0,1,1,,2,010,"I-8 W/B","COLLEGE AVENUE",1775.00,E,N,B,-,Y,,,8,,,,,,W,Y,2,0,1,1,A,-,01,23152,A,N,E,I,A,B,H,-,C,D,0,,,,,Y,Y,A,01,1,0,0,0,0,0,0,0,0,"- ","- ",32.778568267822266,-117.05999755859375,"SAN DIEGO","SAN DIEGO",-117.06003570556641,32.778461456298828
91140279,2019,2019-12-10,9680,2019-11-27,2150,021945,,3,2,5,3708,0,1,1,,2,081,"I-8 W/B","EL CAJON BLVD",10.00,E,N,B,-,Y,,,8,,,,,,W,Y,4,0,1,1,A,-,01,23152,G,N,E,I,A,B,H,-,D,D,0,,,,,Y,Y,A,01,0,0,1,0,0,0,0,0,0,"- ","- ",32.770999908447266,-117.02137756347656,"SAN DIEGO","LA MESA",-117.02138519287109,32.771072387695312
91140563,2019,2019-12-11,9650,2019-11-29,2035,021327,,5,2,9,3700,0,1,3,,1,028,SR-76,"BODIE BLVD",2220.00,W,N,B,C,Y,,,,,,,,,,Y,3,0,4,2,A,-,01,23152,A,N,B,C,A,B,H,-,D,D,0,,,,,Y,Y,A,07,0,1,3,0,0,0,0,0,0,"- ","- ",33.217781066894531,-117.13272857666016,"SAN DIEGO",UNINCORPORATED,,
9114101,2020,2020-08-24,3701,2020-06-14,1604,CB5543,065,7,5,5,3701,0,0,0,,0,005,"CANNON RD","LEGOLAND DR",0.00,,Y,A,-,N,,,,,,,,,,N,3,0,2,2,A,-,01,23153,A,N,D,C,A,A,H,-,A,A,0,,,,,Y,Y,-,,0,1,1,0,0,0,0,0,0,"- ","- ",,,"SAN DIEGO",CARLSBAD,-117.31707763671875,33.1343994140625
91141017,2019,2019-12-11,9680,2019-12-01,1540,016102,,7,2,9,3700,0,1,3,,1,060,"STATE ROUTE 94 (SR-94)","LIVE OAK SPRINGS ROAD",4752.00,W,N,A,-,Y,,,94,,,,,,,Y,4,0,1,2,A,-,05,21460,A,N,B,C,A,A,H,-,A,A,0,,,,,Y,Y,D,22,0,0,1,0,0,0,0,0,0,"- ","- ",32.654781341552734,-116.34941864013672,"SAN DIEGO",UNINCORPORATED,-116.34939575195312,32.654773712158203
91141124,2019,2019-12-11,9680,2019-11-28,1319,013686,,4,1,9,3700,0,1,3,,2,016,"SR-67 S/B","RIVERFORD RD.",10.00,E,N,B,C,Y,,,67,,,,,,S,Y,3,0,1,1,A,-,01,23152,A,N,E,I,A,A,H,-,A,D,0,,,,,Y,Y,A,01,0,1,0,0,0,0,0,0,0,"- ","- ",32.855140686035156,-116.94703674316406,"SAN DIEGO",UNINCORPORATED,-116.94696807861328,32.854976654052734
91141449,2019,2019-12-11,9680,2019-11-29,1714,020951,,5,2,9,3700,0,3,5,,2,001,"ASHWOOD ST","WILLOW RD.",150.00,S,N,B,-,N,,,,,,,,,,N,4,0,5,2,A,-,01,23152,A,N,C,C,A,B,H,-,C,A,0,,,,,Y,Y,A,01,0,0,5,0,0,0,0,0,0,"- ","- ",32.874809265136719,-116.91000366210938,"SAN DIEGO",UNINCORPORATED,-116.91007995605469,32.874675750732422
91141513,2019,2019-12-11,9680,2019-12-01,0655,015972,,7,1,9,3700,0,3,5,,2,001,"LAKEVIEW ROAD","LOS COCHES ROAD",560.00,E,N,B,-,N,,,,,,,,,,Y,3,0,1,1,A,-,01,23152,A,N,E,I,A,A,H,-,A,A,0,,,,,Y,Y,A,01,0,1,0,0,0,0,0,0,0,"- ","- ",32.836921691894531,-116.90614318847656,"SAN DIEGO",UNINCORPORATED,-116.90633392333984,32.836891174316406
91141546,2019,2019-12-11,9650,2019-11-27,2108,018041,,3,2,5,3712,0,3,5,,2,170,"BUENA CREEK RD.","STAR VIEW DR.",42.00,S,N,C,-,Y,,,,,,,,,,Y,3,0,2,2,A,-,01,23152,A,N,A,C,A,B,H,-,C,D,0,,,,,Y,Y,A,01,0,1,1,0,0,0,0,0,0,"- ","- ",33.187419891357422,-117.19526672363281,"SAN DIEGO","SAN MARCOS",-117.19513702392578,33.187465667724609
91141929,2019,2019-12-12,9680,2019-12-02,1755,019936,,1,2,9,3700,0,3,5,,2,001,"ORO ST","PERSIMMON AVE",0.00,,Y,A,-,N,,,,,,,,,,N,4,0,1,2,A,-,09,21802,A,M,D,C,A,A,H,-,C,A,0,,,,,Y,Y,A,01,0,0,1,0,0,0,0,0,0,"- ","- ",32.811531066894531,-116.94014739990234,"SAN DIEGO",UNINCORPORATED,-116.94014739990234,32.811519622802734
91142304,2019,2019-12-12,9645,2019-10-18,0335,021231,,5,3,7,3711,0,1,1,,2,021,"SR-15 S/B",I-805,1081.00,N,N,A,-,Y,,,15,,,,,,S,Y,3,0,1,1,A,-,08,22107,,N,E,I,A,A,H,-,D,D,0,,,,,Y,Y,A,01,0,1,0,0,0,0,0,0,0,"- ","- ",32.735370635986328,-117.11286926269531,"SAN DIEGO","SAN DIEGO",-117.11286163330078,32.735370635986328
91142516,2019,2019-12-12,9650,2019-12-02,1130,013388,,1,1,5,3713,0,1,3,,2,019,"SR-78 W/B","MAR VISTA DR",1584.00,W,N,A,-,Y,,,78,,,,,,W,Y,3,0,1,2,A,-,08,22107,,N,B,C,A,A,H,-,A,D,0,,,,,Y,Y,A,08,0,1,0,0,0,0,0,0,0,"- ","- ",33.1851806640625,-117.23319244384766,"SAN DIEGO",VISTA,-117.23313140869141,33.18524169921875
9114257,2020,2020-09-14,3701,2020-06-17,1929,CB5547,001,3,5,5,3701,0,0,0,,0,001,"CARLSBAD BL","CHRISTIANSEN WY",0.00,,Y,A,-,N,,,,,,,,,,,3,0,1,2,A,-,08,22107,,N,D,G,A,A,H,-,B,D,0,,Y,,,Y,Y,A,07,0,1,0,0,0,0,1,0,0,"- ","- ",,,"SAN DIEGO",CARLSBAD,-117.35250091552734,33.159999847412109
9114258,2020,2020-09-14,3701,2020-06-19,1915,CB5547,034,5,5,5,3701,0,0,0,,0,003,"HARRISON ST","CHINQUAPIN AV",0.00,,Y,B,-,N,,,,,,,,,,Y,4,0,1,3,A,-,01,23153,A,F,D,C,A,A,H,-,A,D,0,,,,,Y,Y,A,01,0,0,1,0,0,0,0,0,0,"- ","- ",,,"SAN DIEGO",CARLSBAD,-117.33425140380859,33.150569915771484
91142800,2019,2019-12-13,9680,2019-12-03,2200,020401,,2,3,5,3708,0,1,1,,2,081,"I-8 E/B TO FLETCHER PARKWAY","FLETCHER PARKWAY",717.00,W,N,B,C,Y,,,8,,,,R,,E,Y,2,0,1,1,A,-,01,23152,A,N,E,I,A,B,H,-,D,D,0,,,,,Y,Y,A,01,1,0,0,0,0,0,0,0,0,"- ","- ",32.773761749267578,-117.03231811523438,"SAN DIEGO","LA MESA",-117.03231811523438,32.773761749267578
91144679,2019,2019-12-17,9650,2019-12-01,2309,021463,,7,3,9,3700,0,1,3,,2,065,"SR-76 E/B","E. VISTA WAY",0.00,,Y,A,-,Y,,,76,,,,,,E,Y,2,0,2,2,A,-,01,23152,A,N,A,C,A,A,H,-,C,A,0,,,,,Y,Y,A,07,1,1,0,0,0,0,0,0,0,"- ","- ",33.257801055908203,-117.23729705810547,"SAN DIEGO",UNINCORPORATED,-117.23748779296875,33.257965087890625
91145673,2019,2019-12-17,9645,2019-12-05,0118,019410,,4,3,7,3711,0,1,1,,2,010,"I-8 W/B TO I-15 N/B","I-15 N/B",140.00,E,N,B,-,Y,,,8,,,,R,,W,Y,4,0,1,1,A,-,01,23152,A,N,F,A,A,B,H,-,C,D,0,,,,,Y,Y,A,07,0,0,1,0,0,0,0,0,0,"- ","- ",32.7806396484375,-117.11273193359375,"SAN DIEGO","SAN DIEGO",-117.11273193359375,32.7806396484375
91146706,2019,2019-12-18,9680,2019-12-06,2151,019678,,5,2,4,3720,0,1,3,,2,027,"SR-94 E/B TO MASSACHUSETTS AVE.","MASSACHUSETTS AVE.",190.00,E,N,B,-,Y,,,94,,,,R,,E,Y,3,0,2,1,A,-,01,23152,A,N,F,A,A,B,H,-,C,A,0,,,Y,,Y,Y,C,02,0,2,0,0,0,0,0,0,2,"- ","- ",32.744541168212891,-117.04210662841797,"SAN DIEGO","LEMON GROVE",-117.04210662841797,32.744541168212891
91146770,2019,2019-12-19,9650,2019-12-06,0034,013890,,5,3,5,3782,0,1,1,,2,007,"I-5 N/B","REQUEZA ST. OVER CROSSING",825.00,S,N,B,-,Y,,,5,,,,,,N,Y,3,0,2,2,A,-,01,23152,A,N,C,C,A,B,D,-,D,D,0,,,,,Y,Y,A,01,0,1,1,0,0,0,0,0,0,"- ","- ",33.041370391845703,-117.28463745117188,"SAN DIEGO",ENCINITAS,-117.28469848632812,33.041336059570312
91147163,2019,2019-12-19,9680,2019-12-09,2110,019555,,1,2,9,3700,0,3,5,,2,001,"EL NOPAL ROAD","MOUNTAIN VIEW LN",835.00,S,N,A,-,N,,,,,,,,,,Y,3,0,1,1,A,-,01,23152,A,N,E,I,A,A,H,-,D,D,0,,,,,Y,Y,A,07,0,1,0,0,0,0,0,0,0,"- ","- ",32.862171173095703,-116.95491790771484,"SAN DIEGO",UNINCORPORATED,-116.95917510986328,32.863513946533203
91147546,2019,2019-12-19,9680,2019-12-09,2250,022233,,1,3,4,3720,0,1,3,,2,027,"SR-94 E/B","SR-125 N/B TO SR-94 W/B CONNECTOR ROAD",80.00,W,N,A,-,Y,,,94,,,,,,E,Y,2,0,2,2,A,-,01,23152,A,N,E,I,A,A,H,-,C,A,0,,,,,Y,Y,A,01,1,0,1,0,0,0,0,0,0,"- ","- ",32.746799468994141,-117.02050018310547,"SAN DIEGO","LEMON GROVE",-117.02050018310547,32.746818542480469
91149710,2019,2019-12-23,9650,2019-12-14,0130,020747,,6,3,9,3700,0,3,5,,2,213,"RAINBOW VALLEY BLVD","OLD HIGHWAY 395",315.00,E,N,A,-,N,,,,,,,,,,Y,3,0,1,1,A,-,01,23152,A,N,E,I,A,A,H,-,D,D,0,,,,,Y,Y,A,01,0,1,0,0,0,0,0,0,0,"- ","- ",33.406528472900391,-117.161376953125,"SAN DIEGO",UNINCORPORATED,-117.14312744140625,33.429061889648438
9114979,2020,2020-08-14,3711,2020-05-16,0120,SD6210,,6,5,7,3711,0,0,0,,0,327,"COLLEGE AV","MESITA DR",222.00,S,N,A,-,N,,,,,,,,,,N,2,0,1,2,A,-,11,21954,A,N,E,J,A,A,H,-,D,D,0,,,,,Y,Y,-,,1,0,0,0,0,0,0,0,0,"- ","- ",,,"SAN DIEGO","SAN DIEGO",-117.06702423095703,32.766101837158203
91149870,2019,2019-12-23,9650,2019-12-12,0336,021463,,4,3,6,3710,0,1,3,,2,015,"SR-78 W/B","EL CAMINO REAL",1130.00,E,N,A,-,Y,,,78,,,,,,W,Y,2,0,2,1,A,-,01,23152,A,N,E,I,A,A,H,-,C,D,0,,,,,Y,Y,A,01,1,1,0,0,0,0,0,0,0,"- ","- ",33.182399749755859,-117.3231201171875,"SAN DIEGO",OCEANSIDE,-117.3231201171875,33.182365417480469
91150756,2019,2019-12-23,9645,2019-12-11,0020,021617,,3,3,9,3700,0,3,5,,2,018,"PEPPER TREE ROAD","VISTA DRIVE",63.00,W,N,A,-,Y,,,,,,,,,,Y,4,0,1,2,A,-,01,23152,A,N,E,I,A,A,H,-,C,D,0,,,,,Y,Y,A,01,0,0,1,0,0,0,0,0,0,"- ","- ",32.642398834228516,-117.06189727783203,"SAN DIEGO",UNINCORPORATED,-117.06195831298828,32.642551422119141
9115081,2020,2020-09-10,3709,2020-06-26,2237,NC0510,,5,5,5,3709,0,0,0,,0,024,"HIGHLAND AV","RT 54",0.00,,Y,A,-,N,,,,,,,,,,Y,2,0,2,2,A,-,01,23153,A,N,D,C,A,A,H,-,C,A,0,,,,,Y,Y,A,01,1,1,0,0,0,0,0,0,0,"- ",WO,,,"SAN DIEGO","NATIONAL CITY",-117.09017181396484,32.656169891357422
91150955,2019,2019-12-23,9680,2019-11-23,1842,021441,,6,2,5,3708,0,1,1,,2,081,"I-8 W/B","SEVERIN DR",1054.00,E,N,A,-,Y,,,8,,,,,,W,Y,3,0,1,1,A,-,01,23152,A,M,E,I,A,A,H,-,C,D,0,,,,,Y,Y,A,01,0,1,0,0,0,0,0,0,0,"- ","- ",32.779399871826172,-116.99340057373047,"SAN DIEGO","LA MESA",-116.993408203125,32.779304504394531
91150991,2019,2019-12-23,9680,2019-11-24,1515,021501,,7,2,9,3700,0,3,5,,2,007,"SWEENY PASS RD","GREAT SOUTHERN OVERLAND STAGE RTE",19536.00,S,N,A,-,N,,,,,,,,,,Y,2,0,1,1,A,-,03,22350,,N,E,I,A,A,H,-,A,A,0,,,Y,,Y,Y,C,02,1,0,0,0,0,0,0,0,1,"- ","- ",32.833160400390625,-116.18112945556641,"SAN DIEGO",UNINCORPORATED,-116.18108367919922,32.833091735839844
91151061,2019,2019-12-23,9680,2019-11-26,1820,018801,,2,2,5,3708,0,1,3,,2,028,"SR-125 N/B","LEMON AVE U/C",1056.00,S,N,A,-,Y,,,125,,,,,,N,Y,4,0,1,2,A,-,07,21658,A,F,B,C,A,A,H,-,D,D,0,,,,,Y,Y,D,22,0,0,1,0,0,0,0,0,0,"- ","- ",32.765159606933594,-117.00198364257812,"SAN DIEGO","LA MESA",-117.00196838378906,32.765159606933594
91151557,2019,2019-12-24,9680,2019-12-12,1725,021588,,4,2,9,3700,0,3,5,,2,004,"JEFFERSON RD",SR-94,50.00,N,N,A,-,N,,,,,,,,,,Y,3,0,1,2,A,-,01,23152,A,N,C,C,A,A,H,-,C,A,0,,,,,Y,Y,D,22,0,1,0,0,0,0,0,0,0,"- ","- ",32.717090606689453,-116.87592315673828,"SAN DIEGO",UNINCORPORATED,-116.87592315673828,32.716987609863281
9115191,2020,2020-09-15,3709,2020-06-23,2244,NC0525,,2,5,5,3709,0,0,0,,0,021,"EAST PLAZA BL","HIGHLAND AV",0.00,,Y,A,-,N,,,,,,,,,,Y,3,0,2,2,A,-,01,23152,A,N,D,C,A,A,H,-,C,A,0,,,,,Y,Y,A,01,0,1,1,0,0,0,0,0,0,"- ","- ",,,"SAN DIEGO","NATIONAL CITY",-117.09810638427734,32.6763916015625
91152396,2019,2019-12-26,9650,2019-12-15,0020,021500,,7,3,9,3700,0,3,5,,2,213,"PALA TEMECULA RD","RANCHO HEIGHTS RD",830.00,S,N,A,-,N,,,,,,,,,,Y,2,0,3,1,A,-,01,23152,A,N,E,I,A,A,H,-,D,D,0,,,,,Y,Y,A,01,1,0,2,0,0,0,0,0,0,"- ","- ",33.420738220214844,-117.0877685546875,"SAN DIEGO",UNINCORPORATED,-117.08786010742188,33.4207763671875
9115296,2020,2020-09-01,3701,2020-06-16,1719,CB5493,0844,2,5,5,3701,0,0,0,,0,006,"RANCHO QUARTILLO","PASEO CORTO",52.00,E,N,A,-,N,,,,,,,,,,,4,0,1,1,-,-,"- ",,A,N,E,I,A,A,H,-,A,A,0,,,,,Y,Y,A,01,0,0,1,0,0,0,0,0,0,"- ","- ",33.123451232910156,-117.23728942871094,"SAN DIEGO",CARLSBAD,-117.23731994628906,33.123271942138672
91153217,2019,2019-12-26,9645,2019-12-10,2019,020180,,2,2,7,3711,0,1,1,,2,015,"I-805 S/B FROM BALBOA AVENUE W/B","BALBOA AVE",644.00,S,N,A,-,Y,,,805,,,,R,,S,Y,3,0,1,3,A,-,01,23152,A,N,B,C,A,A,H,-,C,D,0,,,,,Y,Y,A,01,0,1,0,0,0,0,0,0,0,"- ","- ",32.819950103759766,-117.16175079345703,"SAN DIEGO","SAN DIEGO",-117.16175079345703,32.819950103759766
91153309,2019,2019-12-26,9680,2019-12-15,1600,021944,,7,2,9,3700,0,1,3,,1,024,"SR-94 W/B","VIA MERCADO",107.00,E,N,A,-,Y,,,94,,,,,,W,Y,4,0,1,2,A,-,01,23152,A,N,C,C,A,A,H,-,A,A,0,,,,,Y,Y,A,07,0,0,1,0,0,0,0,0,0,"- ","- ",32.745410919189453,-116.95752716064453,"SAN DIEGO",UNINCORPORATED,-116.95755767822266,32.745338439941406
9115352,2020,2020-10-29,3711,2020-05-27,1358,SD7903,,3,5,7,3711,0,0,0,,0,438,"REO DR","CUMBERLAND ST",30.00,S,N,A,-,N,,,,,,,,,,N,3,0,2,2,A,-,09,21800,C,N,B,C,A,A,H,-,A,D,0,,,,,Y,Y,-,,0,1,1,0,0,0,0,0,0,"- ","- ",,,"SAN DIEGO","SAN DIEGO",-117.06430816650391,32.675205230712891
9115375,2019,2020-06-29,3710,2019-11-15,1805,OC1455,,5,5,6,3710,0,0,0,,0,016,"DOUGLAS DR","EL CAMINO REAL",0.00,,Y,A,-,N,,,,,,,,,,N,4,0,1,2,A,-,07,21658,,N,B,C,A,-,H,-,C,A,0,,,,,Y,Y,-,"- ",0,0,1,0,0,0,0,0,0,"- ","- ",,,"SAN DIEGO",OCEANSIDE,-117.32573699951172,33.231029510498047
91154067,2019,2019-12-27,9680,2019-12-16,2300,019384,,1,3,9,3700,0,1,1,,2,082,"I-8 E/B TO LAKE JENNINGS PARK RD.","LAKE JENNINGS PARK RD",380.00,W,N,A,-,Y,,,8,,,,R,,E,Y,2,0,1,1,A,-,01,23152,A,N,E,I,A,A,H,-,D,A,0,,,,,Y,Y,A,01,1,0,0,0,0,0,0,0,0,"- ","- ",32.843208312988281,-116.88173675537109,"SAN DIEGO",UNINCORPORATED,-116.88173675537109,32.843208312988281
91154075,2019,2019-12-27,9645,2019-10-27,0038,021617,,7,3,7,3711,0,1,3,,2,025,"SR-163 S/B FROM KEARNY VILLA ROAD S/B","KEARNY VILLA RD.",116.00,S,N,A,-,Y,,,163,,,,R,,S,Y,2,0,1,1,A,-,01,23152,A,N,E,I,A,A,H,-,C,D,0,,,,,Y,Y,D,22,1,0,0,0,0,0,0,0,0,"- ","- ",32.856201171875,-117.11900329589844,"SAN DIEGO","SAN DIEGO",-117.11900329589844,32.856201171875
91154285,2019,2019-12-27,9680,2019-12-07,1908,021510,,6,2,9,3700,0,2,4,,1,010,"WOODSIDE AVENUE","MAINE AVE",100.00,W,N,B,-,N,,,,,,,,,,N,4,0,1,2,A,-,11,21954,A,F,G,B,D,B,H,-,C,D,0,Y,,,,Y,Y,N,60,0,0,1,0,1,0,0,0,0,"- ","- ",32.857318878173828,-116.9217529296875,"SAN DIEGO",UNINCORPORATED,-116.92173004150391,32.857307434082031
91154322,2019,2019-12-27,9680,2019-12-03,2220,022233,,2,3,4,3720,0,1,3,,2,028,"SR-125 N/B","SR-125 N/B TO SR-94 W/B",574.00,N,N,A,-,Y,,,125,,,,,,N,Y,4,0,1,2,A,-,01,23152,A,N,E,I,A,A,H,-,C,D,0,,,,,Y,Y,A,01,0,0,1,0,0,0,0,0,0,"- ","- ",32.748069763183594,-117.01788330078125,"SAN DIEGO","LEMON GROVE",-117.01763916015625,32.7479248046875
91154426,2019,2020-01-13,9650,2019-12-14,2355,019822,,6,3,6,3706,0,1,1,,2,023,"I-15 N/B","VIA RANCHO PKY",1584.00,S,N,B,-,Y,,,15,,,,,,N,Y,3,0,4,2,A,-,01,23152,A,N,C,C,A,A,H,-,C,D,0,,,,,Y,Y,A,01,0,3,1,0,0,0,0,0,0,"- ","- ",33.064121246337891,-117.06861877441406,"SAN DIEGO",ESCONDIDO,-117.06868743896484,33.064125061035156
91155444,2019,2019-12-30,9645,2019-12-05,1555,016061,,4,2,7,3711,0,1,3,,2,014,"SR-52 E/B","CONVOY ST.",1000.00,W,N,A,-,Y,,,52,,,,,,E,Y,2,0,1,3,A,-,01,23152,A,N,C,C,A,A,H,-,A,D,0,,,,,Y,Y,A,01,1,0,0,0,0,0,0,0,0,"- ","- ",32.839279174804688,-117.16152954101562,"SAN DIEGO","SAN DIEGO",-117.1614990234375,32.839328765869141
91155714,2019,2020-02-04,9645,2019-12-14,0345,022050,,6,3,5,3709,0,1,1,,2,001,"I-5 N/B TO W. PLAZA BLVD","W. EIGHTH ST",750.00,S,N,A,-,Y,,,5,,,,R,,N,Y,4,0,1,1,A,-,01,23152,A,N,E,I,A,A,H,-,D,D,0,,,,,Y,Y,A,07,0,0,1,0,0,0,0,0,0,"- ","- ",32.672710418701172,-117.11029052734375,"SAN DIEGO","NATIONAL CITY",-117.11029052734375,32.672710418701172
91155916,2019,2019-12-30,9650,2019-12-16,1041,015446,,1,1,9,3700,0,3,5,,1,160,"W. LILAC ROAD","CAMINO DEL REY",1056.00,E,N,A,-,N,,,,,,,,,,Y,3,0,1,2,A,-,01,23152,A,N,A,C,A,A,H,-,A,D,0,,,,,Y,Y,A,01,0,1,0,0,0,0,0,0,0,"- ","- ",33.292949676513672,-117.21672058105469,"SAN DIEGO",UNINCORPORATED,-117.21646881103516,33.290138244628906
91156471,2019,2019-12-31,9650,2019-12-18,1905,019270,,3,2,9,3700,0,2,4,,2,061,"E. MISSION RD","ORANGE AVE",0.00,,Y,A,-,N,,,,,,,,,,N,3,0,1,2,A,-,11,21954,A,N,G,B,C,A,H,-,D,D,0,Y,,,,Y,Y,N,60,0,1,0,0,1,0,0,0,0,"- ","- ",33.384601593017578,-117.24916076660156,"SAN DIEGO",UNINCORPORATED,-117.24915313720703,33.384601593017578
91156541,2019,2019-12-31,9645,2019-12-14,0235,021828,,6,3,7,3711,0,1,1,,2,010,"I-8 EASTBOUND TO I-15 SOUTHBOUND","I-15 S/B TO CAMINO DEL RIO SOUTH",250.00,W,N,A,-,Y,,,8,,,,R,,E,Y,3,0,1,1,A,-,01,23152,A,N,E,I,A,A,D,-,D,D,0,,,,,Y,Y,A,01,0,1,0,0,0,0,0,0,0,"- ","- ",32.778270721435547,-117.11652374267578,"SAN DIEGO","SAN DIEGO",-117.11652374267578,32.778270721435547
91156558,2019,2019-12-31,9645,2019-11-24,0010,021231,,7,3,7,3711,0,1,1,,2,021,"SR-15 S/B",I-5,2000.00,N,N,A,-,Y,,,15,,,,,,S,Y,3,0,2,2,A,-,01,23152,A,N,C,C,A,A,H,-,D,D,0,,,,,Y,Y,A,01,0,2,0,0,0,0,0,0,0,"- ","- ",32.699069976806641,-117.12097930908203,"SAN DIEGO","SAN DIEGO",-117.12088775634766,32.699069976806641
91156560,2019,2019-12-31,9680,2019-12-18,2120,021901,,3,2,9,3700,0,1,3,,1,052,SR-78,"RIVER WOOD DR.",305.00,W,N,A,-,Y,,,78,,,,,,,Y,3,0,2,2,A,-,05,21460,A,N,A,C,A,A,H,-,D,D,0,,,,,Y,Y,D,22,0,1,1,0,0,0,0,0,0,"- ","- ",33.103370666503906,-116.65956878662109,"SAN DIEGO",UNINCORPORATED,-116.65956878662109,33.103370666503906
91156645,2019,2019-12-31,9680,2019-11-26,2025,020780,,2,2,9,3700,0,3,5,,2,002,"SKYLINE TRUCK TRAIL","WISECARVER TRUCK TRAIL",1850.00,W,N,B,-,N,,,,,,,,,,Y,2,0,3,2,A,-,01,23152,A,N,A,C,A,A,H,-,D,D,0,,,,,Y,Y,A,01,2,1,0,0,0,0,0,0,0,"- ","- ",32.726131439208984,-116.77075958251953,"SAN DIEGO",UNINCORPORATED,-116.76992797851562,32.724693298339844
91156903,2019,2019-12-31,9650,2019-12-25,0035,021404,,3,3,9,3700,0,3,5,,2,006,"S. MAIN AVE","FIG ST",100.00,S,N,B,-,N,,,,,,,,,,Y,3,0,1,1,A,-,01,23152,A,N,E,I,A,B,H,-,C,D,0,,,,,Y,Y,A,01,0,1,0,0,0,0,0,0,0,"- ","- ",33.380870819091797,-117.25138854980469,"SAN DIEGO",UNINCORPORATED,-117.25138092041016,33.380874633789062