CASE_ID,ACCIDENT_YEAR,PROC_DATE,JURIS,COLLISION_DATE,COLLISION_TIME,OFFICER_ID,REPORTING_DISTRICT,DAY_OF_WEEK,CHP_SHIFT,POPULATION,CNTY_CITY_LOC,SPECIAL_COND,BEAT_TYPE,CHP_BEAT_TYPE,CITY_DIVISION_LAPD,CHP_BEAT_CLASS,BEAT_NUMBER,PRIMARY_RD,SECONDARY_RD,DISTANCE,DIRECTION,INTERSECTION,WEATHER_1,WEATHER_2,STATE_HWY_IND,CALTRANS_COUNTY,CALTRANS_DISTRICT,STATE_ROUTE,ROUTE_SUFFIX,POSTMILE_PREFIX,POSTMILE,LOCATION_TYPE,RAMP_INTERSECTION,SIDE_OF_HWY,TOW_AWAY,COLLISION_SEVERITY,NUMBER_KILLED,NUMBER_INJURED,PARTY_COUNT,PRIMARY_COLL_FACTOR,PCF_CODE_OF_VIOL,PCF_VIOL_CATEGORY,PCF_VIOLATION,PCF_VIOL_SUBSECTION,HIT_AND_RUN,TYPE_OF_COLLISION,MVIW,PED_ACTION,ROAD_SURFACE,ROAD_COND_1,ROAD_COND_2,LIGHTING,CONTROL_DEVICE,CHP_ROAD_TYPE,PEDESTRIAN_ACCIDENT,BICYCLE_ACCIDENT,MOTORCYCLE_ACCIDENT,TRUCK_ACCIDENT,NOT_PRIVATE_PROPERTY,ALCOHOL_INVOLVED,STWD_VEHTYPE_AT_FAULT,CHP_VEHTYPE_AT_FAULT,COUNT_SEVERE_INJ,COUNT_VISIBLE_INJ,COUNT_COMPLAINT_PAIN,COUNT_PED_KILLED,COUNT_PED_INJURED,COUNT_BICYCLIST_KILLED,COUNT_BICYCLIST_INJURED,COUNT_MC_KILLED,COUNT_MC_INJURED,PRIMARY_RAMP,SECONDARY_RAMP,LATITUDE,LONGITUDE,COUNTY,CITY,POINT_X,POINT_Y
91157041,2019,2020-02-07,9650,2019-12-14,1830,019270,,6,2,6,3710,0,1,1,,2,005,"I-5 S/B","OCEANSIDE BLVD",1056.00,S,N,A,-,Y,,,5,,,,,,S,Y,4,0,4,5,A,-,01,23152,A,F,C,C,A,A,H,-,C,D,0,,,,,Y,Y,A,07,0,0,4,0,0,0,0,0,0,"- ","- ",33.185218811035156,-117.35838317871094,"SAN DIEGO",OCEANSIDE,-117.35831451416016,33.185276031494141
91157123,2019,2020-01-01,9650,2019-12-26,1911,016516,,4,2,9,3700,0,1,3,,1,028,SR-76,"AGUA TIBIA CREEK",5280.00,W,N,B,-,Y,,,76,,,,,,,Y,2,0,1,1,A,-,01,23152,A,N,F,A,A,B,H,-,D,D,0,,,,,Y,Y,A,07,1,0,0,0,0,0,0,0,0,"- ","- ",33.352188110351562,-117.02572631835938,"SAN DIEGO",UNINCORPORATED,-117.02576446533203,33.352169036865234
91157138,2019,2020-01-01,9650,2019-12-27,0631,019352,,5,1,9,3700,0,1,3,,2,065,"SR-76 W/B","E. VISTA WAY",87.00,E,N,A,-,Y,,,76,,,,,,W,Y,3,0,2,2,A,-,01,23152,A,N,A,C,A,A,H,-,A,D,0,,,,,Y,Y,A,01,0,1,1,0,0,0,0,0,0,"- ","- ",33.258098602294922,-117.23731231689453,"SAN DIEGO",UNINCORPORATED,-117.23734283447266,33.258132934570312
91157166,2019,2020-03-18,9650,2019-12-30,1956,016516,,1,2,9,3700,0,1,3,,1,028,SR-76,"MAGEE RD",2350.00,E,N,B,-,Y,,,76,,,,,,,Y,1,1,0,1,A,-,01,23152,A,N,E,I,A,A,H,-,D,D,0,,,,,Y,Y,A,01,0,0,0,0,0,0,0,0,0,"- ","- ",33.357639312744141,-117.03888702392578,"SAN DIEGO",UNINCORPORATED,-117.03894805908203,33.357582092285156
91157174,2019,2020-01-01,9645,2019-12-20,1845,016864,,5,2,7,3711,0,1,1,,2,015,"I-805 S/B","GOVERNOR DRIVE",3168.00,N,N,A,-,Y,,,805,,,,,,S,Y,3,0,3,4,A,-,01,23152,A,N,C,C,A,A,H,-,C,D,0,,,,,Y,Y,D,22,0,3,0,0,0,0,0,0,0,"- ","- ",32.864349365234375,-117.19001007080078,"SAN DIEGO","SAN DIEGO",-117.18996429443359,32.864391326904297
91157365,2019,2020-01-02,9645,2019-07-14,0325,020480,,7,3,7,3711,0,1,1,,2,001,"INTERSTATE 5 SOUTHBOUND","DAIRY MART ROAD",2328.00,S,N,A,-,Y,,,5,,,,,,S,Y,1,1,0,2,A,-,01,23152,A,N,C,C,A,A,H,-,D,D,0,,,Y,,Y,Y,C,02,0,0,0,0,0,0,0,1,0,"- ","- ",32.556400299072266,-117.05740356445312,"SAN DIEGO","SAN DIEGO",-117.05741882324219,32.556346893310547
91158264,2019,2020-01-03,9650,2019-12-16,2106,016997,,1,2,9,3700,0,2,4,,2,061,"S. MISSION RD. (5000 BLOCK)",SR-76,2640.00,N,N,A,-,N,,,,,,,,,,Y,2,0,2,2,A,-,01,23152,A,N,A,C,A,A,H,-,D,D,0,,,,,Y,Y,A,01,1,1,0,0,0,0,0,0,0,"- ","- ",33.300968170166016,-117.22599792480469,"SAN DIEGO",UNINCORPORATED,-117.23429870605469,33.276790618896484
91158665,2019,2020-02-28,9680,2019-10-31,2317,020884,,4,3,5,3708,0,1,1,,2,081,"INTERSTATE 8 W/B FROM SEVERIN DRIVE","SEVERIN DRIVE",1584.00,W,N,A,-,Y,,,8,,,,R,,W,Y,1,1,2,1,A,-,03,22350,,F,E,I,A,A,H,-,C,A,0,,,Y,,Y,Y,C,02,0,2,0,0,0,0,0,1,2,"- ","- ",32.779201507568359,-117.00241851806641,"SAN DIEGO","LA MESA",-117.00241851806641,32.779201507568359
91159032,2019,2020-01-03,9680,2019-12-20,1735,021944,,5,2,5,3705,0,1,3,,2,016,"SR-67 SB FROM FLETCHER PKWY","FLETCHER PKWY",625.00,S,N,A,-,Y,,,67,,,,R,,S,Y,3,0,3,3,A,-,01,23152,A,N,C,C,A,A,H,-,D,D,0,,,,,Y,Y,A,01,0,1,2,0,0,0,0,0,0,"- ","- ",32.805770874023438,-116.96250152587891,"SAN DIEGO","EL CAJON",-116.96250152587891,32.805770874023438
91159068,2019,2020-01-03,9680,2019-12-20,2225,021945,,5,3,4,3720,0,1,3,,2,027,"SR-94 E/B","MASSACHUSETTS AVE",600.00,W,N,A,-,Y,,,94,,,,,,E,Y,3,0,1,1,A,-,01,23152,A,N,E,I,A,A,H,-,D,D,0,,,,,Y,Y,A,01,0,1,0,0,0,0,0,0,0,"- ","- ",32.744838714599609,-117.04514312744141,"SAN DIEGO","LEMON GROVE",-117.04514312744141,32.744770050048828
91159304,2020,2020-01-06,9650,2020-01-02,1950,021933,,4,2,9,3700,0,3,5,,1,212,"WOODS VALLEY RD","COOL WATER RANCH RD",1129.00,E,N,A,-,N,,,,,,,,,,Y,3,0,1,1,A,-,01,23152,A,N,E,I,A,A,H,-,D,D,0,,,,,Y,Y,A,07,0,1,0,0,0,0,0,0,0,"- ","- ",33.204849243164062,-116.98780059814453,"SAN DIEGO",UNINCORPORATED,-116.98795318603516,33.204597473144531
91159305,2019,2020-01-06,9650,2019-12-20,0650,018550,,5,1,5,3712,0,1,3,,2,019,"SR-78 W/B","NORDAHL RD",1584.00,W,N,A,-,Y,,,78,,,,,,W,Y,3,0,2,2,A,-,01,23152,A,N,C,C,A,A,H,-,A,D,0,,,,,Y,Y,A,01,0,1,1,0,0,0,0,0,0,"- ","- ",33.1356201171875,-117.13359069824219,"SAN DIEGO","SAN MARCOS",-117.13356781005859,33.135696411132812
91159469,2020,2020-01-06,9650,2020-01-01,0305,021404,,3,3,9,3700,0,2,4,,2,063,"RECHE RD","GREEN CANYON RD",2640.00,E,N,A,-,N,,,,,,,,,,Y,4,0,1,1,A,-,01,23152,A,N,E,I,A,A,H,-,C,D,0,,,,,Y,Y,A,01,0,0,1,0,0,0,0,0,0,"- ","- ",33.368839263916016,-117.21204376220703,"SAN DIEGO",UNINCORPORATED,-117.20806884765625,33.365512847900391
91160779,2019,2020-01-07,9680,2019-12-24,0155,022183,,2,3,9,3700,0,3,5,,2,002,"LAWSON VALLEY RD","WOOD VALLEY TRL",165.00,N,N,A,-,N,,,,,,,,,,Y,4,0,1,1,A,-,01,23152,A,N,E,I,A,B,H,-,D,D,0,,,,,Y,Y,A,07,0,0,1,0,0,0,0,0,0,"- ","- ",32.744918823242188,-116.80290222167969,"SAN DIEGO",UNINCORPORATED,-116.80294799804688,32.744884490966797
91161709,2019,2020-01-08,9645,2019-12-29,0420,021600,,7,3,7,3711,0,1,3,,2,025,"SR-163 S/B","KEARNY VILLA RD. O/C",682.00,N,N,A,-,Y,,,163,,,,,,S,Y,2,0,1,1,A,-,01,23152,A,N,E,I,A,A,H,-,D,D,0,,,,,Y,Y,A,01,1,0,0,0,0,0,0,0,0,"- ","- ",32.855941772460938,-117.11695861816406,"SAN DIEGO","SAN DIEGO",-117.11698913574219,32.855983734130859
91162468,2019,2020-01-09,9680,2019-10-27,0040,021859,,7,3,9,3700,0,1,3,,1,023,"STATE ROUTE 94 WESTBOUND","BANCROFT DRIVE",480.00,W,N,A,-,Y,,,94,,,,,,W,Y,1,1,1,2,A,-,11,21954,A,N,G,B,D,A,H,-,D,D,0,Y,,,,Y,Y,N,60,0,1,0,1,0,0,0,0,0,"- ","- ",32.750831604003906,-117.00318145751953,"SAN DIEGO",UNINCORPORATED,-117.00314331054688,32.75091552734375
91163154,2019,2020-01-10,9680,2019-12-30,2030,021944,,1,2,9,3700,0,1,3,,2,028,"SR-125 SB TO SPRING ST","SPRING ST",340.00,N,N,A,-,Y,,,125,,,,R,,S,Y,4,0,2,2,A,-,01,23152,A,N,C,C,A,A,H,-,D,A,0,,,,,Y,Y,A,01,0,0,2,0,0,0,0,0,0,"- ","- ",32.754619598388672,-117.01142883300781,"SAN DIEGO",UNINCORPORATED,-117.01142883300781,32.754619598388672
91163535,2020,2020-01-13,9650,2020-01-05,1830,021404,,7,2,9,3700,0,3,5,,2,070,"LA GRANADA","SOBRE LOS CERROS",528.00,W,N,A,-,N,,,,,,,,,,Y,4,0,1,2,A,-,01,23152,A,N,A,C,A,A,H,-,D,D,0,,,,,Y,Y,A,07,0,0,1,0,0,0,0,0,0,"- ","- ",33.023799896240234,-117.217529296875,"SAN DIEGO",UNINCORPORATED,-117.2149658203125,33.023204803466797
91163631,2020,2020-01-13,9650,2020-01-02,2215,021528,,4,3,9,3700,0,3,5,,2,170,"WOODLAND DR","WATSON WAY",0.00,,Y,A,-,N,,,,,,,,,,Y,3,0,1,2,A,-,01,23152,A,N,A,E,A,A,H,-,D,D,0,,,,,Y,Y,A,01,0,1,0,0,0,0,0,0,0,"- ","- ",33.178409576416016,-117.22046661376953,"SAN DIEGO",UNINCORPORATED,-117.22039031982422,33.178379058837891
91163997,2020,2020-01-13,9645,2020-01-01,0310,021772,,3,3,7,3711,0,1,1,,2,001,"I-5 S/B","CAMINO DE LA PLAZA",40.00,S,N,B,-,Y,,,5,,,,,,S,Y,4,0,1,1,A,-,01,23152,A,N,E,I,A,A,H,-,C,D,0,,,,,Y,Y,A,01,0,0,1,0,0,0,0,0,0,"- ","- ",32.544670104980469,-117.03292083740234,"SAN DIEGO","SAN DIEGO",-117.03301239013672,32.544532775878906
91164019,2020,2020-01-13,9650,2020-01-01,0855,017328,,3,1,9,3700,0,3,5,,2,006,"DE LUZ RD.","ROYAL GLEN DR.",384.00,N,N,A,-,N,,,,,,,,,,Y,4,0,1,1,A,-,01,23152,A,N,E,I,A,A,H,-,A,D,0,,,,,Y,Y,A,01,0,0,1,0,0,0,0,0,0,"- ","- ",33.389179229736328,-117.25241088867188,"SAN DIEGO",UNINCORPORATED,-117.25243377685547,33.3890380859375
91164042,2020,2020-01-13,9680,2020-01-01,0140,021828,,3,3,9,3700,0,1,3,,2,027,"SR-94 W/B","GROVE ST",300.00,E,N,A,-,Y,,,,,,,,,,Y,3,0,1,1,A,-,01,23152,A,N,E,I,A,A,H,-,D,D,0,,,,,Y,Y,A,01,0,1,0,0,0,0,0,0,0,"- ","- ",32.747211456298828,-117.02545166015625,"SAN DIEGO",UNINCORPORATED,-117.02548217773438,32.747135162353516
91164133,2020,2020-01-13,9645,2020-01-01,0705,016779,,3,1,7,3711,0,1,3,,2,006,"SR-94 (W/B)",SR-15,1240.00,W,N,A,-,Y,,,94,,,,,,,Y,2,0,1,1,A,-,01,23152,A,N,E,J,A,A,H,-,A,D,0,,,,,Y,Y,A,01,1,0,0,0,0,0,0,0,0,"- ","- ",32.716159820556641,-117.12191772460938,"SAN DIEGO","SAN DIEGO",-117.12190246582031,32.716091156005859
91164145,2020,2020-01-13,9650,2020-01-06,0950,020966,,1,1,9,3700,0,3,5,,1,212,"PARADISE MOUNTAIN RD","LATIGO RD",125.00,S,N,A,-,Y,,,,,,,,,,Y,3,0,2,1,A,-,01,23152,G,N,E,I,A,A,H,-,A,D,0,,,,,Y,Y,A,01,0,2,0,0,0,0,0,0,0,"- ","- ",33.20751953125,-116.9498291015625,"SAN DIEGO",UNINCORPORATED,-116.95177459716797,33.207496643066406
91164231,2020,2020-01-13,9645,2020-01-01,0300,021494,,3,3,7,3711,0,1,1,,2,005,"I-5 N/B TO MISSION BAY DR.","CLAIREMONT DR",2800.00,N,N,A,-,Y,,,5,,,,R,,N,N,4,0,1,2,A,-,11,21954,A,N,G,B,E,A,H,-,C,D,0,Y,,,,Y,Y,N,60,0,0,1,0,1,0,0,0,0,"- ","- ",32.7958984375,-117.20870208740234,"SAN DIEGO","SAN DIEGO",-117.20870208740234,32.7958984375
91164388,2019,2020-01-13,9645,2019-12-01,1555,021601,,7,2,7,3711,0,1,3,,2,023,"SR-163 N/B","EL PRADO O/C",36.00,N,N,A,-,Y,,,163,,,,,,N,Y,3,0,1,3,A,-,01,23152,A,M,B,C,A,A,H,-,A,D,0,,,,,Y,Y,A,01,0,1,0,0,0,0,0,0,0,"- ","- ",32.731571197509766,-117.15442657470703,"SAN DIEGO","SAN DIEGO",-117.15447235107422,32.731555938720703
91164491,2019,2020-01-13,9645,2019-12-04,0040,019678,,3,3,7,3711,0,1,1,,2,003,"I-5 S/B","CESAR E. CHAVEZ PKWY.",1540.00,N,N,B,-,Y,,,5,,,,,,S,Y,4,0,1,2,A,-,01,23152,A,N,C,C,A,B,H,-,C,D,0,,,,,Y,Y,A,01,0,0,1,0,0,0,0,0,0,"- ","- ",32.704971313476562,-117.14742279052734,"SAN DIEGO","SAN DIEGO",-117.14744567871094,32.704952239990234
91164893,2020,2020-01-14,9680,2020-01-02,1354,021510,,4,1,9,3700,0,2,4,,1,014,"WINTER GARDENS BOULEVARD","LAUREL LEE LN",100.00,N,N,A,-,N,,,,,,,,,,N,4,0,1,1,A,-,01,23152,A,N,E,J,A,A,H,-,A,D,0,,,,,Y,Y,A,01,0,0,1,0,0,0,0,0,0,"- ","- ",32.836990356445312,-116.93327331542969,"SAN DIEGO",UNINCORPORATED,-116.93338012695312,32.836982727050781
91165182,2019,2020-01-14,9645,2019-11-01,1615,019480,,5,2,7,3711,0,1,1,,2,005,"I-5 SOUTHBOUND","BALBOA AVE",7920.00,N,N,A,-,Y,,,5,,,,,,S,N,4,0,2,2,A,-,03,22350,,F,C,C,A,A,H,-,A,D,0,,,,,Y,Y,A,07,0,0,2,0,0,0,0,0,0,"- ","- ",32.82537841796875,-117.23233032226562,"SAN DIEGO","SAN DIEGO",-117.23225402832031,32.825416564941406
91165281,2019,2020-01-14,9645,2019-11-09,0020,019678,,6,3,7,3711,0,1,1,,2,027,"I-15 S/B","SAN DIEGO MISSION RD.",720.00,S,N,A,-,Y,,,15,,,,,,S,Y,4,0,1,1,A,-,01,23152,A,N,E,I,A,A,H,-,C,D,0,,,,,Y,Y,A,01,0,0,1,0,0,0,0,0,0,"- ","- ",32.784168243408203,-117.11444091796875,"SAN DIEGO","SAN DIEGO",-117.11441802978516,32.7841796875
91165477,2019,2020-01-14,9680,2019-11-07,2014,018672,,4,2,9,3700,0,1,3,,1,052,"STATE ROUTE 78","STATE ROUTE 79",5808.00,E,N,A,-,Y,,,78,,,,,,,Y,1,1,0,1,A,-,01,23152,G,N,E,I,A,A,H,-,D,A,0,,,Y,,Y,Y,C,02,0,0,0,0,0,0,0,1,0,"- ","- ",33.098548889160156,-116.66468048095703,"SAN DIEGO",UNINCORPORATED,-116.66466522216797,33.098583221435547
91165495,2019,2020-01-14,9645,2019-10-31,0218,021731,,4,3,7,3711,0,1,3,,2,023,"SR-163 S/B",I-5,36.00,N,N,A,-,Y,,,163,,,,,,S,Y,3,0,1,1,A,-,01,23152,A,N,E,I,A,A,H,-,C,D,0,,,,,Y,Y,A,01,0,1,0,0,0,0,0,0,0,"- ","- ",32.724369049072266,-117.15583038330078,"SAN DIEGO","SAN DIEGO",-117.15565490722656,32.724422454833984
91165734,2019,2020-01-15,9680,2019-12-22,1923,021441,,7,2,5,3705,0,1,1,,2,081,"I-8 W/B","W. MAIN ST.",800.00,E,N,A,-,Y,,,8,,,,,,W,Y,3,0,1,2,A,-,01,23152,A,N,C,C,A,A,H,-,C,D,0,,,,,Y,Y,A,01,0,1,0,0,0,0,0,0,0,"- ","- ",32.797599792480469,-116.97689819335938,"SAN DIEGO","EL CAJON",-116.97686767578125,32.797595977783203
91165899,2020,2020-01-15,9680,2020-01-05,0215,020682,,7,3,4,3720,0,1,3,,2,027,"SR-94 E/B","MASSACHUSETTS AVE",560.00,W,N,A,-,Y,,,94,,,,,,E,Y,2,0,2,2,A,-,01,23152,A,N,C,C,A,A,H,-,D,D,0,,,,,Y,Y,A,01,1,0,1,0,0,0,0,0,0,"- ","- ",32.7447509765625,-117.04477691650391,"SAN DIEGO","LEMON GROVE",-117.04477691650391,32.744766235351562
91165963,2020,2020-01-15,9680,2020-01-05,2300,017996,,7,3,5,3705,0,1,1,,2,082,"I-8 WESTBOUND","JOHNSON AVENUE",25.00,W,N,A,-,Y,,,8,,,,,,W,Y,3,0,3,2,A,-,01,23152,A,F,C,C,A,A,H,-,C,D,0,,,,,Y,Y,A,01,0,3,0,0,0,0,0,0,0,"- ","- ",32.802898406982422,-116.97129821777344,"SAN DIEGO","EL CAJON",-116.97129821777344,32.802894592285156
91166056,2020,2020-01-15,9680,2020-01-03,2300,021945,,5,3,9,3700,0,3,5,,2,002,"SACRAMENTO AVENUE","SAN DIEGO ST",0.00,,Y,A,-,N,,,,,,,,,,Y,3,0,2,3,A,-,01,23152,A,N,D,C,A,A,H,-,C,A,0,,,,,Y,Y,A,01,0,1,1,0,0,0,0,0,0,"- ","- ",32.706058502197266,-116.99883270263672,"SAN DIEGO",UNINCORPORATED,-116.99880981445312,32.706039428710938
91166206,2019,2020-01-15,9645,2019-11-10,2225,021359,,7,3,7,3711,0,3,5,,2,018,"SWEETWATER RD E/B","BONITA RD",849.00,W,N,A,-,N,,,,,,,,,,Y,3,0,1,1,A,-,01,23152,A,N,E,I,A,A,H,-,D,D,0,,,,,Y,Y,D,22,0,1,0,0,0,0,0,0,0,"- ","- ",32.676910400390625,-117.02027130126953,"SAN DIEGO","SAN DIEGO",-117.02013397216797,32.677001953125
91166271,2020,2020-01-15,9680,2020-01-04,2145,020625,,6,2,9,3700,0,1,3,,1,023,"SR-94 W/B FROM AVOCADO BLVD","AVOCADO BLVD",310.00,W,N,A,-,Y,,,94,,,,R,,W,Y,3,0,1,1,A,-,01,23152,A,N,F,A,A,A,H,-,D,D,0,,,,,Y,Y,D,22,0,1,0,0,0,0,0,0,0,"- ","- ",32.744888305664062,-116.96549987792969,"SAN DIEGO",UNINCORPORATED,-116.96549987792969,32.744888305664062
91167062,2019,2020-01-16,9645,2019-12-15,0355,021772,,7,3,7,3711,0,1,1,,2,017,"SR-163 N/B","H AVENUE",3168.00,N,N,B,-,Y,,,163,,,,,,N,Y,3,0,2,2,A,-,01,23152,A,N,C,C,A,A,H,-,C,D,0,,,,,Y,Y,A,01,0,1,1,0,0,0,0,0,0,"- ","- ",32.863140106201172,-117.11041259765625,"SAN DIEGO","SAN DIEGO",-117.11032104492188,32.863090515136719
91167070,2020,2020-01-16,9650,2020-01-09,1900,021435,,4,2,6,3710,0,1,3,,2,015,"SR-78 EASTBOUND","EL CAMINO REAL",2450.00,E,N,B,-,Y,,,78,,,,,,E,Y,4,0,2,1,A,-,01,23152,A,N,E,I,A,B,H,-,C,D,0,,,,,Y,Y,A,07,0,0,2,0,0,0,0,0,0,"- ","- ",33.181308746337891,-117.31984710693359,"SAN DIEGO",OCEANSIDE,-117.31980895996094,33.181453704833984
91167630,2020,2020-01-17,9645,2020-01-07,0150,020867,,2,3,7,3711,0,1,1,,2,005,"I-5 NB","WASHINGTON ST.",200.00,N,N,A,-,Y,,,5,,,,,,N,Y,3,0,2,1,A,-,01,23152,A,F,E,I,A,A,H,-,C,D,0,,,,,Y,Y,A,01,0,2,0,0,0,0,0,0,0,"- ","- ",32.742839813232422,-117.18306732177734,"SAN DIEGO","SAN DIEGO",-117.18305206298828,32.742877960205078
91167634,2020,2020-01-17,9650,2020-01-11,2130,021805,,6,2,9,3700,0,1,3,,2,065,"SR-76 W/B","NORTH RIVER RD",180.00,E,N,A,-,Y,,,76,,,,,,W,Y,4,0,1,2,A,-,03,22350,,F,C,C,A,A,H,-,D,A,0,,,,,Y,Y,A,01,0,0,1,0,0,0,0,0,0,"- ","- ",33.267898559570312,-117.23683166503906,"SAN DIEGO",UNINCORPORATED,-117.23655700683594,33.267864227294922
91167642,2020,2020-01-17,9650,2020-01-10,0200,019822,,5,3,9,3700,0,1,1,,2,022,"I-15 N/B","STEWART CANYON RD",1056.00,S,N,B,-,Y,,,15,,,,,,N,Y,3,0,4,2,A,-,01,23152,G,N,B,C,A,A,H,-,D,D,0,,,,,Y,Y,A,01,0,1,3,0,0,0,0,0,0,"- ","- ",33.365638732910156,-117.16142272949219,"SAN DIEGO",UNINCORPORATED,-117.16146850585938,33.365612030029297
91167919,2020,2020-01-17,9650,2020-01-15,1440,017780,,3,2,9,3700,0,3,5,,2,070,"LA NORIA","LA BAJADA",0.00,,Y,A,-,N,,,,,,,,,,N,4,0,2,2,A,-,01,23152,A,N,D,C,A,A,H,-,A,A,0,,,,,Y,Y,A,01,0,0,2,0,0,0,0,0,0,"- ","- ",33.030269622802734,-117.23259735107422,"SAN DIEGO",UNINCORPORATED,-117.23261260986328,33.030330657958984
91168217,2020,2020-01-20,9650,2020-01-08,1920,016997,,3,2,9,3700,0,3,5,,2,006,"OLIVE HILL RD.","VIA PUERTA DEL SOL",28.00,E,N,B,-,Y,,,,,,,,,,Y,3,0,1,1,A,-,01,23152,A,N,E,I,A,A,H,-,D,D,0,,,,,Y,Y,D,22,0,1,0,0,0,0,0,0,0,"- ","- ",33.293300628662109,-117.24092102050781,"SAN DIEGO",UNINCORPORATED,-117.24098968505859,33.293228149414062
91168351,2019,2020-01-20,9645,2019-11-24,2010,021470,,7,2,7,3711,0,1,3,,2,023,SR-163,I-5,750.00,N,N,A,-,Y,,,163,,,,,,,Y,4,0,1,2,A,-,01,23152,A,N,B,C,A,A,H,-,C,D,0,,,,,Y,Y,A,01,0,0,1,0,0,0,0,0,0,"- ","- ",32.726341247558594,-117.15566253662109,"SAN DIEGO","SAN DIEGO",-117.15593719482422,32.726318359375
91168542,2019,2020-01-20,9645,2019-12-10,1849,020992,,2,2,7,3711,0,1,1,,2,010,"FAIRMOUNT AVE OFF-RAMP FROM I-8 E/B",I-15,150.00,E,N,A,-,Y,,,,,,,,,,Y,4,0,1,2,A,-,01,23152,,M,C,C,A,A,H,-,D,D,0,,,,,Y,Y,A,01,0,0,1,0,0,0,0,0,0,"- ","- ",32.897239685058594,-117.2789306640625,"SAN DIEGO","SAN DIEGO",,
91168549,2020,2020-01-20,9645,2020-01-09,1533,020479,,4,2,7,3711,0,1,3,,2,023,"SR-163 S/B","FRIARS RD.",1600.00,S,N,B,-,Y,,,163,,,,,,S,Y,4,0,2,8,A,-,03,22350,,N,C,C,A,A,H,-,A,D,0,,,,,Y,Y,A,07,0,0,2,0,0,0,0,0,0,"- ","- ",32.767158508300781,-117.16248321533203,"SAN DIEGO","SAN DIEGO",-117.16267395019531,32.767200469970703
91169443,2019,2020-01-21,9645,2019-11-18,2322,019577,,1,3,7,3711,0,1,1,,2,015,"I-805 S/B","LINDA VISTA RD.",500.00,N,N,B,-,Y,,,805,,,,,,S,Y,4,0,1,2,A,-,03,22350,,M,C,C,A,A,H,-,C,D,0,,,,Y,Y,Y,A,07,0,0,1,0,0,0,0,0,0,"- ","- ",32.810050964355469,-117.15421295166016,"SAN DIEGO","SAN DIEGO",-117.15413665771484,32.81011962890625
9116953,2020,2020-09-10,3711,2020-05-07,1740,SD7292,,4,5,7,3711,0,0,0,,0,234,"PASEO LUCIDO","BERNARDO HEIGHTS PKWY",230.00,E,N,A,-,N,,,,,,,,,,N,3,0,1,4,A,-,08,38314,,N,C,E,A,A,H,-,B,D,0,,,,,Y,Y,A,07,0,1,0,0,0,0,0,0,0,"- ","- ",,,"SAN DIEGO","SAN DIEGO",-117.07487487792969,33.013332366943359
91169562,2019,2020-01-21,9645,2019-11-30,1514,020474,,6,2,7,3711,0,1,3,,2,016,"SR-52 E/B","MAST BLVD",1109.00,W,N,A,-,Y,,,52,,,,,,E,Y,3,0,1,1,A,-,01,23152,A,N,F,A,A,A,H,-,A,D,0,,,,,Y,Y,A,01,0,1,0,0,0,0,0,0,0,"- ","- ",32.847869873046875,-117.02953338623047,"SAN DIEGO","SAN DIEGO",-117.02933502197266,32.848121643066406
91169583,2020,2020-01-21,9680,2020-01-09,2310,020951,,4,3,9,3700,0,2,4,,1,026,"JAMACHA BLVD.","SAN JUHN ST.",20.00,E,N,A,-,N,,,,,,,,,,Y,2,0,2,1,A,-,01,23152,A,N,E,I,A,A,H,-,D,D,0,,,,,Y,Y,A,01,1,0,1,0,0,0,0,0,0,"- ","- ",32.707809448242188,-116.99070739746094,"SAN DIEGO",UNINCORPORATED,-116.99075317382812,32.707874298095703
91169605,2019,2020-01-21,9645,2019-12-03,1715,021772,,2,2,7,3711,0,1,1,,2,017,"I-15 S/B",SR-52,3168.00,N,N,B,-,Y,,,15,,,,,,S,Y,4,0,1,2,A,-,01,23152,A,N,C,C,A,A,H,-,C,D,0,,,,,Y,Y,D,22,0,0,1,0,0,0,0,0,0,"- ","- ",32.850200653076172,-117.11660003662109,"SAN DIEGO","SAN DIEGO",-117.11649322509766,32.850166320800781