CASE_ID,ACCIDENT_YEAR,PROC_DATE,JURIS,COLLISION_DATE,COLLISION_TIME,OFFICER_ID,REPORTING_DISTRICT,DAY_OF_WEEK,CHP_SHIFT,POPULATION,CNTY_CITY_LOC,SPECIAL_COND,BEAT_TYPE,CHP_BEAT_TYPE,CITY_DIVISION_LAPD,CHP_BEAT_CLASS,BEAT_NUMBER,PRIMARY_RD,SECONDARY_RD,DISTANCE,DIRECTION,INTERSECTION,WEATHER_1,WEATHER_2,STATE_HWY_IND,CALTRANS_COUNTY,CALTRANS_DISTRICT,STATE_ROUTE,ROUTE_SUFFIX,POSTMILE_PREFIX,POSTMILE,LOCATION_TYPE,RAMP_INTERSECTION,SIDE_OF_HWY,TOW_AWAY,COLLISION_SEVERITY,NUMBER_KILLED,NUMBER_INJURED,PARTY_COUNT,PRIMARY_COLL_FACTOR,PCF_CODE_OF_VIOL,PCF_VIOL_CATEGORY,PCF_VIOLATION,PCF_VIOL_SUBSECTION,HIT_AND_RUN,TYPE_OF_COLLISION,MVIW,PED_ACTION,ROAD_SURFACE,ROAD_COND_1,ROAD_COND_2,LIGHTING,CONTROL_DEVICE,CHP_ROAD_TYPE,PEDESTRIAN_ACCIDENT,BICYCLE_ACCIDENT,MOTORCYCLE_ACCIDENT,TRUCK_ACCIDENT,NOT_PRIVATE_PROPERTY,ALCOHOL_INVOLVED,STWD_VEHTYPE_AT_FAULT,CHP_VEHTYPE_AT_FAULT,COUNT_SEVERE_INJ,COUNT_VISIBLE_INJ,COUNT_COMPLAINT_PAIN,COUNT_PED_KILLED,COUNT_PED_INJURED,COUNT_BICYCLIST_KILLED,COUNT_BICYCLIST_INJURED,COUNT_MC_KILLED,COUNT_MC_INJURED,PRIMARY_RAMP,SECONDARY_RAMP,LATITUDE,LONGITUDE,COUNTY,CITY,POINT_X,POINT_Y
9162621,2020,2020-11-20,3711,2020-09-25,0556,SD7959,,5,5,7,3711,0,0,0,,0,526,"4TH AV","WEST ASH ST",0.00,,Y,A,-,N,,,,,,,,,,Y,3,0,1,2,A,-,12,21453,A,N,G,C,A,A,H,-,C,A,0,,,,,Y,Y,A,01,0,1,0,0,0,0,0,0,0,"- ","- ",,,"SAN DIEGO","SAN DIEGO",-117.1611328125,32.719890594482422
91626283,2021,2021-11-16,9680,2021-11-04,0435,022132,,4,3,5,3708,0,1,3,,2,027,"SR-94 W/B","MASSACHUSETTS AVE",700.00,E,N,A,-,Y,,,94,,,,,,W,Y,4,0,1,2,A,-,01,23152,A,N,C,C,A,A,H,-,D,D,0,,,,,Y,Y,A,01,0,0,1,0,0,0,0,0,0,"- ","- ",32.744968414306641,-117.04039764404297,"SAN DIEGO","LA MESA",-117.0404052734375,32.744869232177734
9162629,2020,2020-12-03,3711,2020-09-27,2359,SD7570,,7,5,7,3711,0,0,0,,0,724,"OUTER RD","OUTER RD 1001",0.00,,N,A,-,N,,,,,,,,,,N,4,0,1,2,A,-,11,21950,B,N,G,B,D,B,H,-,D,D,0,Y,,,Y,Y,Y,N,60,0,0,1,0,1,0,0,0,0,"- ","- ",,,"SAN DIEGO","SAN DIEGO",,
91626346,2021,2021-11-16,9645,2021-10-11,0255,021359,,1,3,7,3711,0,1,1,,2,005,"I-5 N/B","SEA WORLD DRIVE",1374.00,S,N,A,-,Y,,,5,,,,,,N,Y,3,0,1,1,A,-,01,23152,A,N,E,I,A,A,H,-,D,D,0,,,,,Y,Y,A,01,0,1,0,0,0,0,0,0,0,"- ","- ",32.766159057617188,-117.20565032958984,"SAN DIEGO","SAN DIEGO",-117.20554351806641,32.766189575195312
91626832,2021,2021-11-17,9650,2021-11-08,0110,021500,,1,3,9,3700,0,1,1,,2,021,"I-15 S/B","OLD HIGHWAY 395",638.00,N,N,A,-,Y,,,15,,,,,,S,Y,4,0,1,1,A,-,01,23152,A,N,E,I,A,A,H,-,D,D,0,,,,,Y,Y,A,01,0,0,1,0,0,0,0,0,0,"- ","- ",33.288379669189453,-117.14939117431641,"SAN DIEGO",UNINCORPORATED,-117.14957427978516,33.288387298583984
9162738,2020,2020-10-23,3700,2020-08-02,0418,SH3742,,7,5,5,3712,0,0,0,,0,352,"MULBERRY DR","ROSE RANCH DR",0.00,,Y,A,-,N,,,,,,,,,,Y,4,0,1,1,A,-,01,23152,A,N,E,I,A,A,H,-,A,D,0,,,,,Y,Y,A,01,0,0,1,0,0,0,0,0,0,"- ","- ",,,"SAN DIEGO","SAN MARCOS",-117.14946746826172,33.158870697021484
91627486,2021,2021-11-17,9680,2021-07-13,1815,022021,,2,2,9,3700,0,2,4,,1,026,"JAMACHA ROAD","SWEETWATER LANE",0.00,,Y,A,-,N,,,,,,,,,,N,4,0,1,2,A,-,01,23152,A,F,C,C,A,A,H,-,A,A,0,,,,,Y,Y,A,07,0,0,1,0,0,0,0,0,0,"- ","- ",32.714748382568359,-117.00566864013672,"SAN DIEGO",UNINCORPORATED,-117.00567626953125,32.714820861816406
91627521,2021,2021-11-17,9680,2021-07-13,1818,022021,,2,2,9,3700,0,2,4,,1,026,"SR-125 N/B FROM JAMACHA ROAD","JAMACHA ROAD",0.00,,Y,A,-,Y,,,125,,,,R,,N,Y,2,0,3,2,A,-,01,23152,A,N,D,C,A,A,H,-,A,D,0,,,,,Y,Y,A,07,1,0,2,0,0,0,0,0,0,"- ","- ",32.714801788330078,-117.013671875,"SAN DIEGO",UNINCORPORATED,-117.013671875,32.714801788330078
9162753,2020,2020-11-04,3711,2020-09-26,2314,SD1081,,6,5,7,3711,0,0,0,,0,613,"CHATSWORTH BL","POE ST",85.00,S,N,A,-,N,,,,,,,,,,N,3,0,1,1,A,-,03,22350,,N,H,A,A,A,A,-,C,D,0,,,Y,,Y,Y,C,03,0,1,0,0,0,0,0,0,1,"- ","- ",,,"SAN DIEGO","SAN DIEGO",-117.23119354248047,32.736595153808594
91628027,2021,2021-11-18,9650,2021-11-13,0105,019308,,6,3,9,3700,0,1,1,,2,003,"I-5 S/B","SANTA MARGARITA RIVER UNDER-CROSSING",700.00,N,N,A,-,Y,,,5,,,,,,S,Y,2,0,1,1,A,-,01,23152,A,N,E,I,A,A,H,-,D,D,0,,,,,Y,Y,A,01,1,0,0,0,0,0,0,0,0,"- ","- ",33.237339019775391,-117.40873718261719,"SAN DIEGO",UNINCORPORATED,-117.4088134765625,33.237258911132812
9162810,2020,2020-11-04,3711,2020-09-23,2300,SD7595,,3,5,7,3711,0,0,0,,0,813,"UNIVERSITY AV","ALABAMA ST",0.00,,Y,B,-,N,,,,,,,,,,Y,2,0,2,4,A,-,08,22107,,N,A,C,A,A,B,-,C,D,0,,,,,Y,Y,-,,1,0,1,0,0,0,0,0,0,"- ","- ",,,"SAN DIEGO","SAN DIEGO",-117.14250946044922,32.748439788818359
9162813,2020,2020-11-04,3711,2020-09-25,0715,SD4691,,5,5,7,3711,0,0,0,,0,234,"BERNARDO CENTER DR","BERNARDO CENTER DR   16400",0.00,,Y,A,-,N,,,,,,,,,,N,4,0,1,2,A,-,09,21804,A,N,D,C,A,A,H,-,A,D,0,,,,,Y,Y,A,01,0,0,1,0,0,0,0,0,0,"- ","- ",,,"SAN DIEGO","SAN DIEGO",,
9162815,2020,2020-11-13,3711,2020-09-25,1819,SD7848,,5,5,7,3711,0,0,0,,0,512,"S 31 ST","OCEAN VIEW BL",9.00,N,N,A,-,N,,,,,,,,,,N,3,0,1,2,A,-,09,21801,B,N,D,G,A,A,H,-,A,D,0,,Y,,,Y,Y,L,04,0,1,0,0,0,0,1,0,0,"- ","- ",,,"SAN DIEGO","SAN DIEGO",-117.12734222412109,32.701213836669922
91628489,2021,2021-11-18,9645,2021-10-24,0215,021588,,7,3,6,3702,0,3,5,,2,018,"BONITA ROAD","GLEN ABBEY BLVD",29.00,W,N,A,-,N,,,,,,,,,,Y,4,0,2,2,A,-,09,21801,A,N,D,C,A,A,H,-,C,D,0,,,,,Y,Y,A,01,0,0,2,0,0,0,0,0,0,"- ","- ",32.651538848876953,-117.05010223388672,"SAN DIEGO","CHULA VISTA",-117.04320526123047,32.656314849853516
91628630,2021,2021-11-18,9645,2021-10-18,0143,019410,,1,3,7,3711,0,1,1,,2,005,"I-5 NB","SEA WORLD DR. O/C",550.00,N,N,A,-,Y,,,5,,,,,,N,Y,3,0,1,2,A,-,01,23152,A,N,C,C,A,A,H,-,C,D,0,,,,,Y,Y,A,01,0,1,0,0,0,0,0,0,0,"- ","- ",32.773391723632812,-117.20764923095703,"SAN DIEGO","SAN DIEGO",-117.2073974609375,32.773460388183594
91628842,2021,2021-11-18,9680,2021-11-07,0005,017996,,7,3,9,3700,0,1,3,,1,017,"SR-67 SOUTHBOUND","FOSTER TRUCK TRAIL",6336.00,S,N,A,-,Y,,,67,,,,,,S,Y,2,0,1,1,A,-,01,23152,A,N,F,0,A,A,H,-,D,D,0,,,Y,,Y,Y,C,02,1,0,0,0,0,0,0,0,1,"- ","- ",32.926670074462891,-116.94696044921875,"SAN DIEGO",UNINCORPORATED,-116.9468994140625,32.926719665527344
91630248,2021,2021-11-19,9650,2021-11-17,0136,015080,,3,3,5,3701,0,1,1,,2,005,"I-5 N/B","PALOMAR AIRPORT ROAD",400.00,N,N,A,-,Y,,,5,,,,,,N,Y,4,0,1,2,A,-,01,23152,A,N,C,C,A,A,D,-,C,D,0,,,,,Y,Y,A,07,0,0,1,0,0,0,0,0,0,"- ","- ",33.123260498046875,-117.322509765625,"SAN DIEGO",CARLSBAD,-117.32257843017578,33.123218536376953
91630599,2021,2021-11-19,9645,2021-11-06,0107,021651,,6,3,7,3711,0,1,1,,2,001,"I-5 S/B","BORDER PEDESTRIAN BRIDGE O/C",150.00,S,N,A,-,Y,,,5,,,,,,S,Y,2,0,1,1,A,-,01,23152,A,N,E,I,A,A,H,-,C,D,0,,,,,Y,Y,A,01,1,0,0,0,0,0,0,0,0,"- ","- ",32.543590545654297,-117.03230285644531,"SAN DIEGO","SAN DIEGO",-117.03269195556641,32.544307708740234
9163134,2020,2020-11-23,3709,2020-09-20,1901,NC0510,,7,5,5,3709,0,0,0,,0,020,"HIGHLAND AV","HIGHLAND AV 1630",0.00,,-,A,-,N,,,,,,,,,,Y,2,0,3,2,A,-,01,23153,A,F,C,C,A,A,H,-,C,D,0,,,,,Y,Y,A,01,2,1,0,0,0,0,0,0,0,"- ","- ",,,"SAN DIEGO","NATIONAL CITY",,
9163195,2020,2020-11-30,3700,2020-08-28,1015,SH0287,,5,5,3,3783,0,0,0,,0,273,"RT 101","VIA DE LA VALLE",0.00,S,N,A,-,N,,,,,,,,,,Y,3,0,1,3,A,-,01,23152,G,M,C,C,A,A,H,-,A,A,0,,,,,Y,Y,A,07,0,1,0,0,0,0,0,0,0,"- ","- ",,,"SAN DIEGO","SOLANA BEACH",-117.26901245117188,32.980239868164062
9163202,2020,2020-10-14,3700,2020-08-14,0216,SH0313,,5,5,5,3782,0,0,0,,0,214,"HYGEIA AV","CEREUS ST",31.00,S,N,A,-,N,,,,,,,,,,Y,3,0,1,3,A,-,01,23152,A,N,B,E,A,A,H,-,D,D,0,,,,,Y,Y,A,07,0,1,0,0,0,0,0,0,0,"- ","- ",,,"SAN DIEGO",ENCINITAS,-117.29708862304688,33.060844421386719
9163203,2020,2020-10-14,3700,2020-08-12,0130,SH3284,,3,5,5,3782,0,0,0,,0,242,"SANTA FE DR","EVERGREEN DR",140.00,W,N,A,-,N,,,,,,,,,,Y,3,0,1,1,A,-,01,23152,A,M,E,I,A,A,H,-,C,D,0,,,,,Y,Y,A,01,0,1,0,0,0,0,0,0,0,"- ","- ",,,"SAN DIEGO",ENCINITAS,-117.27112579345703,33.036277770996094
91632130,2021,2021-11-22,9650,2021-11-18,2240,019308,,4,3,9,3700,0,1,3,,1,028,SR-76,"PALA DEL NORTE",2270.00,W,N,B,-,N,,,76,,,,,,,Y,2,0,3,3,A,-,01,23152,A,N,A,C,A,A,H,-,D,D,0,,,,,Y,Y,A,01,1,0,2,0,0,0,0,0,0,"- ","- ",33.350479125976562,-117.11299896240234,"SAN DIEGO",UNINCORPORATED,-117.11299896240234,33.350482940673828
91633277,2021,2021-11-23,9645,2021-03-04,2105,019480,,4,2,7,3711,0,1,1,,2,005,"INTERSTATE 5 SOUTHBOUND","SEA WORLD DR O/C",448.00,N,N,A,-,Y,,,5,,,,,,S,Y,1,1,0,1,A,-,01,23152,A,F,E,I,A,A,H,-,C,D,0,,,,,Y,Y,A,01,0,0,0,0,0,0,0,0,0,"- ","- ",32.771320343017578,-117.20726013183594,"SAN DIEGO","SAN DIEGO",-117.20712280273438,32.771354675292969
91633966,2021,2021-11-24,9650,2021-11-12,1640,021154,,5,2,9,3700,0,3,5,,2,170,"S. SANTA FE AVE (2100 BLOCK)","BUENA CREEK RD",131.00,E,N,A,-,N,,,,,,,,,,Y,3,0,3,3,A,-,01,23152,A,N,B,C,A,A,H,-,A,A,0,,,,,Y,Y,A,01,0,3,0,0,0,0,0,0,0,"- ","- ",33.172969818115234,-117.20783233642578,"SAN DIEGO",UNINCORPORATED,-117.20787811279297,33.17303466796875
91635264,2021,2021-11-25,9650,2021-11-20,1915,019270,,6,2,9,3700,0,3,5,,2,190,"BUENA CREEK RD","HOLLYBERRY DR",20.00,W,N,A,-,N,,,,,,,,,,Y,3,0,1,1,A,-,01,23152,A,N,E,I,A,A,H,-,C,D,0,,,,,Y,Y,A,01,0,1,0,0,0,0,0,0,0,"- ","- ",33.187961578369141,-117.18366241455078,"SAN DIEGO",UNINCORPORATED,-117.18756866455078,33.189903259277344
91635534,2021,2022-02-11,9650,2021-10-31,0118,019227,,7,3,5,3701,0,1,1,,2,005,"I-5 N/B","LAS FLORES DR.",50.00,S,N,A,-,Y,,,5,,,,,,N,Y,4,0,2,3,A,-,01,23152,A,N,C,C,A,A,H,-,C,D,0,,,,,Y,Y,A,01,0,0,2,0,0,0,0,0,0,"- ","- ",33.170509338378906,-117.34622955322266,"SAN DIEGO",CARLSBAD,-117.34623718261719,33.170505523681641
9163567,2020,2020-11-10,3711,2020-09-27,0112,SD6750,,7,5,7,3711,0,0,0,,0,529,"5TH AV","GRAPE ST",0.00,,Y,A,-,N,,,,,,,,,,N,4,0,1,2,A,-,12,22450,A,N,C,C,A,A,H,-,C,D,0,,,,,Y,Y,A,01,0,0,1,0,0,0,0,0,0,"- ","- ",,,"SAN DIEGO","SAN DIEGO",-117.16027069091797,32.726200103759766
9163569,2020,2020-11-10,3711,2020-09-13,0025,SD7425,,7,5,7,3711,0,0,0,,0,121,"MISSION BL","PACIFIC BEACH DR",99.00,S,N,A,-,N,,,,,,,,,,N,3,0,1,1,A,-,03,22350,,N,H,J,A,A,A,B,C,D,0,,,,,Y,Y,-,,0,1,0,0,0,0,0,0,0,"- ","- ",,,"SAN DIEGO","SAN DIEGO",-117.25374603271484,32.790672302246094
91636592,2021,2023-01-20,9645,2021-09-26,0221,020165,,7,3,7,3711,0,1,1,,2,010,"INTERSTATE 8 WESTBOUND","PRESIDIO PARK OVER CROSSING",2476.00,E,N,A,-,Y,,,8,,,,,,W,Y,1,1,1,2,A,-,01,23152,A,N,A,D,A,A,H,-,C,D,0,,,,,Y,Y,A,01,0,1,0,0,0,0,0,0,0,"- ","- ",32.759361267089844,-117.17720794677734,"SAN DIEGO","SAN DIEGO",-117.17720794677734,32.759380340576172
91636848,2021,2021-11-29,9645,2021-11-13,0840,019054,,6,1,9,3700,0,1,3,,2,031,"SR-125 S/B","SAN MIGUEL RANCH ROAD",732.00,N,N,A,-,Y,,,,,,,,,,Y,3,0,1,2,A,-,01,23152,A,M,C,2,A,A,H,-,A,D,0,,,,,Y,Y,A,01,0,1,0,0,0,0,0,0,0,"- ","- ",32.673698425292969,-117.98587799072266,"SAN DIEGO",UNINCORPORATED,-116.98542022705078,32.670825958251953
91638016,2021,2021-11-30,9650,2021-11-29,2210,019549,,1,3,9,3700,0,3,5,,2,191,"HARMONY GROVE RD","COUNTRY CLUB DR",85.00,E,N,A,-,N,,,,,,,,,,Y,3,0,1,1,A,-,01,23152,A,M,E,I,A,A,H,-,C,A,0,,,,,Y,Y,A,07,0,1,0,0,0,0,0,0,0,"- ","- ",33.099609375,-117.13021850585938,"SAN DIEGO",UNINCORPORATED,-117.13027954101562,33.099708557128906
9163829,2020,2020-12-05,3711,2020-09-30,2200,SD7661,,3,5,7,3711,0,0,0,,0,441,"T ST","S 41ST ST",0.00,,Y,A,-,N,,,,,,,,,,N,4,0,1,3,A,-,06,21750,A,M,-,-,A,A,-,-,C,-,0,,,,,Y,Y,A,07,0,0,1,0,0,0,0,0,0,"- ","- ",,,"SAN DIEGO","SAN DIEGO",,
9163832,2020,2020-12-05,3711,2020-09-12,1637,SD6418,,6,5,7,3711,0,0,0,,0,122,"GRESHAM ST","OLIVER AV",165.00,N,N,A,-,N,,,,,,,,,,N,3,0,1,2,A,-,09,21804,A,F,B,G,A,A,H,-,A,D,0,,Y,,,Y,Y,L,04,0,1,0,0,0,0,1,0,0,"- ","- ",,,"SAN DIEGO","SAN DIEGO",-117.24318695068359,32.794647216796875
9163839,2020,2020-12-05,3711,2020-09-30,1700,SD7980,,3,5,7,3711,0,0,0,,0,234,"POMERADO RD","NACIDO DR",0.00,,Y,A,-,N,,,,,,,,,,Y,3,0,2,2,A,-,09,21802,B,N,D,C,A,A,H,-,A,A,0,,,,,Y,Y,A,01,0,1,1,0,0,0,0,0,0,"- ","- ",,,"SAN DIEGO","SAN DIEGO",-117.05684661865234,33.007461547851562
9163859,2020,2020-10-01,3709,2020-08-09,1328,NC0466,,7,5,5,3709,0,0,0,,0,021,"HIGHLAND AV","E 11TH ST",0.00,,N,A,-,N,,,,,,,,,,Y,4,0,1,2,A,-,03,22350,,M,B,C,A,A,H,-,A,D,0,,,,,Y,Y,A,07,0,0,1,0,0,0,0,0,0,"- ","- ",,,"SAN DIEGO","NATIONAL CITY",,
9163863,2020,2020-10-01,3709,2020-08-09,1329,NC0466,,7,5,5,3709,0,0,0,,0,021,"EAST PLAZA BL","E PLAZA BL 1500",0.00,,N,A,-,N,,,,,,,,,,Y,3,0,4,3,A,-,03,22350,,F,C,C,A,A,H,-,A,D,0,,,,,Y,Y,A,07,0,2,2,0,0,0,0,0,0,"- ","- ",,,"SAN DIEGO","NATIONAL CITY",-117.090279,32.676783999999998
91638769,2021,2021-11-30,9680,2021-11-13,2219,020720,,6,3,9,3700,0,2,4,,1,010,"WOODSIDE AVENUE","WINTER GARDENS BOULEVARD",16.00,W,N,A,-,N,,,,,,,,,,Y,4,0,1,2,A,-,01,23152,A,F,C,C,A,A,H,-,C,A,0,,,Y,,Y,Y,A,01,0,0,1,0,0,0,0,0,1,"- ","- ",32.855979919433594,-116.93132019042969,"SAN DIEGO",UNINCORPORATED,-116.93119049072266,32.856052398681641
9163884,2020,2020-12-01,3703,2020-09-06,1828,1120,3,7,5,3,3703,0,0,0,,0,003,"SILVER STRAND BL","SILVER STRAND BL 2500",0.00,E,N,A,-,Y,SD,11,75,-,-,17.170,H,-,N,Y,3,0,1,1,A,-,01,23152,,N,F,A,A,A,H,-,B,D,0,,,,,Y,Y,A,01,0,1,0,0,0,0,0,0,0,"- ","- ",,,"SAN DIEGO",CORONADO,-117.16102600097656,32.666801452636719
91640149,2021,2021-12-01,9645,2021-10-31,0155,021338,,7,3,7,3711,0,1,1,,2,003,"I-5 S/B","1ST AVENUE",500.00,S,N,B,-,Y,,,5,,,,,,S,Y,2,0,2,1,A,-,01,23152,A,N,E,I,A,A,H,-,C,D,0,,,,,Y,Y,A,01,2,0,0,0,0,0,0,0,0,"- ","- ",32.722709655761719,-117.16232299804688,"SAN DIEGO","SAN DIEGO",-117.16232299804688,32.722713470458984
9164015,2020,2020-11-30,3711,2020-09-25,1246,SD6927,,5,5,7,3711,0,0,0,,0,122,"INGRAHAM ST",MOODLAND,0.00,,Y,A,-,N,,,,,,,,,,Y,3,0,1,3,A,-,08,22107,,N,C,E,A,A,H,-,A,D,0,,,,Y,Y,Y,F,26,0,1,0,0,0,0,0,0,0,"- ","- ",,,"SAN DIEGO","SAN DIEGO",,
91640549,2021,2021-12-02,9650,2021-11-28,0435,019227,,7,3,5,3701,0,1,1,,2,005,"I-5 N/B","CARLSBAD VILLAGE DR.",150.00,N,N,A,-,Y,,,5,,,,,,N,Y,3,0,1,2,A,-,01,23152,A,N,C,C,A,A,D,-,C,D,0,,,,,Y,Y,A,01,0,1,0,0,0,0,0,0,0,"- ","- ",33.164451599121094,-117.34272003173828,"SAN DIEGO",CARLSBAD,-117.34273529052734,33.164443969726562
9164106,2020,2020-10-13,3711,2020-09-26,2300,SD6583,,6,5,7,3711,0,0,0,,0,432,"ALTA VISTA AV","STILLWELL  AV",0.00,,N,A,-,N,,,,,,,,,,N,4,0,1,3,A,-,08,22107,,M,B,E,A,A,H,-,C,D,0,,,,,Y,Y,-,99,0,0,1,0,0,0,0,0,0,"- ","- ",,,"SAN DIEGO","SAN DIEGO",-117.07134246826172,32.694320678710938
91641102,2021,2021-12-02,9645,2021-11-19,2120,021097,,5,2,7,3711,0,1,1,,2,021,"I-15 N/B FROM FRIARS RD","FRIARS RD",48.00,N,N,A,-,Y,,,15,,,,R,,N,Y,4,0,1,1,A,-,01,23152,A,N,E,I,A,A,H,-,C,A,0,,,,,Y,Y,A,01,0,0,1,0,0,0,0,0,0,"- ","- ",32.788990020751953,-117.11180877685547,"SAN DIEGO","SAN DIEGO",-117.11180877685547,32.788990020751953
91641284,2021,2021-12-02,9645,2021-11-23,0750,016138,,2,1,7,3711,0,1,3,,2,022,"SR-56 EASTBOUND","CAMINO DEL SUR",60.00,W,N,A,-,Y,,,56,,,,,,E,Y,3,0,1,1,A,-,01,23152,A,N,B,I,A,A,H,-,A,D,0,,,,,Y,Y,A,01,0,1,0,0,0,0,0,0,0,"- ","- ",32.958580017089844,-117.15264892578125,"SAN DIEGO","SAN DIEGO",-117.15263366699219,32.958599090576172
9164171,2020,2021-01-26,3705,2020-09-09,1751,EC0413,,3,5,5,3705,0,0,0,,0,003,BROADWAY,"E MAIN",0.00,,Y,A,-,N,,,,,,,,,,,3,0,1,2,A,-,12,21453,A,F,G,B,B,A,H,-,A,A,0,Y,,,,Y,Y,A,01,0,1,0,0,1,0,0,0,0,"- ","- ",,,"SAN DIEGO","EL CAJON",-116.92208099365234,32.807720184326172
91642213,2021,2021-12-03,9680,2021-11-19,2120,021901,,5,2,9,3700,0,1,3,,1,051,SR-79,"FINK RD.",2112.00,N,N,A,-,Y,,,79,,,,,,,Y,4,0,1,1,A,-,01,23152,A,N,E,I,A,A,H,-,D,D,0,,,,,Y,Y,A,01,0,0,1,0,0,0,0,0,0,"- ","- ",33.317981719970703,-116.69577026367188,"SAN DIEGO",UNINCORPORATED,-116.69577789306641,33.317970275878906
91642544,2021,2021-12-03,9680,2021-11-19,0139,020401,,5,3,4,3720,0,1,3,,2,027,"SR-94 W/B","MASSACHUSETTS AVE",792.00,W,N,E,-,Y,,,94,,,,,,W,Y,3,0,4,2,A,-,01,23152,A,F,C,C,A,A,H,-,C,D,0,,,,,Y,Y,A,01,0,4,0,0,0,0,0,0,0,"- ","- ",32.745021820068359,-117.04563140869141,"SAN DIEGO","LEMON GROVE",-117.04562377929688,32.744941711425781
91643204,2021,2021-12-06,9645,2021-06-18,2005,020952,,5,2,7,3711,0,1,1,,2,001,"INTERSTATE 5 (SOUTHBOUND)","STATE ROUTE 15",422.00,S,N,A,-,Y,,,5,,,,,,,Y,1,1,0,2,A,-,01,23152,A,N,C,C,A,A,H,-,B,D,0,,,,,Y,Y,A,01,0,0,0,0,0,0,0,0,0,"- ","- ",32.692340850830078,-117.12110900878906,"SAN DIEGO","SAN DIEGO",-117.12109375,32.692359924316406
91643363,2021,2021-12-06,9650,2021-11-24,2110,018496,,3,2,9,3700,0,3,5,,1,160,"CAMINO DEL REY","CAMINO DEL CIELO",2913.00,E,N,B,-,N,,,,,,,,,,Y,4,0,1,1,A,-,01,23152,A,N,E,I,A,A,H,-,D,D,0,,,,,Y,Y,A,01,0,0,1,0,0,0,0,0,0,"- ","- ",33.285381317138672,-117.20726776123047,"SAN DIEGO",UNINCORPORATED,-117.20713043212891,33.28533935546875
91643379,2021,2021-12-06,9650,2021-11-25,2001,016490,,4,2,9,3700,0,1,1,,2,022,"I-15 S/B","STEWART CANYON RD.",4752.00,S,N,A,-,Y,,,15,,,,,,S,Y,2,0,3,2,A,-,01,23153,A,N,C,C,A,A,H,-,C,D,0,,,,,Y,Y,D,22,1,1,1,0,0,0,0,0,0,"- ","- ",33.352638244628906,-117.15924072265625,"SAN DIEGO",UNINCORPORATED,-117.15908050537109,33.352638244628906
91643569,2021,2021-12-06,9650,2021-10-28,2100,018840,,4,2,6,3706,0,1,3,,2,019,"SR-78 E/B","CENTRE CITY PKY",90.00,W,N,A,-,Y,,,78,,,,,,E,Y,4,0,1,3,A,-,03,22350,,F,C,C,A,A,H,-,A,D,0,,,,,Y,Y,A,01,0,0,1,0,0,0,0,0,0,"- ","- ",33.130489349365234,-117.09322357177734,"SAN DIEGO",ESCONDIDO,-117.09322357177734,33.130496978759766
91643892,2021,2021-12-06,9680,2021-11-20,0537,018907,,6,3,9,3700,0,3,5,,2,003,"LA CRESTA BLVD","HAMLET DR",240.00,N,N,A,-,N,,,,,,,,,,Y,4,0,1,2,A,-,08,22107,,N,A,E,A,A,H,-,B,D,0,,,,,Y,Y,D,22,0,0,1,0,0,0,0,0,0,"- ","- ",32.813388824462891,-116.86212158203125,"SAN DIEGO",UNINCORPORATED,-116.86221313476562,32.813400268554688
91644107,2021,2022-01-27,9650,2021-10-01,0950,019594,,5,1,9,3700,0,3,5,,2,006,"E. ALVARADO STREET","AMIGOS WAY",10.00,W,N,A,-,N,,,,,,,,,,Y,1,1,1,2,A,-,01,23152,A,N,A,C,A,A,H,-,A,D,0,,,,,Y,Y,A,01,0,1,0,0,0,0,0,0,0,"- ","- ",33.382610321044922,-117.23065948486328,"SAN DIEGO",UNINCORPORATED,-117.23060607910156,33.382530212402344
91644457,2021,2021-12-06,9680,2021-11-21,2200,022675,,7,3,9,3700,0,1,3,,1,024,"SR-94 E/B (CAMPO RD.)","JAMACHA BLVD",68.00,W,N,A,-,Y,,,94,,,,,,E,Y,3,0,1,2,A,-,01,23152,A,N,C,C,A,A,H,-,C,A,0,,,,,Y,Y,A,01,0,1,0,0,0,0,0,0,0,"- ","- ",32.740020751953125,-116.95191192626953,"SAN DIEGO",UNINCORPORATED,-116.95188903808594,32.740058898925781
91645025,2021,2021-12-07,9645,2021-11-27,1920,017953,,6,2,7,3711,0,1,1,,2,019,"I-15 S/B TO SR-56","TED WILLIAMS PKWY",740.00,S,N,A,-,Y,,,15,,,,R,,S,Y,4,0,1,1,A,-,01,23152,A,N,E,I,A,A,H,-,C,D,0,,,,,Y,Y,D,22,0,0,1,0,0,0,0,0,0,"- ","- ",32.966709136962891,-117.09465789794922,"SAN DIEGO","SAN DIEGO",-117.09465789794922,32.966709136962891
91645065,2021,2021-12-07,9645,2021-09-26,0150,015001,,7,3,7,3711,0,1,3,,2,016,"SR-52 W/B","MAST BLVD",528.00,E,N,B,-,Y,,,52,,,,,,W,Y,4,0,1,1,A,-,01,23152,A,N,B,I,A,A,H,-,C,D,0,,,,,Y,Y,A,07,0,0,1,0,0,0,0,0,0,"- ","- ",32.84136962890625,-117.02409362792969,"SAN DIEGO","SAN DIEGO",-117.02414703369141,32.841335296630859