CASE_ID,ACCIDENT_YEAR,PROC_DATE,JURIS,COLLISION_DATE,COLLISION_TIME,OFFICER_ID,REPORTING_DISTRICT,DAY_OF_WEEK,CHP_SHIFT,POPULATION,CNTY_CITY_LOC,SPECIAL_COND,BEAT_TYPE,CHP_BEAT_TYPE,CITY_DIVISION_LAPD,CHP_BEAT_CLASS,BEAT_NUMBER,PRIMARY_RD,SECONDARY_RD,DISTANCE,DIRECTION,INTERSECTION,WEATHER_1,WEATHER_2,STATE_HWY_IND,CALTRANS_COUNTY,CALTRANS_DISTRICT,STATE_ROUTE,ROUTE_SUFFIX,POSTMILE_PREFIX,POSTMILE,LOCATION_TYPE,RAMP_INTERSECTION,SIDE_OF_HWY,TOW_AWAY,COLLISION_SEVERITY,NUMBER_KILLED,NUMBER_INJURED,PARTY_COUNT,PRIMARY_COLL_FACTOR,PCF_CODE_OF_VIOL,PCF_VIOL_CATEGORY,PCF_VIOLATION,PCF_VIOL_SUBSECTION,HIT_AND_RUN,TYPE_OF_COLLISION,MVIW,PED_ACTION,ROAD_SURFACE,ROAD_COND_1,ROAD_COND_2,LIGHTING,CONTROL_DEVICE,CHP_ROAD_TYPE,PEDESTRIAN_ACCIDENT,BICYCLE_ACCIDENT,MOTORCYCLE_ACCIDENT,TRUCK_ACCIDENT,NOT_PRIVATE_PROPERTY,ALCOHOL_INVOLVED,STWD_VEHTYPE_AT_FAULT,CHP_VEHTYPE_AT_FAULT,COUNT_SEVERE_INJ,COUNT_VISIBLE_INJ,COUNT_COMPLAINT_PAIN,COUNT_PED_KILLED,COUNT_PED_INJURED,COUNT_BICYCLIST_KILLED,COUNT_BICYCLIST_INJURED,COUNT_MC_KILLED,COUNT_MC_INJURED,PRIMARY_RAMP,SECONDARY_RAMP,LATITUDE,LONGITUDE,COUNTY,CITY,POINT_X,POINT_Y
91645294,2021,2021-12-07,9645,2021-11-23,0235,022132,,2,3,7,3711,0,1,1,,2,021,"I-5 S/B FROM SR-15 S/B","RIGEL ST",210.00,S,N,A,-,Y,,,5,,,,R,,S,Y,3,0,1,2,A,-,01,23152,A,N,B,C,A,A,H,-,D,D,0,,,,,Y,Y,A,01,0,1,0,0,0,0,0,0,0,"- ","- ",32.691150665283203,-117.12000274658203,"SAN DIEGO","SAN DIEGO",-117.12000274658203,32.691150665283203
91645311,2021,2021-12-07,9645,2021-10-27,0410,021588,,3,3,7,3711,0,1,1,,2,003,"I-5 SOUTHBOUND","DAMON AVE U/C",480.00,N,N,A,-,Y,,,5,,,,,,S,Y,2,0,1,2,A,-,01,23152,A,N,B,C,A,A,H,-,C,D,0,,,,,Y,Y,A,01,1,0,0,0,0,0,0,0,0,"- ","- ",32.810398101806641,-117.21898651123047,"SAN DIEGO","SAN DIEGO",-117.21897888183594,32.810405731201172
91646173,2021,2021-12-08,9650,2021-12-07,0335,020343,,2,3,9,3700,0,3,5,,2,211,"LEHNER AVE","N. ASH ST.",242.00,E,N,A,-,N,,,,,,,,,,Y,4,0,1,1,A,-,08,22107,,N,E,I,A,A,H,-,C,D,0,,,,,Y,Y,A,01,0,0,1,0,0,0,0,0,0,"- ","- ",33.15692138671875,-117.0841064453125,"SAN DIEGO",UNINCORPORATED,-117.08413696289062,33.156944274902344
91646259,2021,2021-12-08,9645,2021-11-25,0228,020623,,4,3,7,3711,0,1,1,,2,001,"I-5 S/B TO SR-54 E/B","NATIONAL CITY BOULEVARD",1531.00,W,N,A,-,Y,,,,,,,,,,N,4,0,1,2,A,-,01,23152,A,N,C,C,A,A,H,-,D,D,0,,,,,Y,Y,A,01,0,0,1,0,0,0,0,0,0,"- ","- ",32.650478363037109,-117.10259246826172,"SAN DIEGO","SAN DIEGO",-117.13871765136719,32.698337554931641
91646446,2021,2021-12-08,9645,2021-11-03,0445,021359,,3,3,7,3711,0,1,1,,2,003,"I-5 N/B","PARK BLVD",88.00,S,N,A,-,Y,,,5,,,,,,N,Y,3,0,4,5,A,-,01,23152,A,N,G,C,E,A,H,-,C,D,0,Y,,Y,,Y,Y,A,07,0,2,2,0,2,0,0,0,0,"- ","- ",32.724140167236328,-117.15074157714844,"SAN DIEGO","SAN DIEGO",-117.15082550048828,32.723968505859375
91646617,2021,2021-12-08,9680,2021-11-24,2020,017928,,3,2,9,3700,0,3,5,,2,009,"12TH ST","H ST",185.00,N,N,A,-,N,,,,,,,,,,Y,3,0,2,2,A,-,01,23152,A,N,C,E,A,A,H,-,D,D,0,,,,,Y,Y,A,01,0,1,1,0,0,0,0,0,0,"- ","- ",33.036319732666016,-116.86875152587891,"SAN DIEGO",UNINCORPORATED,-116.86867523193359,33.036304473876953
91646723,2021,2021-12-08,9680,2021-10-31,0225,022675,,7,3,9,3700,0,1,3,,1,023,"SR-94 E/B","BANCROFT DR",1584.00,W,N,A,-,Y,,,94,,,,,,E,Y,3,0,1,1,A,-,01,23152,A,N,E,I,A,A,H,-,C,D,0,,,,,Y,Y,A,01,0,1,0,0,0,0,0,0,0,"- ","- ",32.752750396728516,-117.00665283203125,"SAN DIEGO",UNINCORPORATED,-117.00660705566406,32.752826690673828
91646943,2021,2021-12-08,9680,2021-11-24,2235,021828,,3,3,9,3700,0,2,4,,1,026,"JAMACHA BLVD","MARIA AVE",14.00,W,N,A,-,N,,,,,,,,,,Y,3,0,1,2,A,-,08,22107,,N,E,I,A,A,H,-,C,D,0,,,,,Y,Y,A,01,0,1,0,0,0,0,0,0,0,"- ","- ",32.707759857177734,-116.99432373046875,"SAN DIEGO",UNINCORPORATED,-116.99416351318359,32.707790374755859
91647003,2021,2021-12-09,9680,2021-11-25,0150,022622,,4,3,9,3700,0,3,5,,2,002,"FUERTE DR","SUNSET AVE",415.00,W,N,A,-,N,,,,,,,,,,Y,4,0,1,1,A,-,01,23152,A,N,E,I,A,A,H,-,D,D,0,,,,,Y,Y,A,07,0,0,1,0,0,0,0,0,0,"- ","- ",32.775230407714844,-116.98706817626953,"SAN DIEGO",UNINCORPORATED,-116.98675537109375,32.775157928466797
91647006,2021,2021-12-09,9680,2021-11-26,0032,020401,,5,3,9,3700,0,1,3,,2,028,"SR-125 S/B","BLOSSOM LN",792.00,S,N,A,-,Y,,,125,,,,,,S,Y,3,0,3,1,A,-,01,23152,A,N,F,I,A,A,H,-,D,D,0,,,,,Y,Y,A,07,0,3,0,0,0,0,0,0,0,"- ","- ",32.722541809082031,-117.01448822021484,"SAN DIEGO",UNINCORPORATED,-117.01487731933594,32.722537994384766
91647769,2021,2021-12-09,9680,2021-11-25,1910,020780,Vieja,4,2,9,3700,0,3,5,,2,003,"WILLOWS ROAD","VIEJAS GRADE ROAD",2640.00,E,N,A,-,N,,,,,,,,,,Y,2,0,3,2,A,-,01,23152,A,N,A,C,A,A,H,-,C,A,0,,,,,Y,Y,A,01,2,1,0,0,0,0,0,0,0,"- ","- ",32.840400695800781,-116.70877838134766,"SAN DIEGO",UNINCORPORATED,-116.71006774902344,32.840019226074219
91647842,2021,2021-12-09,9680,2021-11-25,1910,017460,,4,2,9,3700,0,2,4,,1,061,"OLD HIGHWAY 80","MCCAIN VALLEY ROAD",1100.00,W,N,A,-,N,,,,,,,,,,Y,3,0,1,1,A,-,01,23152,A,N,F,A,A,A,H,-,D,D,0,,,,,Y,Y,D,22,0,1,0,0,0,0,0,0,0,"- ","- ",32.664661407470703,-116.26371765136719,"SAN DIEGO",UNINCORPORATED,-116.26325199999999,32.664605000000002
91647907,2021,2021-12-09,9680,2021-11-26,0115,021944,,5,3,9,3700,0,1,1,,2,083,"I-8 E/B","PEUTZ VALLEY RD",160.00,E,N,A,-,Y,,,8,,,,,,E,Y,3,0,1,1,A,-,01,23152,A,N,F,A,A,A,H,-,D,D,0,,,,,Y,Y,D,22,0,1,0,0,0,0,0,0,0,"- ","- ",32.847690582275391,-116.80590057373047,"SAN DIEGO",UNINCORPORATED,-116.80593109130859,32.847629547119141
91647912,2021,2021-12-09,9650,2021-12-01,1715,018840,,3,2,9,3700,0,3,5,,2,070,"EL CAMINO DEL NORTE","LAGO VISTA",366.00,W,N,B,-,Y,,,,,,,,,,Y,2,0,1,1,A,-,01,23152,A,M,E,8,A,A,H,-,D,D,0,,,,,Y,Y,A,01,1,0,0,0,0,0,0,0,0,"- ","- ",33.043560028076172,-117.19155883789062,"SAN DIEGO",UNINCORPORATED,-117.19147491455078,33.043582916259766
91647942,2021,2021-12-09,9680,2021-11-25,2350,021813,,4,3,9,3700,0,3,5,,2,004,"LYONS VALLEY ROAD","VISTA DE CHAPARROS DR",28.00,E,N,A,-,N,,,,,,,,,,Y,3,0,1,1,A,-,01,23152,A,N,E,I,A,A,H,-,D,D,0,,,,,Y,Y,A,01,0,1,0,0,0,0,0,0,0,"- ","- ",32.730201721191406,-116.85008239746094,"SAN DIEGO",UNINCORPORATED,-116.85011291503906,32.730216979980469
91648135,2021,2021-12-09,9680,2021-11-27,1930,021901,,6,2,9,3700,0,3,5,,2,007,"YAQUI PASS RD.","RAMS HILL RD.",5280.00,S,N,A,-,N,,,,,,,,,,Y,3,0,1,1,A,-,01,23152,A,N,F,A,A,A,H,-,D,D,0,,,,,Y,Y,A,07,0,1,0,0,0,0,0,0,0,"- ","- ",33.178520202636719,-116.33278656005859,"SAN DIEGO",UNINCORPORATED,-116.33242797851562,33.180950164794922
91649162,2021,2021-12-10,9645,2021-11-29,1800,019410,,1,2,7,3711,0,1,1,,2,030,"I-15 N/B","GEORGE COOKE EXPRESSWAY DR. O/C",550.00,S,N,A,-,Y,,,15,,,,,,N,Y,3,0,1,3,A,-,01,23152,A,N,E,I,A,A,H,-,C,D,0,,,,,Y,Y,A,07,0,1,0,0,0,0,0,0,0,"- ","- ",33.014461517333984,-117.07952117919922,"SAN DIEGO","SAN DIEGO",-117.07951354980469,33.014461517333984
91649218,2021,2021-12-10,9680,2021-11-17,0145,021764,,3,3,5,3705,0,1,1,,2,082,"I-8 WESTBOUND TO SR-67 NORTHBOUND","BALLANTYNE STREET",819.00,W,N,A,-,Y,,,8,,,,R,,W,Y,3,0,1,1,A,-,01,23152,A,F,F,A,A,A,H,-,C,A,0,,,,,Y,Y,A,01,0,1,0,0,0,0,0,0,0,"- ","- ",32.803840637207031,-116.96099090576172,"SAN DIEGO","EL CAJON",-116.96099090576172,32.803840637207031
91649514,2021,2021-12-13,9645,2021-12-05,0225,021097,,7,3,7,3711,0,1,1,,2,027,"SR-15 N/B","ADAMS AVE",1500.00,S,N,A,-,Y,,,15,,,,,,N,Y,4,0,6,2,A,-,01,23152,A,N,C,C,A,A,H,-,C,D,0,,,,,Y,Y,A,01,0,0,6,0,0,0,0,0,0,"- ","- ",32.759040832519531,-117.10881042480469,"SAN DIEGO","SAN DIEGO",-117.10874938964844,32.759044647216797
91649949,2021,2021-12-13,9650,2021-12-04,0245,019191,,6,3,9,3700,0,3,5,,2,213,"PALA-TEMECULA RD","LEE BAR RANCH RD",145.00,N,N,A,-,N,,,,,,,,,,Y,4,0,1,2,A,-,01,23152,A,F,B,C,A,A,H,-,D,D,0,,,,,Y,Y,A,07,0,0,1,0,0,0,0,0,0,"- ","- ",33.372959136962891,-117.07888031005859,"SAN DIEGO",UNINCORPORATED,-117.07881927490234,33.372932434082031
91650228,2021,2021-12-13,9645,2021-12-03,2212,020623,,5,3,7,3711,0,1,1,,2,003,"I-5 S/B","IMPERIAL AVENUE",100.00,S,N,B,-,Y,,,5,,,,,,S,N,4,0,3,2,A,-,01,23152,A,N,C,C,A,A,H,-,D,D,0,,,,,Y,Y,A,07,0,0,3,0,0,0,0,0,0,"- ","- ",32.705898284912109,-117.14772796630859,"SAN DIEGO","SAN DIEGO",-117.14769744873047,32.705902099609375
9165061,2020,2021-01-07,3711,2020-10-16,0055,SD8672,,5,5,7,3711,0,0,0,,0,611,"CAMINO DEL RIO W","KURTZ ST",266.00,N,N,A,-,N,,,,,,,,,,Y,3,0,4,1,A,-,08,22107,,N,E,I,A,A,H,-,C,D,0,,,,,Y,Y,A,01,0,4,0,0,0,0,0,0,0,"- ","- ",,,"SAN DIEGO","SAN DIEGO",-117.205078125,32.753746032714844
9165067,2020,2021-01-07,3711,2020-10-13,1917,SD1423,,2,5,7,3711,0,0,0,,0,233,"SALMON RIVER RD","ADOLPHIA ST",0.00,,Y,A,-,N,,,,,,,,,,N,4,0,1,2,D,-,00,,,M,D,G,A,A,H,-,C,A,0,,Y,,,Y,Y,-,"- ",0,0,1,0,0,0,1,0,0,"- ","- ",,,"SAN DIEGO","SAN DIEGO",-117.12050628662109,32.952751159667969
9165072,2020,2021-01-07,3711,2020-10-13,1615,SD7770,,2,5,7,3711,0,0,0,,0,821,"EL CAJON BL","EL CAJON BL 6502",0.00,,Y,A,-,N,,,,,,,,,,Y,4,0,1,2,A,-,08,38314,,N,C,E,A,A,H,-,A,D,0,,,,,Y,Y,A,01,0,0,1,0,0,0,0,0,0,"- ","- ",,,"SAN DIEGO","SAN DIEGO",,
9165095,2020,2021-01-08,3711,2020-10-12,0710,SD5662,,1,5,7,3711,0,0,0,,0,122,"GRAND AV","LAMONT ST",0.00,E,N,A,-,N,,,,,,,,,,Y,3,0,1,2,A,-,08,22107,,N,B,C,A,A,H,-,A,D,0,,,,,Y,Y,A,01,0,1,0,0,0,0,0,0,0,"- ","- ",,,"SAN DIEGO","SAN DIEGO",-117.23480224609375,32.799190521240234
91651459,2021,2022-02-11,9650,2021-10-02,2110,021404,,6,2,9,3700,0,3,5,,2,006,"AMMUNITION ROAD, 500 BLOCK","ALTURAS ROAD",584.00,W,N,A,-,N,,,,,,,,,,Y,1,1,0,4,A,-,11,21950,B,N,G,B,E,A,H,-,C,D,0,Y,,,,Y,Y,N,60,0,0,0,1,0,0,0,0,0,"- ","- ",33.37030029296875,-117.25965118408203,"SAN DIEGO",UNINCORPORATED,-117.25955200195312,33.370319366455078
91651539,2021,2021-12-14,9680,2021-12-02,0138,020401,,4,3,9,3700,0,3,5,,2,002,"EDGEWOOD DR","LAVELL ST",150.00,W,N,E,-,N,,,,,,,,,,Y,3,0,1,1,A,-,01,23152,A,N,E,I,A,A,H,-,D,D,0,,,,,Y,Y,A,01,0,1,0,0,0,0,0,0,0,"- ","- ",32.760501861572266,-117.000732421875,"SAN DIEGO",UNINCORPORATED,-117.00067901611328,32.760353088378906
91652171,2021,2021-12-14,9680,2021-11-25,1740,022625,,4,2,9,3700,0,3,5,,2,002,"TYLER ST","SWEETWATER RD",25.00,E,N,A,-,N,,,,,,,,,,N,4,0,2,2,A,-,08,22107,,F,B,C,A,A,H,-,C,D,0,,,,,Y,Y,D,22,0,0,2,0,0,0,0,0,0,"- ","- ",32.730400085449219,-117.01434326171875,"SAN DIEGO",UNINCORPORATED,-117.01441955566406,32.730369567871094
91653290,2021,2021-12-15,9650,2021-12-05,0309,018224,,7,3,9,3700,0,1,1,,2,001,"I-5 N/B","BASILONE ROAD",13200.00,S,N,A,-,Y,,,5,,,,,,N,Y,3,0,2,2,A,-,03,22350,,N,C,C,A,A,C,-,D,D,0,,,,,Y,Y,A,01,0,2,0,0,0,0,0,0,0,"- ","- ",33.370548248291016,-117.55258178710938,"SAN DIEGO",UNINCORPORATED,-117.55258941650391,33.370529174804688
91653335,2021,2021-12-15,9680,2021-12-03,0215,022675,,5,3,4,3720,0,1,3,,2,027,"SR-94 E/B TO MASSACHUSETTS AVE.","MASSACHUSETTS AVE",240.00,E,N,E,-,Y,,,94,,,,R,,E,Y,3,0,5,1,A,-,01,23152,A,N,E,I,A,A,H,-,C,A,0,,,,,Y,Y,A,01,0,4,1,0,0,0,0,0,0,"- ","- ",32.744461059570312,-117.04208374023438,"SAN DIEGO","LEMON GROVE",-117.04208374023438,32.744461059570312
91653740,2021,2021-12-16,9650,2021-11-28,0030,021500,,7,3,9,3700,0,3,5,,2,231,"SAN PASQUAL RD","VIENTO VALLE",116.00,E,N,A,-,N,,,,,,,,,,Y,2,0,3,2,A,-,05,21460,A,N,A,C,A,A,H,-,D,D,0,,,,,Y,Y,A,01,2,0,1,0,0,0,0,0,0,"- ","- ",33.085628509521484,-117.02742004394531,"SAN DIEGO",UNINCORPORATED,-117.02661895751953,33.085746765136719
91653814,2021,2021-12-16,9650,2021-12-10,2202,020497,,5,3,5,3782,0,1,1,,2,007,"I-5 N/B","ENCINITAS BLVD",2500.00,N,N,A,-,Y,,,5,,,,,,N,Y,4,0,2,2,A,-,03,22350,,N,C,C,A,A,D,-,D,D,0,,,,,Y,Y,A,01,0,0,2,0,0,0,0,0,0,"- ","- ",33.055698394775391,-117.28928375244141,"SAN DIEGO",ENCINITAS,-117.28929138183594,33.055698394775391
91654038,2021,2021-12-16,9645,2021-12-11,0135,021697,,6,3,7,3711,0,1,3,,2,016,"SR-52 W/B","MAST BOULEVARD U/C",3748.00,W,N,A,-,Y,,,52,,,,,,W,Y,3,0,1,1,A,-,08,22107,,N,E,I,A,A,H,-,E,D,0,,,,,Y,Y,A,01,0,1,0,0,0,0,0,0,0,"- ","- ",32.851200103759766,-117.03591918945312,"SAN DIEGO","SAN DIEGO",-117.03592681884766,32.851142883300781
91654535,2021,2021-12-16,9645,2021-12-03,1440,016061,,5,2,3,3703,0,1,3,,1,004,"SR-75 N/B","GLORIETTA BLVD.",1250.00,N,N,A,-,Y,,,,,,,,,,N,3,0,1,1,A,-,01,23152,A,N,E,I,A,A,H,-,A,D,0,,,,,Y,Y,A,01,0,1,0,0,0,0,0,0,0,"- ","- ",,,"SAN DIEGO",CORONADO,-117.17873382568359,32.683788299560547
9165514,2020,2020-12-01,3703,2020-09-21,0032,1118,1,1,5,3,3703,0,0,0,,0,001,"3RD ST","H AV",86.00,E,N,A,-,Y,SD,11,282,-,-,0.350,H,-,W,Y,3,0,1,3,A,-,01,23153,A,N,C,E,A,A,H,-,C,D,0,,,,,Y,Y,A,01,0,1,0,0,0,0,0,0,0,"- ","- ",32.698249816894531,-117.17910003662109,"SAN DIEGO",CORONADO,-117.17929840087891,32.698123931884766
91655986,2021,2021-12-20,9650,2021-12-08,2110,022031,,3,2,9,3700,0,3,5,,2,170,"S SANTA FE AVE","AZALEA DR",0.00,,Y,A,-,N,,,,,,,,,,N,3,0,1,2,D,-,00,,,F,G,B,E,A,H,-,D,D,0,Y,,,,Y,Y,-,"- ",0,1,0,0,1,0,0,0,0,"- ","- ",33.168098449707031,-117.20599365234375,"SAN DIEGO",UNINCORPORATED,-117.20599365234375,33.168087005615234
91656108,2021,2021-12-20,9645,2021-11-27,2313,020165,,6,3,7,3711,0,1,1,,2,015,"I-805 SOUTHBOUND","SORRENTO VALLEY ROAD",2640.00,N,N,A,-,Y,,,805,,,,,,S,N,3,0,1,2,A,-,01,23152,A,M,B,C,A,A,H,-,C,D,0,,,,,Y,Y,A,01,0,1,0,0,0,0,0,0,0,"- ","- ",32.894519805908203,-117.21414184570312,"SAN DIEGO","SAN DIEGO",-117.21418762207031,32.894447326660156
91656611,2021,2021-12-20,9645,2021-11-21,0050,021588,,7,3,7,3711,0,1,3,,2,008,"SR-54 WESTBOUND","WOODMAN STREET",1584.00,W,N,A,-,Y,,,54,,,,,,W,Y,4,0,1,2,A,-,01,23152,A,N,C,E,A,A,H,-,C,D,0,,,,,Y,Y,A,01,0,0,1,0,0,0,0,0,0,"- ","- ",32.670211791992188,-117.04425048828125,"SAN DIEGO","SAN DIEGO",-117.04422760009766,32.670169830322266
9165687,2020,2020-10-30,3702,2020-09-07,0230,CV1269,,1,5,6,3702,0,0,0,,0,042,"EASTLAKE PKWY","CLUBHOUSE DR",0.00,,Y,A,-,N,,,,,,,,,,Y,4,0,1,1,A,-,01,23152,A,N,E,I,A,A,H,-,C,A,0,,,,,Y,Y,A,01,0,0,1,0,0,0,0,0,0,"- ","- ",,,"SAN DIEGO","CHULA VISTA",-116.96623229980469,32.640518188476562
91657357,2021,2021-12-21,9650,2021-12-15,0501,019766,,3,3,9,3700,0,1,1,,2,022,"I-15 N/B","STEWART CANYON ROAD",3326.00,N,N,A,-,Y,,,15,,,,,,N,Y,4,0,1,2,A,-,03,22350,,N,C,C,A,A,H,-,D,D,0,,,,,Y,Y,A,01,0,0,1,0,0,0,0,0,0,"- ","- ",33.373001098632812,-117.16825103759766,"SAN DIEGO",UNINCORPORATED,-117.16815948486328,33.373096466064453
91658016,2021,2021-12-21,9645,2021-12-12,0230,020623,,7,3,7,3711,0,1,1,,2,011,"I-805 S/B TO SR-15 S/B","LANDIS STREET",3274.00,S,N,A,-,Y,,,805,,,,R,,S,N,2,0,1,1,A,-,01,23152,A,N,E,I,A,A,H,-,D,D,0,,,,,Y,Y,A,07,1,0,0,0,0,0,0,0,0,"- ","- ",32.737880706787109,-117.11550140380859,"SAN DIEGO","SAN DIEGO",-117.11550140380859,32.737880706787109
91658607,2021,2021-12-22,9650,2021-12-08,1949,021933,,3,2,9,3700,0,3,5,,2,006,"AMMUNITION ROAD","ALTURAS ST",232.00,E,N,A,-,N,,,,,,,,,,N,1,1,0,2,A,-,11,21954,A,N,G,B,D,A,H,-,C,D,0,Y,,,,Y,Y,N,60,0,0,0,1,0,0,0,0,0,"- ","- ",33.371158599853516,-117.25714874267578,"SAN DIEGO",UNINCORPORATED,-117.25717163085938,33.371166229248047
91658720,2021,2021-12-22,9680,2021-08-22,1527,022554,,7,2,9,3700,0,1,3,,1,051,"STATE ROUTE 79","AGUANGA RANCHOS ROAD",6864.00,S,N,A,-,Y,,,79,,,,,,,Y,1,1,0,2,A,-,01,23152,A,N,A,C,A,A,H,-,A,A,0,,,Y,,Y,Y,D,22,0,0,0,0,0,0,0,1,0,"- ","- ",33.415969848632812,-116.82524871826172,"SAN DIEGO",UNINCORPORATED,-116.82524108886719,33.416019439697266
9165938,2020,2020-10-31,3700,2020-09-25,2044,SH0320,,5,5,5,3713,0,0,0,,0,305,"AVENIDA DE BENITO JUAREZ","W CALIFORNIA AV",70.00,N,N,A,-,N,,,,,,,,,,Y,3,0,1,2,-,-,"- ",,,M,B,E,A,-,H,-,C,D,0,,,,,Y,Y,A,01,0,1,0,0,0,0,0,0,0,"- ","- ",,,"SAN DIEGO",VISTA,-117.24806213378906,33.207653045654297
91660199,2021,2021-12-23,9645,2021-11-30,0523,021639,,2,3,7,3711,0,1,3,,2,023,"SR-163 NORTHBOUND","WASHINGTON ST.",1000.00,N,N,E,-,Y,,,163,,,,,,N,Y,4,0,1,1,A,-,01,23152,A,N,E,I,A,A,H,-,A,D,0,,,,,Y,Y,A,01,0,0,1,0,0,0,0,0,0,"- ","- ",32.753040313720703,-117.15766143798828,"SAN DIEGO","SAN DIEGO",-117.15762329101562,32.753082275390625
91661121,2021,2021-12-24,9645,2021-12-14,0230,020480,,2,3,5,3709,0,1,1,,2,001,"I-5 N/B","W. 8TH STREET",1200.00,S,N,A,-,Y,,,5,,,,,,N,Y,3,0,1,2,A,-,01,23152,A,N,C,C,A,A,H,-,C,D,0,,,,,Y,Y,A,07,0,1,0,0,0,0,0,0,0,"- ","- ",32.669639587402344,-117.11132049560547,"SAN DIEGO","NATIONAL CITY",-117.11127471923828,32.669639587402344
91661461,2021,2021-12-24,9680,2021-12-15,0115,021944,,3,3,4,3720,0,1,3,,2,027,"SR-94 W/B","COLLEGE AVE",1056.00,E,N,A,-,Y,,,94,,,,,,W,Y,4,0,1,1,A,-,01,23152,A,N,E,I,A,A,H,-,D,D,0,,,,,Y,Y,A,01,0,0,1,0,0,0,0,0,0,"- ","- ",32.744480133056641,-117.04776763916016,"SAN DIEGO","LEMON GROVE",-117.04766845703125,32.74432373046875
91662139,2021,2021-12-27,9645,2021-12-10,2215,021494,,5,3,7,3711,0,1,1,,2,010,"I-8 E/B TO SR-163 N/B","SR-163 N/B",20.00,W,N,A,-,Y,,,8,,,,R,,E,Y,3,0,1,2,A,-,01,23152,A,M,C,C,A,A,H,-,C,D,0,,,,,Y,Y,A,07,0,1,0,0,0,0,0,0,0,"- ","- ",32.762180328369141,-117.1634521484375,"SAN DIEGO","SAN DIEGO",-117.1634521484375,32.762180328369141
91662151,2021,2021-12-27,9645,2021-10-24,0310,021617,,7,3,7,3711,0,1,1,,2,001,"I-5 S/B","MAIN STREET",850.00,S,N,A,-,Y,,,5,,,,,,S,N,3,0,1,2,A,-,01,23152,A,N,D,C,A,A,H,-,C,D,0,,,,,Y,Y,A,01,0,1,0,0,0,0,0,0,0,"- ","- ",32.680301666259766,-117.11039733886719,"SAN DIEGO","SAN DIEGO",-117.11044311523438,32.680282592773438
91662401,2021,2021-12-27,9650,2021-12-21,0123,019766,,2,3,5,3713,0,1,3,,2,017,"SR-78 W/B","MAR VISTA DRIVE",1710.00,W,N,A,-,Y,,,78,,,,,,W,Y,3,0,1,2,A,-,01,23152,A,N,B,C,A,A,H,-,D,D,0,,,,,Y,Y,A,01,0,1,0,0,0,0,0,0,0,"- ","- ",33.185321807861328,-117.23326110839844,"SAN DIEGO",VISTA,-117.23323059082031,33.185348510742188
91662566,2021,2021-12-27,9680,2021-11-25,2335,021764,,4,3,9,3700,0,3,5,,2,003,"HARBISON CANYON RD","DEHESA RD",36.00,N,N,A,-,N,,,,,,,,,,Y,4,0,1,2,A,-,01,23152,A,F,C,C,A,A,H,-,C,A,0,,,,,Y,Y,A,01,0,0,1,0,0,0,0,0,0,"- ","- ",32.790199279785156,-116.84558868408203,"SAN DIEGO",UNINCORPORATED,-116.84556579589844,32.790153503417969
9166265,2020,2020-12-08,3711,2020-10-01,1807,SD6882,,4,5,7,3711,0,0,0,,0,122,"SOLEDAD MOUNTAIN RD","SOLEDAD MOUNTAIN RD 5239",0.00,,Y,A,-,N,,,,,,,,,,N,3,0,1,3,A,-,08,22107,,N,B,E,A,A,H,-,B,A,0,,,,,Y,Y,A,01,0,1,0,0,0,0,0,0,0,"- ","- ",,,"SAN DIEGO","SAN DIEGO",-117.233895,32.815013999999998
9166266,2020,2020-12-08,3711,2020-10-01,0900,SD5718,,4,5,7,3711,0,0,0,,0,241,"POMERADO RD","POMERADO RD 10600",0.00,,Y,A,-,N,,,,,,,,,,N,4,0,1,3,-,-,"- ",,,N,C,C,A,A,H,-,A,D,0,,,,,Y,Y,-,"- ",0,0,1,0,0,0,0,0,0,"- ","- ",,,"SAN DIEGO","SAN DIEGO",,
91663530,2021,2021-12-28,9650,2021-12-25,0823,019594,,6,1,9,3700,0,3,5,,2,211,"LILAC RD","CANDLE WAY",75.00,W,N,B,C,N,,,,,,,,,,Y,4,0,1,1,A,-,01,23152,A,N,E,I,A,B,H,-,A,D,0,,,,,Y,Y,D,22,0,0,1,0,0,0,0,0,0,"- ","- ",33.231689453125,-117.0457763671875,"SAN DIEGO",UNINCORPORATED,-117.04579925537109,33.231616973876953