CASE_ID,ACCIDENT_YEAR,PROC_DATE,JURIS,COLLISION_DATE,COLLISION_TIME,OFFICER_ID,REPORTING_DISTRICT,DAY_OF_WEEK,CHP_SHIFT,POPULATION,CNTY_CITY_LOC,SPECIAL_COND,BEAT_TYPE,CHP_BEAT_TYPE,CITY_DIVISION_LAPD,CHP_BEAT_CLASS,BEAT_NUMBER,PRIMARY_RD,SECONDARY_RD,DISTANCE,DIRECTION,INTERSECTION,WEATHER_1,WEATHER_2,STATE_HWY_IND,CALTRANS_COUNTY,CALTRANS_DISTRICT,STATE_ROUTE,ROUTE_SUFFIX,POSTMILE_PREFIX,POSTMILE,LOCATION_TYPE,RAMP_INTERSECTION,SIDE_OF_HWY,TOW_AWAY,COLLISION_SEVERITY,NUMBER_KILLED,NUMBER_INJURED,PARTY_COUNT,PRIMARY_COLL_FACTOR,PCF_CODE_OF_VIOL,PCF_VIOL_CATEGORY,PCF_VIOLATION,PCF_VIOL_SUBSECTION,HIT_AND_RUN,TYPE_OF_COLLISION,MVIW,PED_ACTION,ROAD_SURFACE,ROAD_COND_1,ROAD_COND_2,LIGHTING,CONTROL_DEVICE,CHP_ROAD_TYPE,PEDESTRIAN_ACCIDENT,BICYCLE_ACCIDENT,MOTORCYCLE_ACCIDENT,TRUCK_ACCIDENT,NOT_PRIVATE_PROPERTY,ALCOHOL_INVOLVED,STWD_VEHTYPE_AT_FAULT,CHP_VEHTYPE_AT_FAULT,COUNT_SEVERE_INJ,COUNT_VISIBLE_INJ,COUNT_COMPLAINT_PAIN,COUNT_PED_KILLED,COUNT_PED_INJURED,COUNT_BICYCLIST_KILLED,COUNT_BICYCLIST_INJURED,COUNT_MC_KILLED,COUNT_MC_INJURED,PRIMARY_RAMP,SECONDARY_RAMP,LATITUDE,LONGITUDE,COUNTY,CITY,POINT_X,POINT_Y
9282402,2021,2021-08-21,3711,2021-06-19,0050,SD8684,,6,5,7,3711,0,0,0,,0,115,"LA JOLLA VILLAGE DR","TOWNE CENTRE DR",0.00,,Y,B,-,N,,,,,,,,,,N,3,0,1,1,A,-,08,22107,,N,E,I,A,A,H,-,C,D,0,,,,,Y,Y,A,01,0,1,0,0,0,0,0,0,0,"- ","- ",,,"SAN DIEGO","SAN DIEGO",-117.20742034912109,32.874103546142578
9282405,2021,2021-08-21,3711,2021-06-18,1029,SD6532,,5,5,7,3711,0,0,0,,0,511,"NEWTON AV","SAMPSON ST",140.00,N,N,B,-,N,,,,,,,,,,N,3,0,1,2,A,-,08,22107,,N,H,I,A,A,H,-,A,D,0,,,,,Y,Y,A,01,0,1,0,0,0,0,0,0,0,"- ","- ",,,"SAN DIEGO","SAN DIEGO",-117.14122009277344,32.696643829345703
9282409,2021,2021-08-21,3711,2021-06-19,0154,SD7738,,6,5,7,3711,0,0,0,,0,122,"INGRAHAM ST","GRAND AV",14.00,S,N,B,-,N,,,,,,,,,,N,3,0,2,1,A,-,03,22350,,N,E,J,A,A,H,-,C,D,0,,,Y,,Y,Y,C,03,0,2,0,0,0,0,0,0,2,"- ","- ",,,"SAN DIEGO","SAN DIEGO",-117.24027252197266,32.797893524169922
9282413,2021,2021-08-21,3711,2021-06-30,0907,SD7211,,3,5,7,3711,0,0,0,,0,431,"FEDERAL BL","60TH ST",0.00,,Y,B,-,N,,,,,,,,,,Y,4,0,2,2,A,-,12,21453,A,N,D,C,A,A,H,-,A,A,0,,,,,Y,Y,A,01,0,0,2,0,0,0,0,0,0,"- ","- ",,,"SAN DIEGO","SAN DIEGO",-117.06807708740234,32.727268218994141
9282645,2021,2021-08-13,3711,2021-06-17,1639,SD1150,,4,5,7,3711,0,0,0,,0,123,"WEST MISSION BAY DR","QUIVIRA RD",130.00,W,N,A,-,N,,,,,,,,,,Y,3,0,4,4,A,-,08,22107,,N,C,C,A,A,H,-,A,D,0,,,,,Y,Y,A,01,0,2,2,0,0,0,0,0,0,"- ","- ",,,"SAN DIEGO","SAN DIEGO",-117.23831939697266,32.765583038330078
9282648,2021,2021-08-06,3711,2021-06-19,2015,SD1509,,6,5,7,3711,0,0,0,,0,242,"WESTVIEW PKWY","WESTVIEW PKWY 9400",0.00,,N,A,-,N,,,,,,,,,,N,3,0,1,2,D,-,00,,,M,B,C,A,A,H,-,C,B,0,,,Y,,Y,Y,-,"- ",0,1,0,0,0,0,0,0,1,"- ","- ",,,"SAN DIEGO","SAN DIEGO",-117.040283203125,32.644882202148438
9282658,2021,2021-08-06,3711,2021-06-14,0638,SD1494,,1,5,7,3711,0,0,0,,0,114,"CLAIREMONT MESA BL","DIANE AV",0.00,,Y,B,-,N,,,,,,,,,,N,3,0,1,2,A,-,10,21950,A,N,G,B,B,A,B,H,B,A,0,Y,,,,Y,Y,A,01,0,1,0,0,1,0,0,0,0,"- ","- ",,,"SAN DIEGO","SAN DIEGO",-117.18704986572266,32.83441162109375
9282666,2021,2021-08-10,3711,2021-06-21,1407,SD7713,,1,5,7,3711,0,0,0,,0,932,"SORRENTO VALLEY RD","CARMEL MOUNTAIN",528.00,S,N,A,-,N,,,,,,,,,,Y,3,0,1,2,A,-,09,21804,A,N,D,C,A,A,H,-,A,D,0,,,,,Y,Y,A,01,0,1,0,0,0,0,0,0,0,"- ","- ",,,"SAN DIEGO","SAN DIEGO",-117.23607635498047,32.915374755859375
9282671,2021,2021-08-10,3711,2021-06-22,1512,SD1531,,2,5,7,3711,0,0,0,,0,813,"OREGON ST","MEAD AV",100.00,S,N,A,-,N,,,,,,,,,,Y,4,0,1,3,A,-,08,22107,,M,D,E,A,A,H,-,A,D,0,,,,,Y,Y,A,01,0,0,1,0,0,0,0,0,0,"- ","- ",,,"SAN DIEGO","SAN DIEGO",-117.13513946533203,32.756984710693359
9282673,2021,2021-08-10,3711,2021-06-26,1957,SD7635,,6,5,7,3711,0,0,0,,0,624,"PARK BL","EL CAJON BL",38.00,E,N,A,-,N,,,,,,,,,,Y,4,0,1,2,A,-,"- ",,,N,D,C,A,A,H,-,C,A,0,,,,,Y,Y,A,01,0,0,1,0,0,0,0,0,0,"- ","- ",,,"SAN DIEGO","SAN DIEGO",-117.14627838134766,32.755218505859375
9282674,2021,2021-08-10,3711,2021-06-26,2204,SD7942,,6,5,7,3711,0,0,0,,0,614,"SUNSET CLIFFS BL","MUIR AV",81.00,N,N,A,-,N,,,,,,,,,,Y,3,0,1,3,A,-,08,22107,,M,B,E,A,A,H,-,D,D,0,,,,,Y,Y,A,01,0,1,0,0,0,0,0,0,0,"- ","- ",,,"SAN DIEGO","SAN DIEGO",-117.24351501464844,32.749469757080078
9282675,2021,2021-08-10,3711,2021-06-27,2157,SD7219,,7,5,7,3711,0,0,0,,0,111,"ECKSTROM AV","MUSTANG ST",150.00,E,N,A,-,N,,,,,,,,,,Y,3,0,1,2,A,-,08,22107,,N,C,E,A,A,H,-,C,D,0,,,,,Y,Y,A,01,0,1,0,0,0,0,0,0,0,"- ","- ",,,"SAN DIEGO","SAN DIEGO",-117.16380310058594,32.820209503173828
9282685,2021,2021-07-27,3711,2021-06-28,1443,SD7265,,1,5,7,3711,0,0,0,,0,834,"WIGHTMAN ST","43RD ST",0.00,,Y,B,-,N,,,,,,,,,,N,4,0,1,2,A,-,10,21950,A,M,H,B,B,A,H,-,A,A,0,Y,Y,,,Y,Y,L,04,0,0,1,0,1,0,0,0,0,"- ","- ",,,"SAN DIEGO","SAN DIEGO",-117.10204315185547,32.747795104980469
9282690,2021,2021-07-30,3711,2021-06-17,1840,SD1364,,4,5,7,3711,0,0,0,,0,115,"EXECUTIVE DR","GENESEE AV",0.00,,Y,A,-,N,,,,,,,,,,N,4,0,1,2,A,-,03,22350,,N,D,C,A,A,H,-,A,A,0,,,,,Y,Y,A,01,0,0,1,0,0,0,0,0,0,"- ","- ",,,"SAN DIEGO","SAN DIEGO",-117.21414947509766,32.875129699707031
9282827,2021,2021-07-20,3710,2021-06-26,2221,OC1498,,6,5,6,3710,0,0,0,,0,025,"AVENIDA DEL ORO","WINDANSEA ST",80.00,N,N,A,-,N,,,,,,,,,,Y,3,0,2,1,A,-,03,22350,,N,A,I,A,A,H,-,C,D,0,,,,,Y,Y,A,01,0,1,1,0,0,0,0,0,0,"- ","- ",,,"SAN DIEGO",OCEANSIDE,-117.29398345947266,33.214176177978516
9283206,2021,2021-07-20,3711,2021-05-31,1348,SD5939,,1,5,7,3711,0,0,0,,0,122,"INGRHAM ST","INGRAHAM ST 3200",0.00,,-,A,B,N,,,,,,,,,,N,4,0,1,2,A,-,03,22350,,N,C,C,A,A,H,-,A,A,0,,,Y,,Y,Y,C,02,0,0,1,0,0,0,0,0,1,"- ","- ",,,"SAN DIEGO","SAN DIEGO",,
9283701,2021,2021-07-29,3711,2021-06-05,2317,SD6210,,6,5,7,3711,0,0,0,,0,524,"7TH ST","F ST",18.00,S,N,A,-,N,,,,,,,,,,N,2,0,1,1,A,-,17,21235,G,N,E,I,A,A,H,-,C,A,0,,,Y,,Y,Y,C,03,1,0,0,0,0,0,0,0,1,"- ","- ",,,"SAN DIEGO","SAN DIEGO",-117.15830993652344,32.713581085205078
9283761,2021,2021-08-19,3711,2021-07-04,0045,SD7803,,7,5,7,3711,0,0,0,,0,832,"MARLBOROUGH AV","EL CAJON BL",0.00,,Y,A,-,N,,,,,,,,,,Y,3,0,2,2,A,-,08,22107,,N,A,C,A,A,H,-,C,A,0,,,,,Y,Y,A,01,0,2,0,0,0,0,0,0,0,"- ","- ",,,"SAN DIEGO","SAN DIEGO",-117.10614776611328,32.755111694335938
9283762,2021,2021-08-19,3711,2021-07-04,2046,SD6764,,7,5,7,3711,0,0,0,,0,121,"WEST MISSION BAY DR","WEST MISSION BAY DR  1000",0.00,,Y,A,-,N,,,,,,,,,,Y,4,0,1,2,A,-,04,21703,,N,C,C,A,A,H,-,C,D,0,,,,,Y,Y,A,01,0,0,1,0,0,0,0,0,0,"- ","- ",,,"SAN DIEGO","SAN DIEGO",-117.21102905273438,32.798286437988281
9283763,2021,2021-08-19,3711,2021-07-05,1855,SD1503,,1,5,7,3711,0,0,0,,0,621,"HYATT ST","HYATT ST  7200",0.00,,Y,A,-,N,,,,,,,,,,N,4,0,1,2,A,-,03,22350,,M,D,E,A,A,H,-,A,D,0,,,,,Y,Y,A,01,0,0,1,0,0,0,0,0,0,"- ","- ",,,"SAN DIEGO","SAN DIEGO",-117.16793060302734,32.787799835205078
9283765,2021,2021-08-19,3711,2021-07-03,2124,SD7865,,6,5,7,3711,0,0,0,,0,521,"ISLAND AV","ISLAND AV 700",0.00,,Y,A,-,N,,,,,,,,,,N,3,0,1,1,A,-,08,38314,,N,F,J,A,A,H,-,C,A,0,,,Y,,Y,Y,C,03,0,1,0,0,0,0,0,0,1,"- ","- ",,,"SAN DIEGO","SAN DIEGO",-117.16376495361328,32.710437774658203
9283779,2021,2021-08-23,3711,2021-07-03,2101,SD6146,,6,5,7,3711,0,0,0,,0,126,"NORTH TORREY PINES RD","TORREY PINES RD  4100",183.00,N,N,A,-,N,,,,,,,,,,Y,2,0,1,2,A,-,08,22107,,N,C,G,A,A,H,-,C,D,0,,Y,,,Y,Y,A,07,1,0,0,0,0,0,1,0,0,"- ","- ",,,"SAN DIEGO","SAN DIEGO",-117.24260711669922,32.870449066162109
9283826,2021,2021-08-24,3710,2021-07-01,2043,OC1480,,4,5,6,3710,0,0,0,,0,008,"WISCONSIN ST","S CLEVELAND ST",72.00,W,N,B,-,N,,,,,,,,,,Y,3,0,1,1,A,-,03,22350,,N,E,A,A,A,H,-,B,D,0,,,Y,,Y,Y,C,02,0,1,0,0,0,0,0,0,1,"- ","- ",,,"SAN DIEGO",OCEANSIDE,-117.37504577636719,33.187515258789062
9283830,2021,2021-09-14,3709,2021-07-05,2239,NC0529,,1,5,5,3709,0,0,0,,0,023,"EAST 30TH ST","L AV",47.00,,N,A,C,N,,,,,,,,,,Y,4,0,1,2,A,-,01,23153,A,F,C,C,A,A,H,-,-,A,0,,,,,Y,Y,A,01,0,0,1,0,0,0,0,0,0,"- ","- ",,,"SAN DIEGO","NATIONAL CITY",-117.08726501464844,32.660270690917969
9284195,2021,2021-07-21,3700,2021-06-05,1931,SH0272,,6,5,5,3712,0,0,0,,0,359,"WEST SAN MARCOS BL","BENT AV",221.00,E,N,A,-,N,,,,,,,,,,Y,4,0,1,2,A,-,03,22350,,N,C,C,A,A,H,-,A,D,0,,,,,Y,Y,A,01,0,0,1,0,0,0,0,0,0,"- ","- ",,,"SAN DIEGO","SAN MARCOS",-117.18134307861328,33.136623382568359
9284763,2021,2021-07-22,3711,2021-07-09,1133,SD6944,,5,5,7,3711,0,0,0,,0,722,"IRIS AV","IRIS AV 2500",0.00,,-,A,-,N,,,,,,,,,,Y,3,0,1,2,A,-,07,21658,A,N,B,C,A,A,H,-,C,A,0,,,,,Y,Y,A,01,0,1,0,0,0,0,0,0,0,"- ","- ",,,"SAN DIEGO","SAN DIEGO",-117.09468841552734,33.154975891113281
9284781,2021,2021-07-26,3711,2021-07-08,2034,SD7022,,4,5,7,3711,0,0,0,,0,833,"FAIRMONT AV","DWIGHT ST",282.00,S,N,A,-,N,,,,,,,,,,N,3,0,1,2,C,-,18,,,M,G,B,E,A,H,-,C,D,0,Y,,,,Y,Y,-,"- ",0,1,0,0,1,0,0,0,0,"- ","- ",,,"SAN DIEGO","SAN DIEGO",-117.10098266601562,32.743236541748047
9284787,2021,2021-07-23,3711,2021-07-03,1034,SD7626,,6,5,7,3711,0,0,0,,0,523,"E ST",5TH,0.00,,Y,A,-,N,,,,,,,,,,N,2,0,1,1,A,-,03,22350,,N,F,A,A,A,H,-,C,D,0,,,Y,,Y,Y,C,03,1,0,0,0,0,0,0,0,1,"- ","- ",,,"SAN DIEGO","SAN DIEGO",-117.16015625,32.714656829833984
9284789,2021,2021-07-23,3711,2021-07-05,0022,SD7682,,1,5,7,3711,0,0,0,,0,611,"ROSECRANS ST","MIDWAY DR",0.00,,Y,A,-,N,,,,,,,,,,N,4,0,1,2,A,-,12,21453,A,M,A,C,A,A,H,-,C,A,0,,,,,Y,Y,A,01,0,0,1,0,0,0,0,0,0,"- ","- ",,,"SAN DIEGO","SAN DIEGO",-117.20616912841797,32.749702453613281
9284797,2021,2021-07-23,3711,2021-07-09,2320,SD8684,,5,5,7,3711,0,0,0,,0,123,"WEST MISSION BAY DR","SEA WORLD DR",0.00,,Y,A,-,N,,,,,,,,,,N,3,0,2,6,A,-,08,22107,,N,B,C,A,A,H,-,C,D,0,,,Y,,Y,Y,C,02,0,1,1,0,0,0,0,0,1,"- ","- ",,,"SAN DIEGO","SAN DIEGO",-117.23030853271484,32.761367797851562
9284798,2021,2021-07-23,3711,2021-07-10,0150,SD8684,,6,5,7,3711,0,0,0,,0,122,"GARNET AV","EVERTS ST",0.00,,Y,A,-,N,,,,,,,,,,N,3,0,2,3,A,-,09,21800,A,M,G,B,B,A,H,-,E,A,0,Y,,,,Y,Y,-,,0,1,1,0,2,0,0,0,0,"- ","- ",,,"SAN DIEGO","SAN DIEGO",-117.24816131591797,32.798141479492188
9285460,2021,2021-08-09,3700,2021-06-05,2122,SH0029,,6,5,5,3713,0,0,0,,0,308,"NORTH EMERALD DR","DATE ST",200.00,N,N,A,-,N,,,,,,,,,,Y,4,0,2,3,A,-,08,22103,,N,C,C,A,A,H,-,C,D,0,,,,,Y,Y,A,01,0,0,2,0,0,0,0,0,0,"- ","- ",,,"SAN DIEGO",VISTA,-117.27951049804688,33.193977355957031
9285462,2021,2021-09-01,3700,2021-06-16,2150,SH3183,,3,5,5,3713,0,0,0,,0,303,"EAST VISTA WY","TAYLOR ST",0.00,,Y,A,-,N,,,,,,,,,,N,4,0,2,2,A,-,01,23152,A,M,A,C,A,A,H,-,C,A,0,,,,,Y,Y,D,22,0,0,2,0,0,0,0,0,0,"- ","- ",,,"SAN DIEGO",VISTA,-117.22615051269531,33.227081298828125
9285817,2021,2021-07-06,3711,2021-06-17,0752,SD1328,,4,5,7,3711,0,0,0,,0,311,"W CANYON AV","BRIAR CT",0.00,,Y,B,-,N,,,,,,,,,,Y,3,0,1,2,A,-,03,22350,,N,C,E,A,A,H,-,A,D,0,,,,,Y,Y,A,01,0,1,0,0,0,0,0,0,0,"- ","- ",,,"SAN DIEGO","SAN DIEGO",-117.11827087402344,32.800102233886719
9285819,2021,2021-07-06,3711,2021-06-18,0148,SD7682,,5,5,7,3711,0,0,0,,0,627,"UPAS ST","UPAS ST 1650",0.00,,-,A,-,N,,,,,,,,,,Y,4,0,1,2,A,-,08,22107,,N,C,E,A,A,H,-,C,B,0,,,,,Y,Y,A,01,0,0,1,0,0,0,0,0,0,"- ","- ",,,"SAN DIEGO","SAN DIEGO",-117.16400909423828,32.740802764892578
9285820,2021,2021-07-15,3711,2021-06-15,1855,SD7169,,2,5,7,3711,0,0,0,,0,242,"MERCY RD","RT 15",0.00,,Y,A,-,Y,SD,11,15,-,M,17.144,R,4,S,N,3,0,2,2,A,-,09,21453,C,N,D,C,A,A,H,-,A,A,0,,,,,Y,Y,A,01,0,1,1,0,0,0,0,0,0,"- ","- ",,,"SAN DIEGO","SAN DIEGO",-117.11223602294922,32.93438720703125
9286124,2021,2021-07-12,3711,2021-06-16,1850,SD1301,,3,5,7,3711,0,0,0,,0,315,"FRIARS RD","RT 15",0.00,,-,A,-,Y,SD,11,15,-,R,6.823,R,4,S,N,3,0,1,2,A,-,08,22107,,N,D,C,A,A,H,-,A,-,0,,,,,Y,Y,A,01,0,1,0,0,0,0,0,0,0,"- ",SF,,,"SAN DIEGO","SAN DIEGO",-117.11406707763672,32.78863525390625
9286239,2021,2021-07-15,3700,2021-05-09,0317,SH2474,,7,5,5,3781,0,0,0,,0,516,"MISSIONG GORGE RD","RT 125",0.00,,Y,A,-,Y,SD,11,125,-,-,22.301,I,6,N,Y,3,0,1,1,A,-,01,23152,A,N,A,I,A,A,H,-,C,A,0,,,,,Y,Y,A,01,0,1,0,0,0,0,0,0,0,"- ","- ",,,"SAN DIEGO",SANTEE,-117.00318145751953,32.838596343994141
9286385,2021,2021-07-21,3711,2021-04-27,1544,SD6366,,2,5,7,3711,0,0,0,,0,235,"RT 78","SAFARI PK",16.00,W,N,A,-,Y,SD,11,78,-,-,24.023,I,5,W,Y,2,0,4,2,A,-,09,21801,A,F,A,C,A,A,H,-,-,D,0,,,,,Y,Y,A,01,1,3,0,0,0,0,0,0,0,"- ","- ",,,"SAN DIEGO","SAN DIEGO",-117.00252532958984,33.094322204589844
9287420,2021,2021-07-28,3711,2021-06-28,2238,SD1469,,1,5,7,3711,0,0,0,,0,515,"26TH ST","MARKET ST",0.00,,Y,A,-,N,,,,,,,,,,Y,4,0,1,2,B,-,22,,,M,C,C,A,A,H,-,C,A,0,,,,,Y,Y,A,01,0,0,1,0,0,0,0,0,0,"- ","- ",,,"SAN DIEGO","SAN DIEGO",-117.13815307617188,32.711616516113281
9287444,2021,2021-07-22,3711,2021-05-20,1200,SD8695,,4,5,7,3711,0,0,0,,0,121,"MISSION BL","MISSION BL 2800",0.00,,Y,A,-,N,,,,,,,,,,N,3,0,1,2,A,-,17,21663,,M,A,B,F,A,H,-,C,A,0,Y,,,,Y,Y,-,99,0,1,0,0,1,0,0,0,0,"- ","- ",,,"SAN DIEGO","SAN DIEGO",,
9287630,2021,2021-08-02,3711,2021-07-14,2314,SD1512,,3,5,7,3711,0,0,0,,0,612,"LYTTON ST","TRUXTON RD",0.00,,Y,A,-,N,,,,,,,,,,N,3,0,1,2,A,-,11,21954,A,N,G,B,D,A,H,-,C,A,0,Y,,,,Y,Y,N,60,0,1,0,0,1,0,0,0,0,"- ","- ",,,"SAN DIEGO","SAN DIEGO",-117.20954895019531,32.742565155029297
9287980,2021,2021-08-09,3705,2021-06-30,0649,EC0328,,3,5,5,3705,0,0,0,,0,003,DEHESA,"GRANITE HILLS DR",398.00,E,N,A,-,N,,,,,,,,,,Y,4,0,1,1,A,-,01,23152,B,N,E,I,A,A,H,-,A,D,0,,,,,Y,Y,A,01,0,0,1,0,0,0,0,0,0,"- ","- ",,,"SAN DIEGO","EL CAJON",-116.91648864746094,32.787578582763672
9287985,2021,2021-08-17,3711,2021-07-23,2156,SD1082,,5,5,7,3711,0,0,0,,0,452,"S 65TH","S 65TH  723",0.00,,Y,-,-,N,,,,,,,,,,Y,4,0,1,2,A,-,01,23152,A,N,-,-,A,-,-,-,-,-,0,,,,,Y,Y,A,01,0,0,1,0,0,0,0,0,0,"- ","- ",,,"SAN DIEGO","SAN DIEGO",-117.05800628662109,32.705089569091797
9287991,2021,2021-08-17,3711,2021-07-24,0149,SD7174,,6,5,7,3711,0,0,0,,0,524,"1ST AV","A ST",0.00,,Y,A,-,N,,,,,,,,,,Y,4,0,2,2,A,-,17,21657,,N,A,C,A,A,H,-,-,A,0,,,,,Y,Y,A,01,0,0,2,0,0,0,0,0,0,"- ","- ",,,"SAN DIEGO","SAN DIEGO",-117.16384124755859,32.718833923339844
9289089,2021,2021-07-23,3700,2021-06-27,0545,,,7,5,5,3712,0,0,0,,0,349,"SAN ELIJO RD","ECLIPSE DR",83.00,E,N,A,-,N,,,,,,,,,,Y,3,0,1,1,A,-,01,23152,A,N,E,I,A,A,H,-,B,A,0,,,,,Y,Y,-,,0,1,0,0,0,0,0,0,0,"- ","- ",,,"SAN DIEGO","SAN MARCOS",-117.18106842041016,33.102138519287109
9289325,2021,2021-07-22,3700,2021-06-27,0623,SD1509,,7,5,4,3720,0,0,0,,0,433,"69TH ST","TARBOX ST",0.00,,Y,A,-,N,,,,,,,,,,N,3,0,1,1,A,-,08,22107,,N,E,I,A,A,H,-,A,D,0,,,,,Y,Y,A,01,0,1,0,0,0,0,0,0,0,"- ","- ",,,"SAN DIEGO","LEMON GROVE",-117.04933929443359,32.721508026123047
9289330,2021,2021-07-19,3711,2021-06-28,0855,SD7964,,1,5,7,3711,0,0,0,,0,721,"PALM AV","SATURN BL",0.00,,Y,A,-,N,,,,,,,,,,Y,4,0,3,4,B,-,22,,,M,C,C,A,A,H,-,A,A,0,,,,,Y,Y,-,99,0,0,3,0,0,0,0,0,0,"- ","- ",,,"SAN DIEGO","SAN DIEGO",-117.09262847900391,32.583744049072266
9289356,2021,2021-07-28,3711,2021-06-30,0647,SD7955,,3,5,7,3711,0,0,0,,0,626,"PRINGLE ST","TITUS ST",0.00,,Y,A,-,N,,,,,,,,,,Y,4,0,1,1,A,-,03,22350,,M,A,I,A,A,G,-,A,D,0,,,,,Y,Y,A,01,0,0,1,0,0,0,0,0,0,"- ","- ",,,"SAN DIEGO","SAN DIEGO",-117.1827392578125,32.74468994140625
9289358,2021,2021-07-28,3711,2021-06-27,0950,SD7824,,7,5,7,3711,0,0,0,,0,123,"INGRAHAM ST","VACATION RD",450.00,N,N,A,-,N,,,,,,,,,,N,3,0,1,2,A,-,17,22109,,M,C,C,A,A,H,-,A,D,0,,,,,Y,Y,-,,0,1,0,0,0,0,0,0,0,"- ","- ",,,"SAN DIEGO","SAN DIEGO",-117.23554229736328,32.776187896728516
9289563,2021,2021-08-20,3711,2021-07-03,0303,SD8684,,6,5,7,3711,0,0,0,,0,122,"INGRAHAM ST","GRAND AV",0.00,,Y,B,-,N,,,,,,,,,,N,3,0,4,2,A,-,03,22350,,N,B,J,A,A,H,-,C,D,0,,,,,Y,Y,-,,0,1,3,0,0,0,0,0,0,"- ","- ",,,"SAN DIEGO","SAN DIEGO",-117.24028015136719,32.797927856445312
9289570,2021,2021-08-20,3711,2021-07-06,0844,SD1086,,2,5,7,3711,0,0,0,,0,122`,"GARNET AV","FANUEL ST",53.00,E,N,A,-,N,,,,,,,,,,N,4,0,1,1,A,-,17,21235,G,N,-,I,A,A,H,-,A,D,0,,,Y,,Y,Y,C,03,0,0,1,0,0,0,0,0,1,"- ","- ",,,"SAN DIEGO","SAN DIEGO",-117.24619293212891,32.798591613769531
9289576,2021,2021-08-20,3711,2021-07-01,0112,SD6882,,4,5,7,3711,0,0,0,,0,121,"MISSION BL","REDONDO CT",0.00,,Y,A,-,N,,,,,,,,,,N,3,0,1,2,A,-,08,38314,,N,D,E,A,A,H,-,C,A,0,,Y,,,Y,Y,L,04,0,1,0,0,0,0,1,0,0,"- ","- ",,,"SAN DIEGO","SAN DIEGO",-117.25276184082031,32.784038543701172
9289603,2021,2021-07-27,3711,2021-06-29,1550,SD7957,,2,5,7,3711,0,0,0,,0,813,"MADISON AV","ARIZONA ST",0.00,,Y,A,B,N,,,,,,,,,,N,4,0,1,2,A,-,09,21801,A,M,D,C,A,A,H,-,A,D,0,,,,,Y,Y,A,01,0,0,1,0,0,0,0,0,0,"- ","- ",,,"SAN DIEGO","SAN DIEGO",-117.13762664794922,32.760990142822266
9289615,2021,2021-07-27,3711,2021-06-08,1839,SD7399,,2,5,7,3711,0,0,0,,0,613,"VOLTAIRE ST","WORDEN ST",0.00,,Y,A,-,N,,,,,,,,,,N,4,0,2,2,A,-,12,22450,A,N,B,D,A,A,H,-,A,D,0,,,Y,,Y,Y,C,02,0,0,2,0,0,0,0,0,1,"- ","- ",,,"SAN DIEGO","SAN DIEGO",-117.23030853271484,32.740936279296875
9289618,2021,2021-08-11,3711,2021-06-26,2320,SD1333,,6,5,7,3711,0,0,0,,0,122,"CHALCEDONY ST","CHALCEDONY ST 1100",0.00,,N,B,-,N,,,,,,,,,,N,3,0,1,2,A,-,08,22107,,N,C,E,A,A,H,-,D,D,0,,,,,Y,Y,M,94,0,1,0,0,0,0,0,0,0,"- ","- ",,,"SAN DIEGO","SAN DIEGO",,
9289913,2021,2021-08-27,3710,2021-07-09,0153,OC1506,,5,5,6,3710,0,0,0,,0,034,"OLD GROVE RD","OCEAN RANCH BL",0.00,,Y,A,-,N,,,,,,,,,,Y,3,0,1,1,A,-,01,23152,A,N,E,I,A,A,H,-,C,A,0,,,,Y,Y,Y,F,26,0,1,0,0,0,0,0,0,0,"- ","- ",,,"SAN DIEGO",OCEANSIDE,-117.29683685302734,33.218784332275391
9290213,2021,2021-08-20,3709,2021-07-11,1406,NC0514,,7,5,5,3709,0,0,0,,0,024,"HIGHLAND AV","E 23RD ST",0.00,,Y,A,-,N,,,,,,,,,,N,3,0,1,4,A,-,05,21460,A,F,D,C,A,A,H,-,A,D,0,,,,,Y,Y,A,01,0,1,0,0,0,0,0,0,0,"- ","- ",,,"SAN DIEGO","NATIONAL CITY",-117.09368133544922,32.665195465087891
9290339,2021,2021-09-03,3711,2021-07-13,1727,SD1065,,2,5,7,3711,0,0,0,,0,511,"BOSTON AV",27TH,0.00,,Y,A,-,N,,,,,,,,,,Y,3,0,2,3,A,-,01,23152,A,N,C,C,A,A,H,-,A,D,0,,,,Y,Y,Y,A,01,0,1,1,0,0,0,0,0,0,"- ","- ",,,"SAN DIEGO","SAN DIEGO",-117.13593292236328,32.693832397460938
9290383,2021,2021-08-25,3710,2021-07-17,2232,OC1435,,6,5,6,3710,0,0,0,,0,011,"MISSION AV","FOUSSAT RD",43.00,W,N,A,-,N,,,,,,,,,,Y,3,0,2,2,A,-,01,23153,A,N,C,C,A,A,H,-,C,A,0,,,,,Y,Y,D,22,0,1,1,0,0,0,0,0,0,"- ","- ",,,"SAN DIEGO",OCEANSIDE,-117.34327697753906,33.216762542724609
9290466,2021,2021-08-21,3711,2021-07-14,2330,SD6976,,3,5,7,3711,0,0,0,,0,615,"SCOTT ST","NORTH HARBOR DR",0.00,,Y,A,-,N,,,,,,,,,,N,4,0,1,1,A,-,08,38314,,N,E,I,A,A,H,-,C,A,0,,,,,Y,Y,A,01,0,0,1,0,0,0,0,0,0,"- ","- ",,,"SAN DIEGO","SAN DIEGO",-117.22679901123047,32.725620269775391
9290474,2021,2021-08-21,3711,2021-07-14,1143,SD1328,,3,5,7,3711,0,0,0,,0,313,"ENGINEER RD","ENGINEER DR 7830",0.00,,Y,A,-,N,,,,,,,,,,N,3,0,2,2,A,-,03,22350,,N,B,C,A,A,H,-,A,D,0,,,,,Y,Y,A,01,0,2,0,0,0,0,0,0,0,"- ","- ",,,"SAN DIEGO","SAN DIEGO",,
9290582,2021,2021-08-06,3708,2021-06-26,1224,LM1265,,6,5,5,3708,0,0,0,,0,001,"SPRING ST","GATESIDE RD",0.00,,Y,A,-,N,,,,,,,,,,Y,4,0,1,2,A,-,01,23153,A,F,C,C,A,A,H,-,A,A,0,,,,,Y,Y,A,01,0,0,1,0,0,0,0,0,0,"- ","- ",,,"SAN DIEGO","LA MESA",-117.01445007324219,32.755573272705078