CASE_ID,ACCIDENT_YEAR,PROC_DATE,JURIS,COLLISION_DATE,COLLISION_TIME,OFFICER_ID,REPORTING_DISTRICT,DAY_OF_WEEK,CHP_SHIFT,POPULATION,CNTY_CITY_LOC,SPECIAL_COND,BEAT_TYPE,CHP_BEAT_TYPE,CITY_DIVISION_LAPD,CHP_BEAT_CLASS,BEAT_NUMBER,PRIMARY_RD,SECONDARY_RD,DISTANCE,DIRECTION,INTERSECTION,WEATHER_1,WEATHER_2,STATE_HWY_IND,CALTRANS_COUNTY,CALTRANS_DISTRICT,STATE_ROUTE,ROUTE_SUFFIX,POSTMILE_PREFIX,POSTMILE,LOCATION_TYPE,RAMP_INTERSECTION,SIDE_OF_HWY,TOW_AWAY,COLLISION_SEVERITY,NUMBER_KILLED,NUMBER_INJURED,PARTY_COUNT,PRIMARY_COLL_FACTOR,PCF_CODE_OF_VIOL,PCF_VIOL_CATEGORY,PCF_VIOLATION,PCF_VIOL_SUBSECTION,HIT_AND_RUN,TYPE_OF_COLLISION,MVIW,PED_ACTION,ROAD_SURFACE,ROAD_COND_1,ROAD_COND_2,LIGHTING,CONTROL_DEVICE,CHP_ROAD_TYPE,PEDESTRIAN_ACCIDENT,BICYCLE_ACCIDENT,MOTORCYCLE_ACCIDENT,TRUCK_ACCIDENT,NOT_PRIVATE_PROPERTY,ALCOHOL_INVOLVED,STWD_VEHTYPE_AT_FAULT,CHP_VEHTYPE_AT_FAULT,COUNT_SEVERE_INJ,COUNT_VISIBLE_INJ,COUNT_COMPLAINT_PAIN,COUNT_PED_KILLED,COUNT_PED_INJURED,COUNT_BICYCLIST_KILLED,COUNT_BICYCLIST_INJURED,COUNT_MC_KILLED,COUNT_MC_INJURED,PRIMARY_RAMP,SECONDARY_RAMP,LATITUDE,LONGITUDE,COUNTY,CITY,POINT_X,POINT_Y
9353757,2021,2021-12-23,3709,2021-09-09,1845,CV1228,,4,5,5,3709,0,0,0,,0,200,"PLAZA BONITA RD","BONITA RD",624.00,N,N,B,-,N,,,,,,,,,,N,4,0,1,2,A,-,09,21801,A,N,D,G,A,A,H,-,B,D,0,,Y,,,Y,Y,A,01,0,0,1,0,0,0,1,0,0,"- ","- ",,,"SAN DIEGO","NATIONAL CITY",-117.05989837646484,32.648147583007812
9354349,2021,2021-11-10,3702,2021-09-06,1820,CV1275,,1,5,6,3702,0,0,0,,0,013,"3RD AV","K ST",329.00,N,N,A,-,N,,,,,,,,,,N,4,0,1,2,B,-,22,,,M,G,B,F,A,H,-,A,D,0,Y,,Y,,Y,Y,C,06,0,0,1,0,1,0,0,0,0,"- ","- ",,,"SAN DIEGO","CHULA VISTA",-117.07347869873047,32.624893188476562
9354362,2021,2021-12-14,3702,2021-10-02,2310,CV1212,,6,5,6,3702,0,0,0,,0,024,"MAIN ST","MAXWELL RD",72.00,W,N,A,-,N,,,,,,,,,,Y,3,0,2,3,A,-,22,23123,A,N,C,C,A,A,H,-,C,D,0,,,,,Y,Y,A,01,0,1,1,0,0,0,0,0,0,"- ","- ",,,"SAN DIEGO","CHULA VISTA",-117.01966094970703,32.593818664550781
9354564,2021,2021-10-27,3711,2021-05-24,0900,SD1204,,1,5,7,3711,0,0,0,,0,611,"TRUXTUN RD","FARRAGUT RD",0.00,,Y,A,-,N,,,,,,,,,,N,4,0,1,2,A,-,10,21954,B,N,G,B,D,A,H,-,A,D,0,Y,,,,Y,Y,A,01,0,0,1,0,1,0,0,0,0,"- ","- ",,,"SAN DIEGO","SAN DIEGO",-117.21961212158203,32.733970642089844
9354832,2021,2021-12-06,3711,2021-10-28,0224,SD1481,,4,5,7,3711,0,0,0,,0,531,"PERSHING DR","26TH ST",0.00,,N,A,-,N,,,,,,,,,,Y,3,0,1,1,A,-,01,23152,A,N,E,I,A,A,H,-,C,A,0,,,,,Y,Y,A,01,0,1,0,0,0,0,0,0,0,"- ","- ",,,"SAN DIEGO","SAN DIEGO",-117.14261627197266,32.722721099853516
9354833,2021,2021-11-20,3711,2021-10-28,0024,SD7359,,4,5,7,3711,0,0,0,,0,326,MONTEZUMA,"CAMPANILE DR",0.00,,Y,A,-,N,,,,,,,,,,N,2,0,2,1,A,-,17,21235,E,N,H,J,A,A,H,-,C,A,0,,,,,Y,Y,-,,1,1,0,0,0,0,0,0,0,"- ","- ",,,"SAN DIEGO","SAN DIEGO",-117.07192230224609,32.770709991455078
9354844,2021,2021-12-24,3711,2021-10-26,1811,SD7763,,2,5,7,3711,0,0,0,,0,124,"LA JOLLA BL","CAMINO DE LA COSTA",106.00,S,N,A,-,N,,,,,,,,,,N,3,0,1,2,A,-,08,22107,,N,D,G,A,A,H,-,A,D,0,,Y,,,Y,Y,A,01,0,1,0,0,0,0,1,0,0,"- ","- ",,,"SAN DIEGO","SAN DIEGO",-117.27164459228516,32.817264556884766
9355297,2021,2021-11-08,3700,2021-10-16,1440,SH7085,,6,5,5,3713,0,0,0,,0,318,"WATSON WY","SHADOWRIDGE DR",108.00,S,N,A,-,N,,,,,,,,,,Y,3,0,1,2,A,-,01,23152,A,N,A,C,A,A,H,-,A,A,0,,,,,Y,Y,A,01,0,1,0,0,0,0,0,0,0,"- ","- ",,,"SAN DIEGO",VISTA,-117.22225189208984,33.166118621826172
9355298,2021,2021-11-08,3700,2021-10-19,1450,SH0113,,2,5,5,3713,0,0,0,,0,308,"OLIVE AV","MELROSE DR",644.00,W,N,A,-,N,,,,,,,,,,Y,3,0,1,2,A,-,01,23152,A,F,D,A,A,A,H,-,A,D,0,,,,,Y,Y,A,01,0,1,0,0,0,0,0,0,0,"- ","- ",,,"SAN DIEGO",VISTA,-117.25635528564453,33.204689025878906
9355543,2021,2021-11-16,3709,2021-10-02,1709,NC0524,,6,5,5,3709,0,0,0,,0,020,"DIVISION ST","OSBORN ST",0.00,,Y,A,-,N,,,,,,,,,,Y,4,0,2,2,A,-,01,23152,A,N,D,C,A,A,H,-,A,A,0,,,,,Y,Y,A,01,0,0,2,0,0,0,0,0,0,"- ","- ",,,"SAN DIEGO","NATIONAL CITY",-117.10962677001953,32.682727813720703
9355774,2021,2021-11-08,3700,2021-10-15,1932,SD7794,,5,5,2,3704,0,0,0,,0,933,"DEL MAR HEIGHTS RD","DEL MAR HEIGHTS RD 2500",0.00,,-,A,-,N,,,,,,,,,,N,4,0,3,2,A,-,03,22350,,N,C,E,A,A,H,-,C,A,0,,,,,Y,Y,A,01,0,0,3,0,0,0,0,0,0,"- ","- ",,,"SAN DIEGO","DEL MAR",,
9355794,2021,2021-11-08,3703,2021-10-17,0006,1118,3,7,5,3,3703,0,0,0,,0,003,"SILVER STRAND BL","CORONADO BAY RD",22.00,N,N,A,-,Y,SD,11,75,-,-,14.330,H,-,N,N,3,0,1,2,A,-,09,21453,B,N,C,C,A,A,H,-,-,A,0,,,,,Y,Y,A,01,0,1,0,0,0,0,0,0,0,"- ","- ",32.630298614501953,-117.13947296142578,"SAN DIEGO",CORONADO,-117.13932037353516,32.629814147949219
9355895,2021,2021-11-05,3711,2021-10-23,0154,SD7237,,6,5,7,3711,0,0,0,,0,122,"INGRAHAM ST","GARNET AV",0.00,,Y,A,-,N,,,,,,,,,,N,3,0,1,2,C,-,18,,,M,A,B,D,A,H,-,C,A,0,Y,,,,Y,Y,-,"- ",0,1,0,0,1,0,0,0,0,"- ","- ",,,"SAN DIEGO","SAN DIEGO",-117.24083709716797,32.799762725830078
9356004,2021,2021-10-29,3711,2021-10-15,0807,SD7645,,5,5,7,3711,0,0,0,,0,614,"WEST POINT LOMA BL","NIMITZ BL",0.00,,Y,A,-,N,,,,,,,,,,N,3,0,1,2,D,-,00,,,N,B,G,A,A,H,-,A,B,0,,Y,,,Y,Y,-,"- ",0,1,0,0,0,0,1,0,0,"- ","- ",,,"SAN DIEGO","SAN DIEGO",-117.23612213134766,32.751243591308594
9356263,2021,2021-11-02,3708,2021-09-11,2211,LM1158,,6,5,5,3708,0,0,0,,0,003,"LAKE MURRAY BL","DALLAS ST",130.00,S,N,A,-,N,,,,,,,,,,Y,2,0,1,1,A,-,01,23152,A,N,E,I,A,A,H,-,C,A,0,,,,,Y,Y,A,01,1,0,0,0,0,0,0,0,0,"- ","- ",,,"SAN DIEGO","LA MESA",-117.02090454101562,32.7906494140625
9356871,2021,2021-11-06,3700,2021-10-03,1640,SH0817,,7,5,5,3712,0,0,0,,0,352,"WOODWARD ST","MULBERRY DR",45.00,W,N,A,-,N,,,,,,,,,,Y,3,0,1,1,A,-,01,23152,A,N,E,I,A,A,H,-,A,A,0,,,,,Y,Y,D,22,0,1,0,0,0,0,0,0,0,"- ","- ",,,"SAN DIEGO","SAN MARCOS",-117.15187835693359,33.16607666015625
9356995,2021,2021-11-05,3705,2021-08-28,1830,EC0399,,6,5,5,3705,0,0,0,,0,002,"EAST MAIN ST","S ANZA",0.00,,Y,A,-,N,,,,,,,,,,Y,4,0,1,2,A,-,01,23152,B,M,B,E,A,A,H,-,A,A,0,,,,,Y,Y,A,01,0,0,1,0,0,0,0,0,0,"- ","- ",,,"SAN DIEGO","EL CAJON",-116.94818878173828,32.794948577880859
9357323,2021,2021-12-06,3710,2021-10-25,1709,OC1153,,1,5,6,3710,0,0,0,,0,009,"SOUTH COAST HWY","VISTA WY",435.00,S,N,B,-,N,,,,,,,,,,Y,4,0,1,2,A,-,03,22350,,F,C,C,A,B,H,-,A,A,0,,,,,Y,Y,A,01,0,0,1,0,0,0,0,0,0,"- ","- ",,,"SAN DIEGO",OCEANSIDE,-117.35874176025391,33.171108245849609
9359105,2021,2021-11-16,3700,2021-08-06,0122,3183,,5,5,5,3713,0,0,0,,0,307,"EAST VISTA WY","TOWNSITE DR",0.00,,Y,A,-,N,,,,,,,,,,Y,2,0,3,2,A,-,12,21453,A,N,D,C,A,A,H,-,C,A,0,,,Y,,Y,Y,C,02,1,0,2,0,0,0,0,0,1,"- ","- ",,,"SAN DIEGO",VISTA,-117.23509979248047,33.209495544433594
9359216,2021,2021-12-02,3711,2021-10-28,1902,SD1556,,4,5,7,3711,0,0,0,,0,615,"ROSECRANS ST",DICKENS,0.00,,Y,A,-,N,,,,,,,,,,N,3,0,1,2,A,-,10,21950,A,N,G,B,D,A,H,-,C,D,0,Y,,,,Y,Y,N,60,0,1,0,0,1,0,0,0,0,"- ","- ",,,"SAN DIEGO","SAN DIEGO",-117.22994232177734,32.723785400390625
9359217,2021,2021-12-02,3711,2021-10-28,1900,SD8377,,4,5,7,3711,0,0,0,,0,514,"24TH ST","MARKET ST",126.00,N,N,A,-,N,,,,,,,,,,N,4,0,1,2,C,-,18,,,N,G,B,E,A,H,-,C,D,0,Y,,,,Y,Y,-,"- ",0,0,1,0,1,0,0,0,0,"- ","- ",,,"SAN DIEGO","SAN DIEGO",-117.14244842529297,32.711925506591797
9359232,2021,2021-12-08,3711,2021-10-24,1318,SD6805,,7,5,7,3711,0,0,0,,0,243,"MIRALANI DR","CAMINO REAL",39.00,E,N,A,-,N,,,,,,,,,,N,3,0,1,2,A,-,08,22107,,N,-,-,A,A,H,-,A,-,0,,,,,Y,Y,A,01,0,1,0,0,0,0,0,0,0,"- ","- ",,,"SAN DIEGO","SAN DIEGO",,
9360282,2021,2021-11-19,3702,2021-10-15,1645,CV1254,,5,5,6,3702,0,0,0,,0,041,"TELEGRAPH CANYON RD","PASEO RANCHERO",40.00,W,N,A,-,N,,,,,,,,,,N,3,0,2,2,A,-,01,23153,A,F,C,C,A,A,H,-,A,A,0,,,,,Y,Y,D,22,0,1,1,0,0,0,0,0,0,"- ","- ",,,"SAN DIEGO","CHULA VISTA",-117.00833892822266,32.625537872314453
9360337,2021,2021-11-23,3702,2021-10-09,0045,CV1212,,6,5,6,3702,0,0,0,,0,024,"ORANGE AV","3RD AV",45.00,E,N,A,-,N,,,,,,,,,,Y,4,0,2,1,A,-,01,23153,A,N,E,I,A,A,H,-,C,A,0,,,,,Y,Y,A,01,0,0,2,0,0,0,0,0,0,"- ","- ",,,"SAN DIEGO","CHULA VISTA",-117.06435394287109,32.601806640625
9360342,2021,2021-11-23,3710,2021-10-30,1830,OC0835,,6,5,6,3710,0,0,0,,0,028,"OCEANSIDE BL","TEMPLE HEIGHTS DR",1510.00,E,N,A,-,N,,,,,,,,,,Y,2,0,3,2,A,-,01,23152,A,N,A,C,A,A,H,-,C,D,0,,,,,Y,Y,A,01,1,1,1,0,0,0,0,0,0,"- ","- ",,,"SAN DIEGO",OCEANSIDE,-117.26682281494141,33.219264984130859
9360344,2021,2021-11-24,3710,2021-10-28,1823,OC1480,,4,5,6,3710,0,0,0,,0,011,"MISSION AV","SAN DIEGO ST",420.00,W,N,A,-,N,,,,,,,,,,N,4,0,1,2,A,-,03,22350,,F,B,C,A,A,H,-,B,D,0,,,,,Y,Y,A,01,0,0,1,0,0,0,0,0,0,"- ","- ",,,"SAN DIEGO",OCEANSIDE,-117.3702392578125,33.201183319091797
9360459,2021,2021-12-28,3711,2021-11-07,1537,SD1239,,7,5,7,3711,0,0,0,,0,541,"13TH ST","IMPERIAL AV",0.00,,Y,A,-,N,,,,,,,,,,N,4,0,1,2,A,-,10,21950,A,N,H,G,A,A,H,-,A,A,0,,,,,Y,Y,-,,0,0,1,0,0,0,0,0,0,"- ","- ",,,"SAN DIEGO","SAN DIEGO",,
9360465,2021,2021-12-23,3709,2021-11-01,0127,NC0495,,1,5,5,3709,0,0,0,,0,020,"DIVISION ST","FLOWER ST",0.00,,-,A,-,N,,,,,,,,,,Y,4,0,1,1,A,-,01,23152,A,N,E,I,A,A,H,-,C,-,0,,,,,Y,Y,A,01,0,0,1,0,0,0,0,0,0,"- ","- ",,,"SAN DIEGO","NATIONAL CITY",-117.10477447509766,32.684040069580078
9360479,2021,2021-12-23,3711,2021-11-07,1433,SD6859,,7,5,7,3711,0,0,0,,0,512,"S 30TH ST","CLAY AV",0.00,,Y,A,-,N,,,,,,,,,,Y,4,0,1,2,A,-,12,22450,A,N,D,C,A,A,H,-,A,D,0,,,,,Y,Y,A,01,0,0,1,0,0,0,0,0,0,"- ","- ",,,"SAN DIEGO","SAN DIEGO",-117.1295166015625,32.7032470703125
9360512,2021,2021-11-24,3702,2021-10-09,1841,CV1238,,6,5,6,3702,0,0,0,,0,024,BROADWAY,"MAIN ST",200.00,S,N,A,-,N,,,,,,,,,,N,4,0,1,2,A,-,11,21954,A,N,G,B,E,A,H,-,B,D,0,Y,,,,Y,Y,N,60,0,0,1,0,1,0,0,0,0,"- ","- ",,,"SAN DIEGO","CHULA VISTA",-117.07501983642578,32.594276428222656
9360520,2021,2021-11-29,3702,2021-10-08,0239,CV1388,,5,5,6,3702,0,0,0,,0,011,BROADWAY,"F ST",450.00,N,N,C,-,N,,,,,,,,,,Y,4,0,1,1,A,-,01,23152,A,N,F,A,A,B,G,-,C,D,0,,,Y,,Y,Y,C,02,0,0,1,0,0,0,0,0,1,"- ","- ",,,"SAN DIEGO","CHULA VISTA",-117.09261322021484,32.639015197753906
9360635,2021,2021-12-15,3711,2021-11-09,1153,SD6532,,2,5,7,3711,0,0,0,,0,232,"RANCHO CARMEL DR","SHOAL CREEK DR",0.00,,N,A,-,N,,,,,,,,,,Y,3,0,1,2,A,-,08,22107,,N,G,B,F,A,H,-,A,D,0,Y,,,,Y,Y,D,22,0,1,0,0,1,0,0,0,0,"- ","- ",,,"SAN DIEGO","SAN DIEGO",-117.08563232421875,32.9716796875
9360636,2021,2021-12-21,3711,2021-11-09,1343,SD7959,,2,5,7,3711,0,0,0,,0,521,"17TH ST","C ST",0.00,,Y,A,-,Y,SD,11,5,-,R,15.155,R,4,S,N,3,0,2,2,A,-,09,21802,A,N,D,C,A,A,H,-,A,-,0,,,,,Y,Y,A,01,0,1,1,0,0,0,0,0,0,"- ","- ",,,"SAN DIEGO","SAN DIEGO",-117.14777374267578,32.715381622314453
9360702,2021,2021-12-23,3711,2021-11-08,1305,SD7839,,1,5,7,3711,0,0,0,,0,121,"MISSION BAY DR","MARINERS WY",0.00,,Y,A,-,N,,,,,,,,,,Y,3,0,2,3,A,-,08,22107,,F,B,G,A,A,H,-,A,A,0,,Y,,,Y,Y,A,01,0,1,1,0,0,0,2,0,0,"- ","- ",,,"SAN DIEGO","SAN DIEGO",-117.24691772460938,32.77117919921875
9360758,2021,2021-11-18,3700,2021-09-25,2145,SH0169,,6,5,4,3720,0,0,0,,0,603,"SWEETWATER RD",BROADWAY,797.00,S,N,A,-,N,,,,,,,,,,Y,4,0,1,1,A,-,01,23152,A,N,E,I,A,A,H,-,C,D,0,,,,,Y,Y,A,01,0,0,1,0,0,0,0,0,0,"- ","- ",,,"SAN DIEGO","LEMON GROVE",-117.01787567138672,32.743762969970703
9360992,2021,2021-11-22,3711,2021-11-12,0104,SD7412,,5,5,7,3711,0,0,0,,0,242,"CALLE CRISTOBAL","CAMINO RUIZ",0.00,,Y,A,-,N,,,,,,,,,,Y,3,0,1,3,A,-,08,22107,,N,A,I,A,A,H,-,C,A,0,,,,,Y,Y,A,01,0,1,0,0,0,0,0,0,0,"- ","- ",,,"SAN DIEGO","SAN DIEGO",-117.14469909667969,32.931964874267578
9361149,2021,2021-12-22,3711,2021-11-15,2053,SD8661,,1,5,7,3711,0,0,0,,0,528,"WEST ASH ST","KETTNER BL",6.00,E,N,A,-,N,,,,,,,,,,Y,3,0,2,1,A,-,17,21657,,M,E,I,A,A,H,-,C,D,0,,,,,Y,Y,A,01,0,2,0,0,0,0,0,0,0,"- ","- ",,,"SAN DIEGO","SAN DIEGO",-117.169189453125,32.719860076904297
9361206,2021,2021-12-27,3711,2021-11-13,1850,SD7124,,6,5,7,3711,0,0,0,,0,441,"OCEAN VIEW BL","S 36TH ST",0.00,,Y,A,-,N,,,,,,,,,,N,3,0,1,2,A,-,03,22350,,N,A,G,A,A,H,-,C,A,0,,Y,,,Y,Y,L,04,0,1,0,0,0,0,1,0,0,"- ","- ",,,"SAN DIEGO","SAN DIEGO",-117.11679077148438,32.701248168945312
9361207,2021,2021-12-27,3711,2021-11-13,2232,SD1574,,6,5,7,3711,0,0,0,,0,823,"STREAMVIEW DR","COLLEGE AV",0.00,,Y,A,-,N,,,,,,,,,,Y,2,0,2,3,A,-,03,22350,,N,A,C,A,A,H,-,C,A,0,,,,,Y,Y,A,01,1,0,1,0,0,0,0,0,0,"- ","- ",,,"SAN DIEGO","SAN DIEGO",-117.05876922607422,32.745510101318359
9361210,2021,2021-12-27,3711,2021-11-12,2238,SD7712,,5,5,7,3711,0,0,0,,0,825,"FAIRMOUNT AV","FAIRMOUNT AV 4500",0.00,,N,A,-,N,,,,,,,,,,Y,3,0,1,1,A,-,05,21651,A,N,E,I,A,A,H,-,D,D,0,,,,,Y,Y,A,01,0,1,0,0,0,0,0,0,0,"- ","- ",,,"SAN DIEGO","SAN DIEGO",-117.10155487060547,32.780197143554688
9361234,2021,2021-12-24,3711,2021-11-14,1927,SD8334,,7,5,7,3711,0,0,0,,0,446,"IMPERIAL AV","SOUTH 47TH ST",23.00,E,N,A,-,N,,,,,,,,,,Y,4,0,4,3,A,-,08,22107,,N,D,C,A,A,H,-,C,A,0,,,,,Y,Y,A,07,0,0,4,0,0,0,0,0,0,"- ","- ",,,"SAN DIEGO","SAN DIEGO",-117.0936279296875,32.704170227050781
9361519,2021,2021-11-16,3705,2021-10-29,1943,EC0394,,5,5,5,3705,0,0,0,,0,002,BROADWAY,"ORO ST",325.00,E,N,A,-,N,,,,,,,,,,Y,4,0,1,1,A,-,01,23152,A,N,A,I,A,A,H,-,C,D,0,,,,,Y,Y,A,01,0,0,1,0,0,0,0,0,0,"- ","- ",,,"SAN DIEGO","EL CAJON",-116.93907928466797,32.807708740234375
9361520,2021,2021-11-16,3705,2021-10-30,1221,EC0219,,6,5,5,3705,0,0,0,,0,002,BROADWAY,"N MOLLISON AV",125.00,E,N,A,-,N,,,,,,,,,,Y,3,0,1,2,A,-,01,23152,A,M,C,E,A,A,H,-,A,D,0,,,,,Y,Y,A,01,0,1,0,0,0,0,0,0,0,"- ","- ",,,"SAN DIEGO","EL CAJON",-116.9505615234375,32.807701110839844
9361815,2021,2021-11-29,3700,2021-10-26,2125,SH0141,,2,5,5,3712,0,0,0,,0,349,"SOUTH RANCHO SANTA FE RD","MELROSE DR",80.00,S,N,A,-,N,,,,,,,,,,Y,4,0,2,3,A,-,01,23152,A,N,D,C,A,A,H,-,C,A,0,,,,,Y,Y,A,01,0,0,2,0,0,0,0,0,0,"- ","- ",,,"SAN DIEGO","SAN MARCOS",-117.22539520263672,33.106891632080078
9362067,2021,2022-01-04,3700,2021-11-02,1828,SH1911,,2,5,5,3712,0,0,0,,0,352,"DEL ROY DR","NORTH TWIN OAKS VALLEY DR",8.00,E,N,A,-,N,,,,,,,,,,N,4,0,1,2,A,-,01,23153,A,N,G,B,B,A,H,-,D,A,0,Y,,,,Y,Y,A,01,0,0,1,0,1,0,0,0,0,"- ","- ",,,"SAN DIEGO","SAN MARCOS",-117.16099548339844,33.166217803955078
9362566,2021,2021-11-23,3711,2021-11-02,1110,SD1323,,2,5,7,3711,0,0,0,,0,445,"MARKET ST","UVAS ST",10.00,E,N,A,-,N,,,,,,,,,,Y,4,0,1,1,A,-,08,22107,,N,E,I,A,A,H,-,A,D,0,,,,,Y,Y,A,01,0,0,1,0,0,0,0,0,0,"- ","- ",,,"SAN DIEGO","SAN DIEGO",-117.09141540527344,32.710121154785156
9362740,2021,2021-11-29,3705,2021-06-02,0945,EC0328,,3,5,5,3705,0,0,0,,0,004,MAGNOLIA,MADISON,10.00,N,N,A,-,N,,,,,,,,,,N,4,0,1,2,A,-,03,22350,,M,D,C,A,A,H,-,A,A,0,,,,,Y,Y,A,01,0,0,1,0,0,0,0,0,0,"- ","- ",,,"SAN DIEGO","EL CAJON",-116.96235656738281,32.800895690917969
9363592,2021,2021-12-01,3709,2021-10-22,1742,NC0535,,5,5,5,3709,0,0,0,,0,023,"SWEETWATER RD","RING RD",0.00,,Y,A,-,N,,,,,,,,,,Y,4,0,1,2,A,-,08,22107,,N,E,I,A,A,H,-,A,D,0,,,,,Y,Y,-,"- ",0,0,1,0,0,0,0,0,0,"- ","- ",,,"SAN DIEGO","NATIONAL CITY",-117.06346130371094,32.658687591552734
9364030,2021,2021-12-29,3710,2021-11-13,1508,OC1443,,6,5,6,3710,0,0,0,,0,011,"CAREY RD","HILLSDALE RD",32.00,N,N,A,-,N,,,,,,,,,,Y,3,0,1,2,A,-,01,23152,A,N,C,E,A,A,H,-,A,D,0,,,,,Y,Y,A,01,0,1,0,0,0,0,0,0,0,"- ","- ",,,"SAN DIEGO",OCEANSIDE,-117.35940551757812,33.203887939453125
9364266,2021,2021-12-16,3710,2021-11-11,1911,OC1500,,4,5,6,3710,0,0,0,,0,008,"SOUTH COAST HWY","OCEANSIDE BL",827.00,N,N,A,-,N,,,,,,,,,,Y,4,0,1,3,A,-,08,22107,,N,B,E,A,A,H,-,C,D,0,,,,Y,Y,Y,-,,0,0,1,0,0,0,0,0,0,"- ","- ",,,"SAN DIEGO",OCEANSIDE,-117.37080383300781,33.185440063476562
9365378,2021,2021-12-09,3709,2021-10-31,0305,NC0490,,7,5,5,3709,0,0,0,,0,023,"EAST 16TH ST","Q AV",49.00,E,N,A,-,N,,,,,,,,,,Y,3,0,1,5,A,-,08,22107,,M,D,E,A,A,H,-,C,D,0,,,,,Y,Y,A,01,0,1,0,0,0,0,0,0,0,"- ","- ",,,"SAN DIEGO","NATIONAL CITY",-117.08667755126953,32.673843383789062
9365379,2021,2021-12-09,3709,2021-10-30,0148,NC0533,,6,5,5,3709,0,0,0,,0,021,"HIGHLAND AV","EAST PLAZA BL",0.00,,Y,A,-,N,,,,,,,,,,Y,4,0,1,4,A,-,01,23153,A,N,C,C,A,A,H,-,C,A,0,,,,,Y,Y,A,01,0,0,1,0,0,0,0,0,0,"- ","- ",,,"SAN DIEGO","NATIONAL CITY",-117.09810638427734,32.6763916015625
9366110,2021,2021-11-24,3709,2021-11-04,2124,NC0531,,4,5,5,3709,0,0,0,,0,021,"HIGHLAND AV","EAST 4TH ST",0.00,,Y,A,-,N,,,,,,,,,,Y,2,0,1,2,A,-,01,23152,A,N,D,C,A,A,H,-,C,A,0,,,Y,,Y,Y,D,22,1,0,0,0,0,0,0,0,1,"- ","- ",,,"SAN DIEGO","NATIONAL CITY",-117.10007476806641,32.681591033935547
9366491,2021,2021-12-15,3709,2021-11-04,1956,NC0494,,4,5,5,3709,0,0,0,,0,024,"MILE OF CARS WY","NATIONAL CITY BL",0.00,,Y,A,-,N,,,,,,,,,,Y,4,0,1,2,A,-,01,23152,A,N,C,C,A,A,H,-,C,A,0,,,,Y,Y,Y,A,01,0,0,1,0,0,0,0,0,0,"- ","- ",,,"SAN DIEGO","NATIONAL CITY",,
9366527,2021,2021-11-30,3708,2021-10-16,0238,LM1293,,6,5,5,3708,0,0,0,,0,001,"MARIAN ST",BOULEVARD,89.00,S,N,A,-,N,,,,,,,,,,Y,3,0,1,3,A,-,01,23152,B,N,B,E,A,A,H,-,C,D,0,,,,,Y,Y,A,01,0,1,0,0,0,0,0,0,0,"- ","- ",,,"SAN DIEGO","LA MESA",-117.04689788818359,32.754203796386719
9366529,2021,2021-11-30,3708,2021-10-22,2045,LM1295,,5,5,5,3708,0,0,0,,0,002,"BALTIMORE DR","FLETCHER PKWY",0.00,,Y,A,-,N,,,,,,,,,,Y,3,0,2,2,A,-,12,21453,A,F,C,C,A,A,H,-,C,A,0,,,,,Y,Y,-,,0,1,1,0,0,0,0,0,0,"- ","- ",,,"SAN DIEGO","LA MESA",-117.02743530273438,32.773868560791016
9366530,2021,2021-11-30,3708,2021-10-29,2001,LM1295,,5,5,5,3708,0,0,0,,0,0`2,"ALLISON AV","PINE ST",0.00,,Y,A,-,N,,,,,,,,,,N,2,0,1,2,A,-,01,23153,A,N,G,B,D,A,H,-,C,D,0,Y,,,,Y,Y,A,01,1,0,0,0,1,0,0,0,0,"- ","- ",,,"SAN DIEGO","LA MESA",-117.01753234863281,32.766056060791016
9366694,2021,2022-01-14,3705,2021-12-10,1038,EC0383,,5,5,5,3705,0,0,0,,0,003,"E WASHINGTON AV","SOUTH 2ND ST",35.00,E,N,A,-,N,,,,,,,,,,Y,4,0,2,2,A,-,01,23153,A,F,C,C,A,A,H,-,A,D,0,,,,,Y,Y,A,01,0,0,2,0,0,0,0,0,0,"- ","- ",,,"SAN DIEGO","EL CAJON",-116.93717956542969,32.787651062011719
9366700,2021,2022-02-10,3705,2021-12-10,1722,EC0383,,5,5,5,3705,0,0,0,,0,003,"N 3RD ST","NARANCA AV",184.00,N,N,A,-,N,,,,,,,,,,Y,3,0,1,2,A,-,01,23152,A,N,B,C,A,A,H,-,C,D,0,,,,,Y,Y,A,01,0,1,0,0,0,0,0,0,0,"- ","- ",,,"SAN DIEGO","EL CAJON",-116.92694091796875,32.804443359375
9366721,2021,2022-02-03,3708,2021-11-11,1527,LM8294,,4,5,5,3708,0,0,0,,0,003,"EL CAJON BL","WILLIAMS AV",17.00,E,N,A,-,N,,,,,,,,,,N,3,0,1,2,A,-,08,22107,,F,C,G,A,A,H,-,A,D,0,,Y,,,Y,Y,A,01,0,1,0,0,0,0,1,0,0,"- ","- ",,,"SAN DIEGO","LA MESA",-117.03704833984375,32.768524169921875
9366822,2021,2022-01-05,3705,2021-11-20,1512,EC0219,,6,5,5,3705,0,0,0,,0,001,"N JOHNSON AV","W MADISON AV",345.00,S,N,B,-,N,,,,,,,,,,Y,4,0,1,3,A,-,01,23152,A,N,E,I,A,A,H,-,A,D,0,,,,,Y,Y,A,07,0,0,1,0,0,0,0,0,0,"- ","- ",,,"SAN DIEGO","EL CAJON",-116.97103881835938,32.799434661865234
9366823,2021,2022-01-05,3705,2021-11-19,1044,EC0219,,5,5,5,3705,0,0,0,,0,001,"N MAGNOLIA AV","FLETCHER PKWY",0.00,,Y,A,-,N,,,,,,,,,,N,4,0,2,2,A,-,12,21453,A,F,D,C,A,A,H,-,A,A,0,,,,,Y,Y,A,07,0,0,2,0,0,0,0,0,0,"- ","- ",,,"SAN DIEGO","EL CAJON",-116.96436309814453,32.807788848876953