CASE_ID,ACCIDENT_YEAR,PROC_DATE,JURIS,COLLISION_DATE,COLLISION_TIME,OFFICER_ID,REPORTING_DISTRICT,DAY_OF_WEEK,CHP_SHIFT,POPULATION,CNTY_CITY_LOC,SPECIAL_COND,BEAT_TYPE,CHP_BEAT_TYPE,CITY_DIVISION_LAPD,CHP_BEAT_CLASS,BEAT_NUMBER,PRIMARY_RD,SECONDARY_RD,DISTANCE,DIRECTION,INTERSECTION,WEATHER_1,WEATHER_2,STATE_HWY_IND,CALTRANS_COUNTY,CALTRANS_DISTRICT,STATE_ROUTE,ROUTE_SUFFIX,POSTMILE_PREFIX,POSTMILE,LOCATION_TYPE,RAMP_INTERSECTION,SIDE_OF_HWY,TOW_AWAY,COLLISION_SEVERITY,NUMBER_KILLED,NUMBER_INJURED,PARTY_COUNT,PRIMARY_COLL_FACTOR,PCF_CODE_OF_VIOL,PCF_VIOL_CATEGORY,PCF_VIOLATION,PCF_VIOL_SUBSECTION,HIT_AND_RUN,TYPE_OF_COLLISION,MVIW,PED_ACTION,ROAD_SURFACE,ROAD_COND_1,ROAD_COND_2,LIGHTING,CONTROL_DEVICE,CHP_ROAD_TYPE,PEDESTRIAN_ACCIDENT,BICYCLE_ACCIDENT,MOTORCYCLE_ACCIDENT,TRUCK_ACCIDENT,NOT_PRIVATE_PROPERTY,ALCOHOL_INVOLVED,STWD_VEHTYPE_AT_FAULT,CHP_VEHTYPE_AT_FAULT,COUNT_SEVERE_INJ,COUNT_VISIBLE_INJ,COUNT_COMPLAINT_PAIN,COUNT_PED_KILLED,COUNT_PED_INJURED,COUNT_BICYCLIST_KILLED,COUNT_BICYCLIST_INJURED,COUNT_MC_KILLED,COUNT_MC_INJURED,PRIMARY_RAMP,SECONDARY_RAMP,LATITUDE,LONGITUDE,COUNTY,CITY,POINT_X,POINT_Y
9367185,2021,2021-11-24,3710,2021-11-12,0720,OC1464,,5,5,6,3710,0,0,0,,0,014,"RT 76","FOUSSAT RD",690.00,E,N,A,-,Y,SD,11,76,-,M,2.710,H,-,W,Y,3,0,2,3,A,-,03,22350,,N,C,C,A,A,H,-,A,A,0,,,,,Y,Y,A,01,0,1,1,0,0,0,0,0,0,"- ","- ",,,"SAN DIEGO",OCEANSIDE,-117.34178161621094,33.219188690185547
9367487,2021,2021-12-17,3711,2021-11-17,2356,SD7802,,3,5,7,3711,0,0,0,,0,836,"FAIRMOUNT AV","MAPLE AV",0.00,,Y,A,-,N,,,,,,,,,,Y,4,0,1,1,A,-,08,22107,,N,A,I,A,A,H,-,C,D,0,,,,,Y,Y,A,01,0,0,1,0,0,0,0,0,0,"- ","- ",,,"SAN DIEGO","SAN DIEGO",-117.10105895996094,32.733360290527344
9367492,2021,2021-12-17,3711,2021-11-08,0920,SD1305,,1,5,7,3711,0,0,0,,0,512,"S 30TH ST","S 30TH ST 300",0.00,,Y,A,-,N,,,,,,,,,,N,3,0,2,3,A,-,"- ",,,N,A,C,F,A,H,-,A,D,0,Y,,,,Y,Y,A,01,0,1,1,0,1,0,0,0,0,"- ","- ",,,"SAN DIEGO","SAN DIEGO",-117.12953948974609,32.705307006835938
9367496,2021,2021-12-17,3711,2021-11-07,1700,SD8684,,7,5,7,3711,0,0,0,,0,124,"LA JOLLA SCENIC DR S","RUTGERS RD",0.00,,Y,B,-,N,,,,,,,,,,Y,2,0,3,2,A,-,03,22350,,N,A,C,A,A,H,-,D,D,0,,,,,Y,Y,A,07,1,2,0,0,0,0,0,0,0,"- ","- ",,,"SAN DIEGO","SAN DIEGO",-117.25538635253906,32.824268341064453
9367697,2021,2021-12-22,3711,2021-11-21,1700,SD7840,,7,5,7,3711,0,0,0,,0,824,FAIRMOUNT,"CAMINO DEL RIO N",950.00,S,N,A,-,N,,,,,,,,,,Y,4,0,1,2,A,-,08,38314,,M,B,C,A,A,H,-,B,A,0,,,,,Y,Y,-,,0,0,1,0,0,0,0,0,0,"- ","- ",,,"SAN DIEGO","SAN DIEGO",-117.10073852539062,32.777748107910156
9367698,2021,2021-12-22,3711,2021-11-21,0450,SD1086,,7,5,7,3711,0,0,0,,0,122,"GRAND AV","EVERTS ST",41.00,W,N,B,-,N,,,,,,,,,,N,3,0,2,2,A,-,11,21950,B,N,G,B,D,A,H,-,C,A,0,Y,,,,Y,Y,N,60,0,2,0,0,1,0,0,0,0,"- ","- ",,,"SAN DIEGO","SAN DIEGO",-117.24774169921875,32.796302795410156
9367704,2021,2021-12-16,3711,2021-11-22,1510,SD7973,,1,5,7,3711,0,0,0,,0,621,"TAIT ST","WESTINGHOUSE ST",104.00,E,N,A,-,N,,,,,,,,,,N,3,0,1,2,A,-,08,22107,,N,B,C,A,A,H,-,A,D,0,,,,,Y,Y,A,01,0,1,0,0,0,0,0,0,0,"- ","- ",,,"SAN DIEGO","SAN DIEGO",-117.16857147216797,32.781154632568359
9367909,2021,2021-12-08,3711,2021-10-23,0100,SD8695,,6,5,7,3711,0,0,0,,0,122,"THOMAS AV","LAMOUNT ST",0.00,,Y,A,-,N,,,,,,,,,,N,3,0,1,1,A,-,08,22107,,N,H,A,A,A,H,-,C,A,0,,,,,Y,Y,-,,0,1,0,0,0,0,0,0,0,"- ","- ",,,"SAN DIEGO","SAN DIEGO",-117.23439788818359,32.798053741455078
9367967,2021,2021-12-08,3711,2021-10-17,2254,SD7185,,7,5,7,3711,0,0,0,,0,312,"SANTO RD","ORLECK ST",526.00,S,N,B,-,N,,,,,,,,,,N,4,0,1,1,A,-,08,22107,,N,E,I,A,A,H,-,D,D,0,,,,,Y,Y,A,01,0,0,1,0,0,0,0,0,0,"- ","- ",,,"SAN DIEGO","SAN DIEGO",-117.10405731201172,32.818111419677734
9369173,2021,2021-12-15,3711,2021-11-29,1800,SD6176,,1,5,7,3711,0,0,0,,0,431,"EUDLID AV","HILLTOP DR",230.00,S,N,A,-,N,,,,,,,,,,Y,4,0,1,2,A,-,08,22107,,N,B,E,A,A,H,-,C,D,0,,,,,Y,Y,A,08,0,0,1,0,0,0,0,0,0,"- ","- ",,,"SAN DIEGO","SAN DIEGO",-117.085024,32.714348000000001
9369238,2021,2021-12-23,3700,2021-11-20,2249,SH0690,,6,5,5,3712,0,0,0,,0,359,"WEST SAN MARCOS BL","W SAN MARCOS BL 1001",0.00,,N,A,-,N,,,,,,,,,,N,4,0,1,2,A,-,11,21955,,N,E,B,D,A,H,-,C,D,0,Y,,,,Y,Y,N,60,0,0,1,0,1,0,0,0,0,"- ","- ",,,"SAN DIEGO","SAN MARCOS",-117.18491363525391,33.135597229003906
9369241,2021,2021-12-23,3708,2021-11-21,0522,LM1282,,7,5,5,3708,0,0,0,,0,003,"LAKE MURRAY BL","STADLER ST",21.00,N,N,A,-,N,,,,,,,,,,Y,3,0,1,1,A,-,01,23152,B,N,E,I,A,A,H,-,C,D,0,,,,,Y,Y,A,01,0,1,0,0,0,0,0,0,0,"- ","- ",,,"SAN DIEGO","LA MESA",-117.02515411376953,32.786548614501953
9369279,2021,2022-01-11,3711,2021-12-05,0507,SD7862,,7,5,7,3711,0,0,0,,0,312,"CLAMAGORO CIR","MINUTEMAN DR",475.00,E,N,A,-,N,,,,,,,,,,Y,4,0,1,5,A,-,08,22107,,N,B,E,A,A,H,-,C,D,0,,,,,Y,Y,A,01,0,0,1,0,0,0,0,0,0,"- ","- ",,,"SAN DIEGO","SAN DIEGO",-117.1083984375,32.802547454833984
9369280,2021,2022-01-11,3711,2021-12-05,1900,SD5679,,7,5,7,3711,0,0,0,,0,233,"SUNDANCE AV","WAR HORSE ST",86.00,E,N,A,-,N,,,,,,,,,,Y,4,0,1,3,A,-,08,22107,,N,B,E,A,A,H,-,C,D,0,,,,,Y,Y,D,22,0,0,1,0,0,0,0,0,0,"- ","- ",,,"SAN DIEGO","SAN DIEGO",-117.14048767089844,32.9556884765625
9369737,2021,2022-01-05,3711,2021-12-05,0041,SD8861,,7,5,7,3711,0,0,0,,0,524,"1ST AV","A ST",73.00,S,N,A,-,N,,,,,,,,,,Y,4,0,1,2,A,-,03,22350,,N,C,C,A,A,H,-,C,A,0,,,,,Y,Y,A,01,0,0,1,0,0,0,0,0,0,"- ","- ",,,"SAN DIEGO","SAN DIEGO",-117.16384887695312,32.718631744384766
9369805,2021,2022-01-04,3711,2021-12-04,2210,SD1542,,6,5,7,3711,0,0,0,,0,311,"SUCCESS AV","MARATHON DR",0.00,,Y,A,-,N,,,,,,,,,,Y,3,0,1,5,A,-,08,22107,,N,B,E,A,A,H,-,C,D,0,,,,,Y,Y,A,08,0,1,0,0,0,0,0,0,0,"- ","- ",,,"SAN DIEGO","SAN DIEGO",-117.12734985351562,32.805820465087891
9369922,2021,2022-01-21,3700,2021-12-07,1742,SH0113,,2,5,5,3713,0,0,0,,0,303,"EAST VISTA WY","ARCADIA AV",107.00,N,N,A,-,N,,,,,,,,,,Y,3,0,1,2,A,-,01,23152,A,N,D,C,A,A,H,-,C,D,0,,,,,Y,Y,D,22,0,1,0,0,0,0,0,0,0,"- ","- ",,,"SAN DIEGO",VISTA,-117.22614288330078,33.225193023681641
9369987,2021,2022-01-18,3711,2021-12-08,0302,SD1134,,3,5,7,3711,0,0,0,,0,838,"ORANGE AV","SWIFT AV",35.00,W,N,A,-,N,,,,,,,,,,Y,2,0,1,2,A,-,08,22107,,N,C,E,A,A,H,-,C,D,0,,,,,Y,Y,A,01,1,0,0,0,0,0,0,0,0,"- ","- ",,,"SAN DIEGO","SAN DIEGO",-117.11935424804688,32.753292083740234
9370022,2021,2022-01-12,3711,2021-12-16,0002,SD1511,,4,5,7,3711,0,0,0,,0,521,"11TH AV","F ST",0.00,,Y,A,-,N,,,,,,,,,,Y,4,0,1,2,A,-,12,21453,A,N,D,C,A,-,H,-,C,A,0,,,,,Y,Y,A,01,0,0,1,0,0,0,0,0,0,"- ","- ",,,"SAN DIEGO","SAN DIEGO",-117.15469360351562,32.713642120361328
9370023,2021,2022-01-11,3711,2021-12-15,2212,SD4310,,3,5,7,3711,0,0,0,,0,612,"POINSETTIA DR","NIPOMA ST",47.00,N,N,A,-,N,,,,,,,,,,Y,4,0,3,1,A,-,08,22107,,N,E,I,A,A,H,-,C,D,0,,,,,Y,Y,A,01,0,0,3,0,0,0,0,0,0,"- ","- ",,,"SAN DIEGO","SAN DIEGO",-117.22437286376953,32.746833801269531
9370042,2021,2022-01-12,3711,2021-12-13,1920,SD7873,,1,5,7,3711,0,0,0,,0,515,"IMPERIAL AV","28TH ST",210.00,E,N,C,-,N,,,,,,,,,,N,3,0,2,1,A,-,08,38314,,N,A,I,A,B,H,-,C,D,0,,,,,Y,Y,A,01,0,1,1,0,0,0,0,0,0,"- ","- ",,,"SAN DIEGO","SAN DIEGO",-117.13323211669922,32.706378936767578
9370067,2021,2022-08-08,3711,2021-12-11,1515,SD8684,,6,5,7,3711,0,0,0,,0,122,"CASS ST","HORNBLEND ST",0.00,,Y,A,-,N,,,,,,,,,,N,3,0,1,1,C,-,18,,,N,H,J,A,A,G,-,A,D,0,,,,,Y,Y,-,"- ",0,1,0,0,0,0,0,0,0,"- ","- ",,,"SAN DIEGO","SAN DIEGO",-117.25155639648438,32.796432495117188
9370080,2021,2022-01-12,3711,2021-12-11,2004,SD7615,,6,5,7,3711,0,0,0,,0,441,"S 39TH ST","FLORENCE ST",80.00,S,N,A,-,N,,,,,,,,,,N,4,0,1,2,A,-,08,22107,,N,B,C,A,A,H,-,C,D,0,,,,,Y,Y,A,01,0,0,1,0,0,0,0,0,0,"- ","- ",,,"SAN DIEGO","SAN DIEGO",-117.11031341552734,32.697769165039062
9370101,2021,2021-12-23,3702,2021-10-25,0125,CV1337,,1,5,6,3702,0,0,0,,0,022,"4TH AV","L ST",3.00,S,N,A,-,N,,,,,,,,,,Y,3,0,1,1,A,-,01,23152,A,N,A,I,A,A,H,-,C,A,0,,,,,Y,Y,A,07,0,1,0,0,0,0,0,0,0,"- ","- ",,,"SAN DIEGO","CHULA VISTA",-117.07589721679688,32.619441986083984
9370106,2021,2021-12-23,3702,2021-10-24,2215,CV1356,,7,5,6,3702,0,0,0,,0,011,"WOODLAWN AV","FLOWER ST",0.00,,Y,A,-,N,,,,,,,,,,Y,3,0,1,2,A,-,01,23152,A,N,D,E,A,A,H,-,C,D,0,,,,,Y,Y,A,07,0,1,0,0,0,0,0,0,0,"- ","- ",,,"SAN DIEGO","CHULA VISTA",-117.09815979003906,32.641929626464844
9370927,2021,2022-01-11,3709,2021-12-11,2252,NC0525,,6,5,5,3709,0,0,0,,0,023,"VALLEY RD","VALLEY RD 2621",342.00,W,N,A,-,N,,,,,,,,,,Y,4,0,2,2,A,-,01,23152,A,N,C,C,A,A,H,-,C,D,0,,,,,Y,Y,A,01,0,0,2,0,0,0,0,0,0,"- ","- ",,,"SAN DIEGO","NATIONAL CITY",,
9370928,2021,2022-01-07,3709,2021-12-10,1505,NC0530,,5,5,5,3709,0,0,0,,0,021,"EAST 16TH ST","EARLE DR",0.00,,Y,A,-,N,,,,,,,,,,Y,2,0,1,2,A,-,03,22350,,N,C,J,A,A,H,-,A,D,0,,,Y,,Y,Y,C,02,1,0,0,0,0,0,0,0,1,"- ","- ",,,"SAN DIEGO","NATIONAL CITY",-117.0733642578125,32.677577972412109
9371073,2021,2021-12-17,3710,2021-11-07,0055,OC1479,,7,5,6,3710,0,0,0,,0,018,"EL CAMINO REAL","OCEANSIDE BL",0.00,,Y,A,-,N,,,,,,,,,,Y,4,0,2,2,A,-,09,21453,C,N,A,C,A,A,H,-,C,A,0,,,,,Y,Y,J,48,0,0,2,0,0,0,0,0,0,"- ","- ",,,"SAN DIEGO",OCEANSIDE,-117.33220672607422,33.201828002929688
9371156,2021,2021-11-29,3711,2021-11-10,1930,SD7799,,3,5,7,3711,0,0,0,,0,234,"ESCALA DR","BERNARDO CENTER DR",90.00,N,N,A,-,N,,,,,,,,,,N,4,0,1,2,A,-,17,21462,,N,B,C,A,A,H,-,C,A,0,,,,,Y,Y,A,01,0,0,1,0,0,0,0,0,0,"- ","- ",,,"SAN DIEGO","SAN DIEGO",-117.07537078857422,33.032455444335938
9371157,2021,2021-12-03,3703,2021-11-08,1907,1118,2,1,5,3,3703,0,0,0,,0,002,"9TH ST","ORANGE AV",0.00,,Y,A,-,Y,SD,11,75,-,-,19.050,I,5,S,Y,4,0,2,2,A,-,09,21802,A,N,D,C,A,A,H,-,C,A,0,,,,,Y,Y,A,07,0,0,2,0,0,0,0,0,0,"- ","- ",32.687320709228516,-117.17902374267578,"SAN DIEGO",CORONADO,-117.17913818359375,32.6873779296875
9371205,2021,2021-12-13,3710,2021-11-14,2058,OC1177,,7,5,6,3710,0,0,0,,0,026,"EL CAMINO REAL","INDUSTRY ST",250.00,S,N,A,-,N,,,,,,,,,,Y,3,0,2,2,B,-,22,,,N,C,C,A,A,H,-,C,D,0,,,,,Y,Y,J,48,0,1,1,0,0,0,0,0,0,"- ","- ",,,"SAN DIEGO",OCEANSIDE,-117.33090972900391,33.199798583984375
9371371,2021,2021-12-22,3700,2021-12-05,1923,SH3183,,7,5,5,3713,0,0,0,,0,316,"SYCAMORE AV","RT 78",65.00,S,N,A,-,Y,SD,11,78,-,-,9.234,R,4,E,Y,4,0,1,3,A,-,01,23152,A,N,C,C,A,A,H,-,C,A,0,,,,,Y,Y,A,01,0,0,1,0,0,0,0,0,0,"- ",EO,,,"SAN DIEGO",VISTA,-117.21334838867188,33.165340423583984
9372473,2021,2021-11-30,3702,2021-09-25,2200,CV1306,,6,5,6,3702,0,0,0,,0,041,"E PALOMAR","MONARCHE DR",30.00,W,N,A,-,N,,,,,,,,,,Y,3,0,1,2,A,-,01,23152,A,N,B,C,A,A,H,-,C,A,0,,,,,Y,Y,A,01,0,1,0,0,0,0,0,0,0,"- ","- ",,,"SAN DIEGO","CHULA VISTA",-116.99899291992188,32.623451232910156
9372769,2021,2021-12-14,3708,2021-11-18,0840,LM1269,,4,5,5,3708,0,0,0,,0,003,"BALTIMORE DR","FLETCHER PKWY",0.00,,Y,A,-,N,,,,,,,,,,N,3,0,1,2,A,-,11,21954,A,N,G,B,D,A,H,-,C,A,0,Y,,,,Y,Y,N,60,0,1,0,0,1,0,0,0,0,"- ","- ",,,"SAN DIEGO","LA MESA",-117.02743530273438,32.773868560791016
9372804,2021,2021-12-16,3711,2021-11-19,1849,SD7555,,5,5,7,3711,0,0,0,,0,934,"DEL MAR HEIGHTS RD","PASEO PL",360.00,W,N,A,-,N,,,,,,,,,,Y,4,0,1,3,A,-,03,22350,,N,C,A,A,A,H,-,C,D,0,,,,,Y,Y,A,01,0,0,1,0,0,0,0,0,0,"- ","- ",,,"SAN DIEGO","SAN DIEGO",-117.23764038085938,32.95245361328125
9372810,2021,2021-12-27,3711,2021-11-20,0100,SD7824,,6,5,7,3711,0,0,0,,0,122,"PACIFIC BEACH DR","PACIFIC BEACH DR 1300",0.00,,N,A,-,N,,,,,,,,,,N,3,0,1,2,A,-,12,21453,A,N,D,C,A,A,H,-,C,A,0,,,Y,,Y,Y,C,03,0,1,0,0,0,0,0,0,1,"- ","- ",,,"SAN DIEGO","SAN DIEGO",-117.18054962158203,32.738903045654297
9372811,2021,2021-12-27,3711,2021-11-19,2328,SD7390,,5,5,7,3711,0,0,0,,0,122,"GARNET AV","MISSION BL",200.00,E,N,A,-,N,,,,,,,,,,N,4,0,1,1,A,-,03,22350,,N,H,A,A,A,H,-,C,A,0,,,,,Y,Y,-,,0,0,1,0,0,0,0,0,0,"- ","- ",,,"SAN DIEGO","SAN DIEGO",-117.25486755371094,32.796722412109375
9372813,2021,2021-12-15,3711,2021-11-19,1750,SD8684,,5,5,7,3711,0,0,0,,0,115,"GENESEE AV","GENESEE AV 6200",0.00,,N,B,-,N,,,,,,,,,,Y,3,0,2,2,A,-,05,21650,,N,A,C,A,A,H,-,C,D,0,,,,,Y,Y,A,01,0,2,0,0,0,0,0,0,0,"- ","- ",,,"SAN DIEGO","SAN DIEGO",-117.20510101318359,32.856559753417969
9373307,2021,2021-12-17,3711,2021-11-20,0020,SD4310,,6,5,7,3711,0,0,0,,0,627,"4TH AV","PENNSYLVANIA AV",0.00,,Y,A,-,N,,,,,,,,,,N,3,0,1,2,D,-,00,,,M,G,B,D,A,H,-,C,A,0,Y,,,,Y,Y,-,"- ",0,1,0,0,1,0,0,0,0,"- ","- ",,,"SAN DIEGO","SAN DIEGO",-117.16162109375,32.745140075683594
9373312,2021,2021-12-17,3711,2021-11-25,0751,SD6750,,4,5,7,3711,0,0,0,,0,528,"STATE ST","WEST LAUREL ST",0.00,,Y,A,-,N,,,,,,,,,,N,4,0,1,2,C,-,18,,,M,D,C,A,A,H,-,A,A,0,,,,,Y,Y,-,"- ",0,0,1,0,0,0,0,0,0,"- ","- ",,,"SAN DIEGO","SAN DIEGO",-117.16944122314453,32.730850219726562
9373313,2021,2021-12-17,3711,2021-11-25,1056,SD7737,,4,5,7,3711,0,0,0,,0,521,"L ST","14TH ST",45.00,E,N,A,-,N,,,,,,,,,,N,4,0,1,2,A,-,11,21950,B,N,G,B,E,A,H,-,A,D,0,Y,,,,Y,Y,N,60,0,0,1,0,1,0,0,0,0,"- ","- ",,,"SAN DIEGO","SAN DIEGO",-117.1517333984375,32.707370758056641
9373316,2021,2021-12-17,3711,2021-11-20,1925,SD8684,,6,5,7,3711,0,0,0,,0,121,"MISSION BL","WEST MISSION BAY DR",0.00,,Y,B,-,N,,,,,,,,,,Y,4,0,1,1,A,-,03,22350,,N,E,I,A,A,H,-,C,A,0,,,,,Y,Y,A,01,0,0,1,0,0,0,0,0,0,"- ","- ",,,"SAN DIEGO","SAN DIEGO",-117.25112915039062,32.772041320800781
9373317,2021,2021-12-17,3711,2021-11-21,0157,SD1575,,7,5,7,3711,0,0,0,,0,614,"SUNSET CLIFFS BL","SEA WORLD DR",180.00,S,N,A,-,N,,,,,,,,,,Y,4,0,1,1,A,-,01,23152,A,N,A,I,A,A,H,-,C,D,0,,,,,Y,Y,A,01,0,0,1,0,0,0,0,0,0,"- ","- ",,,"SAN DIEGO","SAN DIEGO",-117.23133850097656,32.760883331298828
9373318,2021,2021-12-17,3711,2021-11-23,2245,SD1087,,2,5,7,3711,0,0,0,,0,441,"LOGAN AV","LOGAN AV 4585",0.00,,Y,A,-,N,,,,,,,,,,N,4,0,2,3,A,-,08,22107,,N,A,C,A,A,H,-,C,D,0,,,,,Y,Y,A,01,0,0,2,0,0,0,0,0,0,"- ","- ",,,"SAN DIEGO","SAN DIEGO",,
9373359,2021,2022-01-04,3711,2021-11-21,0021,SD1570,,7,5,7,3711,0,0,0,,0,242,"MERCY RD","KIKA CT",0.00,,Y,A,-,N,,,,,,,,,,N,4,0,1,1,A,-,03,22350,,N,H,J,A,A,H,-,C,A,0,,,,,Y,Y,A,01,0,0,1,0,0,0,0,0,0,"- ","- ",,,"SAN DIEGO","SAN DIEGO",-117.11476898193359,32.940864562988281
9373669,2021,2021-12-27,3711,2021-11-29,1120,SD1193,,1,5,7,3711,0,0,0,,0,434,"SAN VICENTE ST","SAWTELLE  AV",0.00,,Y,-,-,N,,,,,,,,,,N,4,0,1,2,B,-,22,,,M,B,C,A,A,H,-,A,D,0,,,,,Y,Y,A,01,0,0,1,0,0,0,0,0,0,"- ","- ",,,"SAN DIEGO","SAN DIEGO",-117.02693176269531,32.711795806884766
9374073,2021,2021-12-28,3700,2021-11-19,1829,SH0029,,5,5,5,3713,0,0,0,,0,315,"SYCAMORE AV","SHADOWRIDGE DR",55.00,S,N,A,-,N,,,,,,,,,,Y,4,0,2,3,A,-,01,23152,A,N,C,C,A,A,H,-,C,A,0,,,,,Y,Y,A,01,0,0,2,0,0,0,0,0,0,"- ","- ",,,"SAN DIEGO",VISTA,-117.21691131591797,33.164459228515625
9374088,2021,2021-12-20,3700,2021-11-11,2045,SH0029,,4,5,5,3713,0,0,0,,0,302,"EAST VISTA WY","E TAYLOR ST",330.00,S,N,A,-,N,,,,,,,,,,Y,4,0,1,3,A,-,09,21804,A,N,A,C,A,A,H,-,C,D,0,,,,,Y,Y,A,01,0,0,1,0,0,0,0,0,0,"- ","- ",,,"SAN DIEGO",VISTA,-117.22614288330078,33.226177215576172
9374092,2021,2021-12-22,3700,2021-11-14,1404,SH2439,,7,5,5,3713,0,0,0,,0,315,"THIBIDO RD","SYCAMORE AV",35.00,W,N,A,-,N,,,,,,,,,,Y,2,0,2,4,A,-,01,23152,A,F,D,C,A,A,H,-,A,A,0,,,,,Y,Y,A,01,1,0,1,0,0,0,0,0,0,"- ","- ",,,"SAN DIEGO",VISTA,-117.21582794189453,33.165939331054688
9374484,2021,2022-01-07,3710,2021-12-02,2224,OC1478,,4,5,6,3710,0,0,0,,0,025,"RANCHO DEL ORO RD","OCEANSIDE BL",0.00,,Y,A,-,N,,,,,,,,,,Y,3,0,1,1,A,-,01,23152,A,N,E,I,A,A,H,-,C,D,0,,,,,Y,Y,A,01,0,1,0,0,0,0,0,0,0,"- ","- ",,,"SAN DIEGO",OCEANSIDE,-117.31101989746094,33.203197479248047
9374495,2021,2022-01-07,3710,2021-12-06,2121,OC1420,,1,5,6,3710,0,0,0,,0,001,"NORTH PACIFIC ST","HARBOR DR",0.00,,Y,A,-,N,,,,,,,,,,Y,3,0,2,1,A,-,01,23152,A,N,E,I,A,A,H,-,C,A,0,,,,,Y,Y,A,01,0,1,1,0,0,0,0,0,0,"- ","- ",,,"SAN DIEGO",OCEANSIDE,-117.39155578613281,33.203212738037109
9374657,2021,2021-12-14,3710,2021-11-22,0241,OC1095,,1,5,6,3710,0,0,0,,0,013,"COLLEGE BL","VISTA WY",280.00,N,N,A,-,N,,,,,,,,,,Y,4,0,1,1,A,-,03,22350,,M,E,I,A,A,H,-,C,D,0,,,,,Y,Y,A,01,0,0,1,0,0,0,0,0,0,"- ","- ",,,"SAN DIEGO",OCEANSIDE,-117.29658508300781,33.184764862060547
9374658,2021,2021-12-20,3710,2021-11-23,2225,OC1432,,2,5,6,3710,0,0,0,,0,006,"CIVIC CENTER DR","N COAST HIGHWAY",0.00,,Y,A,-,N,,,,,,,,,,Y,4,0,1,2,A,-,03,22350,,N,D,C,A,A,H,-,C,A,0,,,,,Y,Y,A,01,0,0,1,0,0,0,0,0,0,"- ","- ",,,"SAN DIEGO",OCEANSIDE,-117.38095855712891,33.197589874267578
9374660,2021,2021-12-14,3710,2021-11-09,1400,OC1129,,2,5,6,3710,0,0,0,,0,016,"DOUGLAS DR","OLD RIVER ST",0.00,,Y,A,-,N,,,,,,,,,,N,3,0,1,2,A,-,10,21950,A,N,G,G,A,A,H,-,A,A,0,,Y,,,Y,Y,A,01,0,1,0,0,0,0,1,0,0,"- ","- ",,,"SAN DIEGO",OCEANSIDE,-117.32260894775391,33.241733551025391
9375032,2021,2021-12-14,3709,2021-11-22,1233,NC0449,,1,5,5,3709,0,0,0,,0,020,"NATIONAL CITY BL","16TH ST",52.00,N,N,A,-,N,,,,,,,,,,Y,4,0,1,1,A,-,01,23152,G,N,E,I,A,A,H,-,A,D,0,,,,,Y,Y,A,01,0,0,1,0,0,0,0,0,0,"- ","- ",,,"SAN DIEGO","NATIONAL CITY",-117.104248046875,32.669075012207031
9375054,2021,2021-12-10,3709,2021-10-21,1330,NC0528,,4,5,5,3709,0,0,0,,0,023,"E 30TH","L AV",0.00,,Y,A,-,N,,,,,,,,,,N,4,0,1,2,A,-,10,21950,A,F,B,B,-,A,H,-,A,A,0,Y,,,,Y,Y,-,,0,0,1,0,1,0,0,0,0,"- ","- ",,,"SAN DIEGO","NATIONAL CITY",-117.08726501464844,32.660270690917969
9375422,2021,2021-12-23,3705,2021-10-26,0043,EC0419,,2,5,5,3705,0,0,0,,0,003,"PEPPER DR","JAMINE ST",24.00,S,N,A,-,N,,,,,,,,,,Y,3,0,1,3,A,-,01,23152,A,N,C,E,A,A,H,-,C,D,0,,,,,Y,Y,D,22,0,1,0,0,0,0,0,0,0,"- ","- ",,,"SAN DIEGO","EL CAJON",-116.91802215576172,32.816398620605469
9375681,2021,2021-12-31,3702,2021-11-06,2115,CV0815,,6,5,6,3702,0,0,0,,0,021,BROADWAY,"ARIZONA ST",165.00,N,N,A,-,N,,,,,,,,,,Y,3,0,4,2,A,-,01,23152,A,N,C,C,A,A,H,-,C,A,0,,,,,Y,Y,A,01,0,2,2,0,0,0,0,0,0,"- ","- ",,,"SAN DIEGO","CHULA VISTA",-117.08362579345703,32.615825653076172
9375983,2021,2021-12-23,3705,2021-10-14,2338,EC0289,,4,5,5,3705,0,0,0,,0,001,"S JOHNSON",RENETTE,96.00,N,N,A,-,N,,,,,,,,,,N,4,0,1,3,A,-,01,23152,A,F,B,C,A,A,H,-,C,A,0,,,,,Y,Y,A,07,0,0,1,0,0,0,0,0,0,"- ","- ",,,"SAN DIEGO","EL CAJON",-116.97087860107422,32.784282684326172
9376071,2021,2021-12-29,3711,2021-11-26,0201,SD4310,,5,5,7,3711,0,0,0,,0,327,"MONTEZUMA RD","EWING ST",242.00,E,N,A,-,N,,,,,,,,,,Y,4,0,2,2,A,-,08,22107,,N,C,E,A,A,H,-,C,D,0,,,,Y,Y,Y,A,01,0,0,2,0,0,0,0,0,0,"- ","- ",,,"SAN DIEGO","SAN DIEGO",-117.06174468994141,32.769977569580078
9376788,2021,2022-01-18,3710,2021-12-12,2329,OC1501,,7,5,6,3710,0,0,0,,0,010,"SAN DIEGO ST","MISSION AVE",31.00,E,N,A,-,N,,,,,,,,,,N,4,0,1,2,A,-,01,23153,A,F,C,C,A,A,H,-,C,D,0,,,,,Y,Y,A,01,0,0,1,0,0,0,0,0,0,"- ","- ",,,"SAN DIEGO",OCEANSIDE,-117.36907196044922,33.201778411865234
9377493,2021,2022-01-10,3710,2021-12-09,1833,OC1351,,4,5,6,3710,0,0,0,,0,011,"CAROLYN CIR","ROBERTA LN",300.00,E,N,A,-,N,,,,,,,,,,Y,4,0,1,4,A,-,01,23153,A,N,C,C,A,B,H,-,C,D,0,,,,,Y,Y,A,01,0,0,1,0,0,0,0,0,0,"- ","- ",,,"SAN DIEGO",OCEANSIDE,-117.34548187255859,33.213001251220703